#include "lvgl.h"

// KIT: bitmaps A8 (alpha-only, recoloriveis via
// lv_obj_set_style_image_recolor) gerados a partir da geometria exata
// que antes era composta em make_tool_icon() (kit_launcher.c) com varios
// lv_obj (icon_shape). Gerado por scratchpad/gen_icons.py — reexecutar o
// script se a geometria de algum icone mudar, nao editar os arrays a mao.

static const uint8_t kit_icon_dice_a8_map[] = {
    0x00, 0x00, 0x00, 0x00, 0x00, 0x00, 0x00, 0x00, 0x00, 0x00, 0x00, 0x00, 0x00, 0x00, 0x00, 0x00,
    0x00, 0x00, 0x00, 0x00, 0x00, 0x00, 0x00, 0x00, 0x00, 0x00, 0x00, 0x00, 0x00, 0x00, 0x00, 0x00,
    0x00, 0x00, 0x00, 0x00, 0x00, 0x00, 0x00, 0x00, 0x00, 0x00, 0x00, 0x00, 0x00, 0x00, 0x00, 0x00,
    0x00, 0x00, 0x00, 0x00, 0x00, 0x00, 0x00, 0x00, 0x00, 0x00, 0x00, 0x00, 0x00, 0x00, 0x00, 0x00,
    0x00, 0x00, 0x00, 0x00, 0x00, 0x00, 0x00, 0x00, 0x00, 0x00, 0x00, 0x00, 0x00, 0x00, 0x00, 0x00,
    0x00, 0x00, 0x00, 0x00, 0x00, 0x00, 0x00, 0x00, 0x00, 0x00, 0x00, 0x00, 0x00, 0x00, 0x00, 0x00,
    0x00, 0x00, 0x00, 0x00, 0x00, 0x00, 0x00, 0x00, 0x00, 0x00, 0x01, 0x01, 0x01, 0x01, 0x01, 0x01,
    0x01, 0x01, 0x01, 0x01, 0x01, 0x01, 0x00, 0x00, 0x00, 0x00, 0x00, 0x00, 0x00, 0x00, 0x00, 0x00,
    0x00, 0x00, 0x00, 0x00, 0x00, 0x00, 0x00, 0x00, 0x03, 0x02, 0x00, 0x00, 0x00, 0x00, 0x00, 0x00,
    0x00, 0x00, 0x00, 0x00, 0x00, 0x00, 0x02, 0x03, 0x00, 0x00, 0x00, 0x00, 0x00, 0x00, 0x00, 0x00,
    0x00, 0x00, 0x00, 0x00, 0x00, 0x00, 0x00, 0x02, 0x00, 0x00, 0x0F, 0x10, 0x10, 0x11, 0x11, 0x11,
    0x11, 0x11, 0x11, 0x10, 0x10, 0x0F, 0x00, 0x00, 0x02, 0x00, 0x00, 0x00, 0x00, 0x00, 0x00, 0x00,
    0x00, 0x00, 0x00, 0x00, 0x00, 0x00, 0x02, 0x00, 0x43, 0xB1, 0xE9, 0xED, 0xED, 0xED, 0xED, 0xED,
    0xED, 0xED, 0xED, 0xED, 0xED, 0xE9, 0xB1, 0x43, 0x00, 0x02, 0x00, 0x00, 0x00, 0x00, 0x00, 0x00,
    0x00, 0x00, 0x00, 0x00, 0x00, 0x02, 0x00, 0x65, 0xFF, 0xFF, 0xFF, 0xFF, 0xFF, 0xFF, 0xFF, 0xFF,
    0xFF, 0xFF, 0xFF, 0xFF, 0xFF, 0xFF, 0xFF, 0xFF, 0x65, 0x00, 0x02, 0x00, 0x00, 0x00, 0x00, 0x00,
    0x00, 0x00, 0x00, 0x00, 0x03, 0x00, 0x40, 0xFF, 0xFB, 0xFF, 0xFE, 0xEA, 0xEB, 0xF0, 0xED, 0xED,
    0xED, 0xED, 0xED, 0xEE, 0xED, 0xFC, 0xFF, 0xFB, 0xFF, 0x40, 0x00, 0x03, 0x00, 0x00, 0x00, 0x00,
    0x00, 0x00, 0x00, 0x00, 0x03, 0x01, 0xB7, 0xFE, 0xFD, 0xBD, 0x23, 0x1D, 0x1C, 0x07, 0x11, 0x10,
    0x11, 0x11, 0x11, 0x12, 0x13, 0x2D, 0xBB, 0xFE, 0xFE, 0xB7, 0x01, 0x03, 0x00, 0x00, 0x00, 0x00,
    0x00, 0x00, 0x00, 0x01, 0x00, 0x10, 0xEC, 0xFF, 0xF9, 0x1A, 0x36, 0xDF, 0xDD, 0x40, 0x00, 0x00,
    0x00, 0x00, 0x00, 0x00, 0x00, 0x00, 0x24, 0xF6, 0xFF, 0xEC, 0x10, 0x00, 0x01, 0x00, 0x00, 0x00,
    0x00, 0x00, 0x00, 0x01, 0x00, 0x11, 0xED, 0xFF, 0xE9, 0x17, 0xE6, 0xFF, 0xFF, 0xEA, 0x0F, 0x02,
    0x02, 0x01, 0x01, 0x01, 0x02, 0x02, 0x0E, 0xEC, 0xFF, 0xED, 0x11, 0x00, 0x01, 0x00, 0x00, 0x00,
    0x00, 0x00, 0x00, 0x01, 0x00, 0x11, 0xED, 0xFF, 0xEB, 0x1B, 0xE4, 0xFF, 0xFF, 0xE9, 0x0E, 0x01,
    0x01, 0x00, 0x00, 0x00, 0x01, 0x00, 0x12, 0xED, 0xFF, 0xED, 0x11, 0x00, 0x01, 0x00, 0x00, 0x00,
    0x00, 0x00, 0x00, 0x01, 0x00, 0x11, 0xED, 0xFF, 0xF0, 0x06, 0x41, 0xE2, 0xE2, 0x45, 0x00, 0x02,
    0x00, 0x00, 0x00, 0x00, 0x01, 0x00, 0x11, 0xED, 0xFF, 0xED, 0x11, 0x00, 0x01, 0x00, 0x00, 0x00,
    0x00, 0x00, 0x00, 0x01, 0x00, 0x11, 0xED, 0xFF, 0xED, 0x13, 0x00, 0x0C, 0x0A, 0x00, 0x00, 0x00,
    0x00, 0x00, 0x00, 0x00, 0x01, 0x00, 0x11, 0xED, 0xFF, 0xED, 0x11, 0x00, 0x01, 0x00, 0x00, 0x00,
    0x00, 0x00, 0x00, 0x01, 0x00, 0x11, 0xED, 0xFF, 0xED, 0x11, 0x02, 0x00, 0x00, 0x02, 0x00, 0x00,
    0x00, 0x00, 0x00, 0x01, 0x02, 0x00, 0x11, 0xED, 0xFF, 0xED, 0x11, 0x00, 0x01, 0x00, 0x00, 0x00,
    0x00, 0x00, 0x00, 0x01, 0x00, 0x11, 0xED, 0xFF, 0xED, 0x11, 0x00, 0x02, 0x01, 0x00, 0x00, 0x00,
    0x00, 0x00, 0x02, 0x00, 0x00, 0x02, 0x11, 0xED, 0xFF, 0xED, 0x11, 0x00, 0x01, 0x00, 0x00, 0x00,
    0x00, 0x00, 0x00, 0x01, 0x00, 0x11, 0xED, 0xFF, 0xED, 0x11, 0x00, 0x01, 0x00, 0x00, 0x00, 0x00,
    0x00, 0x00, 0x00, 0x0A, 0x0C, 0x00, 0x13, 0xED, 0xFF, 0xED, 0x11, 0x00, 0x01, 0x00, 0x00, 0x00,
    0x00, 0x00, 0x00, 0x01, 0x00, 0x11, 0xED, 0xFF, 0xED, 0x11, 0x00, 0x01, 0x00, 0x00, 0x00, 0x00,
    0x02, 0x00, 0x45, 0xE2, 0xE2, 0x41, 0x06, 0xF0, 0xFF, 0xED, 0x11, 0x00, 0x01, 0x00, 0x00, 0x00,
    0x00, 0x00, 0x00, 0x01, 0x00, 0x11, 0xED, 0xFF, 0xED, 0x12, 0x00, 0x01, 0x00, 0x00, 0x00, 0x01,
    0x01, 0x0E, 0xE9, 0xFF, 0xFF, 0xE4, 0x1B, 0xEB, 0xFF, 0xED, 0x11, 0x00, 0x01, 0x00, 0x00, 0x00,
    0x00, 0x00, 0x00, 0x01, 0x00, 0x11, 0xED, 0xFF, 0xEC, 0x0E, 0x02, 0x02, 0x01, 0x01, 0x01, 0x02,
    0x02, 0x0F, 0xEA, 0xFF, 0xFF, 0xE6, 0x17, 0xE9, 0xFF, 0xED, 0x11, 0x00, 0x01, 0x00, 0x00, 0x00,
    0x00, 0x00, 0x00, 0x01, 0x00, 0x10, 0xEC, 0xFF, 0xF6, 0x24, 0x00, 0x00, 0x00, 0x00, 0x00, 0x00,
    0x00, 0x00, 0x40, 0xDD, 0xDF, 0x36, 0x1A, 0xF9, 0xFF, 0xEC, 0x10, 0x00, 0x01, 0x00, 0x00, 0x00,
    0x00, 0x00, 0x00, 0x00, 0x03, 0x01, 0xB7, 0xFE, 0xFE, 0xBB, 0x2D, 0x13, 0x12, 0x11, 0x11, 0x11,
    0x10, 0x11, 0x07, 0x1C, 0x1D, 0x23, 0xBD, 0xFD, 0xFE, 0xB7, 0x01, 0x03, 0x00, 0x00, 0x00, 0x00,
    0x00, 0x00, 0x00, 0x00, 0x03, 0x00, 0x40, 0xFF, 0xFB, 0xFF, 0xFC, 0xED, 0xEE, 0xED, 0xED, 0xED,
    0xED, 0xED, 0xF0, 0xEB, 0xEA, 0xFE, 0xFF, 0xFB, 0xFF, 0x40, 0x00, 0x03, 0x00, 0x00, 0x00, 0x00,
    0x00, 0x00, 0x00, 0x00, 0x00, 0x02, 0x00, 0x65, 0xFF, 0xFF, 0xFF, 0xFF, 0xFF, 0xFF, 0xFF, 0xFF,
    0xFF, 0xFF, 0xFF, 0xFF, 0xFF, 0xFF, 0xFF, 0xFF, 0x65, 0x00, 0x02, 0x00, 0x00, 0x00, 0x00, 0x00,
    0x00, 0x00, 0x00, 0x00, 0x00, 0x00, 0x02, 0x00, 0x43, 0xB1, 0xE9, 0xED, 0xED, 0xED, 0xED, 0xED,
    0xED, 0xED, 0xED, 0xED, 0xED, 0xE9, 0xB1, 0x43, 0x00, 0x02, 0x00, 0x00, 0x00, 0x00, 0x00, 0x00,
    0x00, 0x00, 0x00, 0x00, 0x00, 0x00, 0x00, 0x02, 0x00, 0x00, 0x0F, 0x10, 0x10, 0x11, 0x11, 0x11,
    0x11, 0x11, 0x11, 0x10, 0x10, 0x0F, 0x00, 0x00, 0x02, 0x00, 0x00, 0x00, 0x00, 0x00, 0x00, 0x00,
    0x00, 0x00, 0x00, 0x00, 0x00, 0x00, 0x00, 0x00, 0x03, 0x02, 0x00, 0x00, 0x00, 0x00, 0x00, 0x00,
    0x00, 0x00, 0x00, 0x00, 0x00, 0x00, 0x02, 0x03, 0x00, 0x00, 0x00, 0x00, 0x00, 0x00, 0x00, 0x00,
    0x00, 0x00, 0x00, 0x00, 0x00, 0x00, 0x00, 0x00, 0x00, 0x00, 0x01, 0x01, 0x01, 0x01, 0x01, 0x01,
    0x01, 0x01, 0x01, 0x01, 0x01, 0x01, 0x00, 0x00, 0x00, 0x00, 0x00, 0x00, 0x00, 0x00, 0x00, 0x00,
    0x00, 0x00, 0x00, 0x00, 0x00, 0x00, 0x00, 0x00, 0x00, 0x00, 0x00, 0x00, 0x00, 0x00, 0x00, 0x00,
    0x00, 0x00, 0x00, 0x00, 0x00, 0x00, 0x00, 0x00, 0x00, 0x00, 0x00, 0x00, 0x00, 0x00, 0x00, 0x00,
    0x00, 0x00, 0x00, 0x00, 0x00, 0x00, 0x00, 0x00, 0x00, 0x00, 0x00, 0x00, 0x00, 0x00, 0x00, 0x00,
    0x00, 0x00, 0x00, 0x00, 0x00, 0x00, 0x00, 0x00, 0x00, 0x00, 0x00, 0x00, 0x00, 0x00, 0x00, 0x00,
    0x00, 0x00, 0x00, 0x00, 0x00, 0x00, 0x00, 0x00, 0x00, 0x00, 0x00, 0x00, 0x00, 0x00, 0x00, 0x00,
    0x00, 0x00, 0x00, 0x00, 0x00, 0x00, 0x00, 0x00, 0x00, 0x00, 0x00, 0x00, 0x00, 0x00, 0x00, 0x00,
};

const lv_image_dsc_t kit_icon_dice_a8 = {
    .header.magic = LV_IMAGE_HEADER_MAGIC,
    .header.cf = LV_COLOR_FORMAT_A8,
    .header.flags = 0,
    .header.w = 32,
    .header.h = 32,
    .header.stride = 32,
    .data_size = sizeof(kit_icon_dice_a8_map),
    .data = kit_icon_dice_a8_map,
};

static const uint8_t kit_icon_spin_a8_map[] = {
    0x00, 0x00, 0x00, 0x00, 0x00, 0x00, 0x00, 0x00, 0x00, 0x00, 0x00, 0x00, 0x00, 0x00, 0x00, 0x00,
    0x00, 0x00, 0x00, 0x00, 0x00, 0x00, 0x00, 0x00, 0x00, 0x00, 0x00, 0x00, 0x00, 0x00, 0x00, 0x00,
    0x00, 0x00, 0x00, 0x00, 0x00, 0x00, 0x00, 0x00, 0x00, 0x00, 0x00, 0x00, 0x00, 0x00, 0x00, 0x00,
    0x00, 0x00, 0x00, 0x00, 0x00, 0x00, 0x00, 0x00, 0x00, 0x00, 0x00, 0x00, 0x00, 0x00, 0x00, 0x00,
    0x00, 0x00, 0x00, 0x00, 0x00, 0x00, 0x00, 0x00, 0x00, 0x00, 0x00, 0x00, 0x00, 0x00, 0x00, 0x00,
    0x00, 0x00, 0x00, 0x00, 0x00, 0x00, 0x00, 0x00, 0x00, 0x00, 0x00, 0x00, 0x00, 0x00, 0x00, 0x00,
    0x00, 0x00, 0x00, 0x00, 0x00, 0x00, 0x00, 0x00, 0x00, 0x00, 0x00, 0x00, 0x00, 0x00, 0x01, 0x01,
    0x01, 0x01, 0x00, 0x00, 0x00, 0x00, 0x00, 0x00, 0x00, 0x00, 0x00, 0x00, 0x00, 0x00, 0x00, 0x00,
    0x00, 0x00, 0x00, 0x00, 0x00, 0x00, 0x00, 0x00, 0x00, 0x00, 0x00, 0x01, 0x03, 0x03, 0x00, 0x00,
    0x00, 0x00, 0x03, 0x03, 0x01, 0x00, 0x00, 0x00, 0x00, 0x00, 0x00, 0x00, 0x00, 0x00, 0x00, 0x00,
    0x00, 0x00, 0x00, 0x00, 0x00, 0x00, 0x00, 0x00, 0x00, 0x00, 0x03, 0x00, 0x00, 0x00, 0x03, 0x10,
    0x10, 0x03, 0x00, 0x00, 0x00, 0x03, 0x00, 0x00, 0x00, 0x00, 0x00, 0x00, 0x00, 0x00, 0x00, 0x00,
    0x00, 0x00, 0x00, 0x00, 0x00, 0x00, 0x00, 0x00, 0x00, 0x03, 0x00, 0x06, 0x5E, 0xAD, 0xD5, 0xEE,
    0xEE, 0xD5, 0xAD, 0x5E, 0x06, 0x00, 0x03, 0x00, 0x00, 0x00, 0x00, 0x00, 0x00, 0x00, 0x00, 0x00,
    0x00, 0x00, 0x00, 0x00, 0x00, 0x00, 0x00, 0x00, 0x02, 0x00, 0x56, 0xD4, 0xFF, 0xFF, 0xFF, 0xFF,
    0xFF, 0xFF, 0xFF, 0xFF, 0xD4, 0x56, 0x00, 0x02, 0x00, 0x00, 0x00, 0x00, 0x00, 0x00, 0x00, 0x00,
    0x00, 0x00, 0x00, 0x00, 0x00, 0x00, 0x01, 0x03, 0x00, 0x8F, 0xFF, 0xFF, 0xFF, 0xFF, 0xFF, 0xFE,
    0xFE, 0xFF, 0xFF, 0xFF, 0xFF, 0xFF, 0x8F, 0x00, 0x03, 0x01, 0x00, 0x00, 0x00, 0x00, 0x00, 0x00,
    0x00, 0x00, 0x00, 0x00, 0x00, 0x00, 0x03, 0x00, 0x8F, 0xFF, 0xF8, 0xFF, 0xDC, 0x6B, 0x9E, 0xFF,
    0xFF, 0x9E, 0x6B, 0xDC, 0xFF, 0xF8, 0xFF, 0x8F, 0x00, 0x03, 0x00, 0x00, 0x00, 0x00, 0x00, 0x00,
    0x00, 0x00, 0x00, 0x00, 0x00, 0x03, 0x00, 0x53, 0xFF, 0xF6, 0xFF, 0x9D, 0x10, 0x00, 0x7A, 0xFF,
    0xFF, 0x7A, 0x00, 0x10, 0x9D, 0xFF, 0xF6, 0xFF, 0x53, 0x00, 0x03, 0x00, 0x00, 0x00, 0x00, 0x00,
    0x00, 0x00, 0x00, 0x00, 0x01, 0x01, 0x07, 0xDB, 0xFE, 0xFF, 0xA0, 0x00, 0x02, 0x04, 0x81, 0xFF,
    0xFF, 0x81, 0x04, 0x02, 0x00, 0xA0, 0xFF, 0xFE, 0xDB, 0x07, 0x01, 0x01, 0x00, 0x00, 0x00, 0x00,
    0x00, 0x00, 0x00, 0x00, 0x04, 0x00, 0x5D, 0xFF, 0xFD, 0xD9, 0x0A, 0x02, 0x07, 0x01, 0x82, 0xFF,
    0xFF, 0x82, 0x01, 0x07, 0x02, 0x0A, 0xD9, 0xFD, 0xFF, 0x5D, 0x00, 0x04, 0x00, 0x00, 0x00, 0x00,
    0x00, 0x00, 0x00, 0x00, 0x03, 0x00, 0xB0, 0xFE, 0xFF, 0x72, 0x00, 0x04, 0x04, 0x00, 0x79, 0xFF,
    0xFF, 0x79, 0x00, 0x04, 0x04, 0x00, 0x72, 0xFF, 0xFE, 0xB0, 0x00, 0x03, 0x00, 0x00, 0x00, 0x00,
    0x00, 0x00, 0x00, 0x01, 0x01, 0x09, 0xD8, 0xFF, 0xFA, 0x32, 0x01, 0x03, 0x02, 0x11, 0xCA, 0xFE,
    0xFE, 0xCA, 0x11, 0x02, 0x03, 0x01, 0x32, 0xFA, 0xFF, 0xD8, 0x09, 0x01, 0x01, 0x00, 0x00, 0x00,
    0x00, 0x00, 0x00, 0x01, 0x00, 0x12, 0xEF, 0xFF, 0xEC, 0x10, 0x00, 0x05, 0x00, 0x76, 0xFF, 0xFB,
    0xFB, 0xFF, 0x76, 0x00, 0x05, 0x00, 0x10, 0xEC, 0xFF, 0xEF, 0x12, 0x00, 0x01, 0x00, 0x00, 0x00,
    0x00, 0x00, 0x00, 0x01, 0x00, 0x12, 0xEF, 0xFF, 0xEC, 0x10, 0x00, 0x05, 0x00, 0x76, 0xFF, 0xF7,
    0xF7, 0xFF, 0x76, 0x00, 0x05, 0x00, 0x10, 0xEC, 0xFF, 0xEF, 0x12, 0x00, 0x01, 0x00, 0x00, 0x00,
    0x00, 0x00, 0x00, 0x01, 0x01, 0x09, 0xD8, 0xFF, 0xFA, 0x32, 0x01, 0x03, 0x02, 0x11, 0xC9, 0xFF,
    0xFF, 0xC9, 0x11, 0x02, 0x03, 0x01, 0x32, 0xFA, 0xFF, 0xD8, 0x09, 0x01, 0x01, 0x00, 0x00, 0x00,
    0x00, 0x00, 0x00, 0x00, 0x03, 0x00, 0xB0, 0xFE, 0xFF, 0x72, 0x00, 0x04, 0x01, 0x00, 0x0D, 0x73,
    0x73, 0x0D, 0x00, 0x01, 0x04, 0x00, 0x72, 0xFF, 0xFE, 0xB0, 0x00, 0x03, 0x00, 0x00, 0x00, 0x00,
    0x00, 0x00, 0x00, 0x00, 0x04, 0x00, 0x5D, 0xFF, 0xFD, 0xD9, 0x0A, 0x02, 0x02, 0x01, 0x00, 0x00,
    0x00, 0x00, 0x01, 0x02, 0x02, 0x0A, 0xD9, 0xFD, 0xFF, 0x5D, 0x00, 0x04, 0x00, 0x00, 0x00, 0x00,
    0x00, 0x00, 0x00, 0x00, 0x01, 0x01, 0x07, 0xDB, 0xFE, 0xFF, 0xA0, 0x00, 0x00, 0x05, 0x03, 0x05,
    0x05, 0x03, 0x05, 0x00, 0x00, 0xA0, 0xFF, 0xFE, 0xDB, 0x07, 0x01, 0x01, 0x00, 0x00, 0x00, 0x00,
    0x00, 0x00, 0x00, 0x00, 0x00, 0x03, 0x00, 0x53, 0xFF, 0xF6, 0xFF, 0x9D, 0x0E, 0x00, 0x00, 0x00,
    0x00, 0x00, 0x00, 0x0E, 0x9D, 0xFF, 0xF6, 0xFF, 0x53, 0x00, 0x03, 0x00, 0x00, 0x00, 0x00, 0x00,
    0x00, 0x00, 0x00, 0x00, 0x00, 0x00, 0x03, 0x00, 0x8F, 0xFF, 0xF8, 0xFF, 0xD9, 0x74, 0x36, 0x11,
    0x11, 0x36, 0x74, 0xD9, 0xFF, 0xF8, 0xFF, 0x8F, 0x00, 0x03, 0x00, 0x00, 0x00, 0x00, 0x00, 0x00,
    0x00, 0x00, 0x00, 0x00, 0x00, 0x00, 0x01, 0x03, 0x00, 0x8F, 0xFF, 0xFF, 0xFF, 0xFF, 0xFF, 0xED,
    0xED, 0xFF, 0xFF, 0xFF, 0xFF, 0xFF, 0x8F, 0x00, 0x03, 0x01, 0x00, 0x00, 0x00, 0x00, 0x00, 0x00,
    0x00, 0x00, 0x00, 0x00, 0x00, 0x00, 0x00, 0x00, 0x02, 0x00, 0x56, 0xD4, 0xFF, 0xFF, 0xFF, 0xFF,
    0xFF, 0xFF, 0xFF, 0xFF, 0xD4, 0x56, 0x00, 0x02, 0x00, 0x00, 0x00, 0x00, 0x00, 0x00, 0x00, 0x00,
    0x00, 0x00, 0x00, 0x00, 0x00, 0x00, 0x00, 0x00, 0x00, 0x03, 0x00, 0x06, 0x5E, 0xAD, 0xD5, 0xED,
    0xED, 0xD5, 0xAD, 0x5E, 0x06, 0x00, 0x03, 0x00, 0x00, 0x00, 0x00, 0x00, 0x00, 0x00, 0x00, 0x00,
    0x00, 0x00, 0x00, 0x00, 0x00, 0x00, 0x00, 0x00, 0x00, 0x00, 0x03, 0x00, 0x00, 0x00, 0x03, 0x10,
    0x10, 0x03, 0x00, 0x00, 0x00, 0x03, 0x00, 0x00, 0x00, 0x00, 0x00, 0x00, 0x00, 0x00, 0x00, 0x00,
    0x00, 0x00, 0x00, 0x00, 0x00, 0x00, 0x00, 0x00, 0x00, 0x00, 0x00, 0x01, 0x03, 0x03, 0x00, 0x00,
    0x00, 0x00, 0x03, 0x03, 0x01, 0x00, 0x00, 0x00, 0x00, 0x00, 0x00, 0x00, 0x00, 0x00, 0x00, 0x00,
    0x00, 0x00, 0x00, 0x00, 0x00, 0x00, 0x00, 0x00, 0x00, 0x00, 0x00, 0x00, 0x00, 0x00, 0x01, 0x01,
    0x01, 0x01, 0x00, 0x00, 0x00, 0x00, 0x00, 0x00, 0x00, 0x00, 0x00, 0x00, 0x00, 0x00, 0x00, 0x00,
    0x00, 0x00, 0x00, 0x00, 0x00, 0x00, 0x00, 0x00, 0x00, 0x00, 0x00, 0x00, 0x00, 0x00, 0x00, 0x00,
    0x00, 0x00, 0x00, 0x00, 0x00, 0x00, 0x00, 0x00, 0x00, 0x00, 0x00, 0x00, 0x00, 0x00, 0x00, 0x00,
    0x00, 0x00, 0x00, 0x00, 0x00, 0x00, 0x00, 0x00, 0x00, 0x00, 0x00, 0x00, 0x00, 0x00, 0x00, 0x00,
    0x00, 0x00, 0x00, 0x00, 0x00, 0x00, 0x00, 0x00, 0x00, 0x00, 0x00, 0x00, 0x00, 0x00, 0x00, 0x00,
    0x00, 0x00, 0x00, 0x00, 0x00, 0x00, 0x00, 0x00, 0x00, 0x00, 0x00, 0x00, 0x00, 0x00, 0x00, 0x00,
    0x00, 0x00, 0x00, 0x00, 0x00, 0x00, 0x00, 0x00, 0x00, 0x00, 0x00, 0x00, 0x00, 0x00, 0x00, 0x00,
};

const lv_image_dsc_t kit_icon_spin_a8 = {
    .header.magic = LV_IMAGE_HEADER_MAGIC,
    .header.cf = LV_COLOR_FORMAT_A8,
    .header.flags = 0,
    .header.w = 32,
    .header.h = 32,
    .header.stride = 32,
    .data_size = sizeof(kit_icon_spin_a8_map),
    .data = kit_icon_spin_a8_map,
};

static const uint8_t kit_icon_coin_a8_map[] = {
    0x00, 0x00, 0x00, 0x00, 0x00, 0x00, 0x00, 0x00, 0x00, 0x00, 0x00, 0x00, 0x00, 0x00, 0x00, 0x00,
    0x00, 0x00, 0x00, 0x00, 0x00, 0x00, 0x00, 0x00, 0x00, 0x00, 0x00, 0x00, 0x00, 0x00, 0x00, 0x00,
    0x00, 0x00, 0x00, 0x00, 0x00, 0x00, 0x00, 0x00, 0x00, 0x00, 0x00, 0x00, 0x00, 0x00, 0x00, 0x00,
    0x00, 0x00, 0x00, 0x00, 0x00, 0x00, 0x00, 0x00, 0x00, 0x00, 0x00, 0x00, 0x00, 0x00, 0x00, 0x00,
    0x00, 0x00, 0x00, 0x00, 0x00, 0x00, 0x00, 0x00, 0x00, 0x00, 0x00, 0x00, 0x00, 0x00, 0x00, 0x01,
    0x01, 0x00, 0x00, 0x00, 0x00, 0x00, 0x00, 0x00, 0x00, 0x00, 0x00, 0x00, 0x00, 0x00, 0x00, 0x00,
    0x00, 0x00, 0x00, 0x00, 0x00, 0x00, 0x00, 0x00, 0x00, 0x00, 0x00, 0x00, 0x00, 0x00, 0x01, 0x00,
    0x00, 0x01, 0x00, 0x00, 0x00, 0x00, 0x00, 0x00, 0x00, 0x00, 0x00, 0x00, 0x00, 0x00, 0x00, 0x00,
    0x00, 0x00, 0x00, 0x00, 0x00, 0x00, 0x00, 0x00, 0x00, 0x00, 0x00, 0x01, 0x03, 0x03, 0x00, 0x0B,
    0x0B, 0x00, 0x03, 0x03, 0x01, 0x00, 0x00, 0x00, 0x00, 0x00, 0x00, 0x00, 0x00, 0x00, 0x00, 0x00,
    0x00, 0x00, 0x00, 0x00, 0x00, 0x00, 0x00, 0x00, 0x00, 0x00, 0x03, 0x00, 0x00, 0x00, 0x3B, 0xE4,
    0xE4, 0x3B, 0x00, 0x00, 0x00, 0x03, 0x00, 0x00, 0x00, 0x00, 0x00, 0x00, 0x00, 0x00, 0x00, 0x00,
    0x00, 0x00, 0x00, 0x00, 0x00, 0x00, 0x00, 0x00, 0x00, 0x03, 0x00, 0x06, 0x5F, 0xAD, 0xE4, 0xFF,
    0xFF, 0xE4, 0xAD, 0x5F, 0x06, 0x00, 0x03, 0x00, 0x00, 0x00, 0x00, 0x00, 0x00, 0x00, 0x00, 0x00,
    0x00, 0x00, 0x00, 0x00, 0x00, 0x00, 0x00, 0x00, 0x02, 0x00, 0x56, 0xD4, 0xFF, 0xFF, 0xFF, 0xFE,
    0xFE, 0xFF, 0xFF, 0xFF, 0xD4, 0x56, 0x00, 0x02, 0x00, 0x00, 0x00, 0x00, 0x00, 0x00, 0x00, 0x00,
    0x00, 0x00, 0x00, 0x00, 0x00, 0x00, 0x01, 0x03, 0x00, 0x8F, 0xFF, 0xFF, 0xFF, 0xFF, 0xFF, 0xFF,
    0xFF, 0xFF, 0xFF, 0xFF, 0xFF, 0xFF, 0x8F, 0x00, 0x03, 0x01, 0x00, 0x00, 0x00, 0x00, 0x00, 0x00,
    0x00, 0x00, 0x00, 0x00, 0x00, 0x00, 0x03, 0x00, 0x8F, 0xFF, 0xF8, 0xFF, 0xDC, 0x6B, 0x9E, 0xFF,
    0xFF, 0x9E, 0x6B, 0xDC, 0xFF, 0xF8, 0xFF, 0x8F, 0x00, 0x03, 0x00, 0x00, 0x00, 0x00, 0x00, 0x00,
    0x00, 0x00, 0x00, 0x00, 0x00, 0x03, 0x00, 0x53, 0xFF, 0xF6, 0xFF, 0x9D, 0x10, 0x00, 0x7A, 0xFF,
    0xFF, 0x7A, 0x00, 0x10, 0x9D, 0xFF, 0xF6, 0xFF, 0x53, 0x00, 0x03, 0x00, 0x00, 0x00, 0x00, 0x00,
    0x00, 0x00, 0x00, 0x00, 0x01, 0x01, 0x07, 0xDB, 0xFE, 0xFF, 0xA0, 0x00, 0x02, 0x04, 0x81, 0xFF,
    0xFF, 0x81, 0x04, 0x02, 0x00, 0xA0, 0xFF, 0xFE, 0xDB, 0x07, 0x01, 0x01, 0x00, 0x00, 0x00, 0x00,
    0x00, 0x00, 0x00, 0x00, 0x04, 0x00, 0x5D, 0xFF, 0xFD, 0xD9, 0x0A, 0x02, 0x07, 0x00, 0x80, 0xFF,
    0xFF, 0x80, 0x00, 0x07, 0x02, 0x0A, 0xD9, 0xFD, 0xFF, 0x5D, 0x00, 0x04, 0x00, 0x00, 0x00, 0x00,
    0x00, 0x00, 0x00, 0x00, 0x03, 0x00, 0xB0, 0xFE, 0xFF, 0x72, 0x00, 0x04, 0x04, 0x00, 0x80, 0xFF,
    0xFF, 0x80, 0x00, 0x04, 0x04, 0x00, 0x72, 0xFF, 0xFE, 0xB0, 0x00, 0x03, 0x00, 0x00, 0x00, 0x00,
    0x00, 0x00, 0x00, 0x01, 0x01, 0x09, 0xD8, 0xFF, 0xFA, 0x32, 0x01, 0x02, 0x04, 0x00, 0x80, 0xFF,
    0xFF, 0x80, 0x00, 0x04, 0x02, 0x01, 0x32, 0xFA, 0xFF, 0xD8, 0x09, 0x01, 0x01, 0x00, 0x00, 0x00,
    0x00, 0x00, 0x00, 0x01, 0x00, 0x12, 0xEF, 0xFF, 0xEC, 0x10, 0x00, 0x01, 0x04, 0x00, 0x80, 0xFF,
    0xFF, 0x80, 0x00, 0x04, 0x01, 0x00, 0x10, 0xEC, 0xFF, 0xEF, 0x12, 0x00, 0x01, 0x00, 0x00, 0x00,
    0x00, 0x00, 0x00, 0x01, 0x00, 0x12, 0xEF, 0xFF, 0xEC, 0x10, 0x00, 0x01, 0x04, 0x00, 0x80, 0xFF,
    0xFF, 0x80, 0x00, 0x04, 0x01, 0x00, 0x10, 0xEC, 0xFF, 0xEF, 0x12, 0x00, 0x01, 0x00, 0x00, 0x00,
    0x00, 0x00, 0x00, 0x01, 0x01, 0x09, 0xD8, 0xFF, 0xFA, 0x32, 0x01, 0x02, 0x04, 0x00, 0x80, 0xFF,
    0xFF, 0x80, 0x00, 0x04, 0x02, 0x01, 0x32, 0xFA, 0xFF, 0xD8, 0x09, 0x01, 0x01, 0x00, 0x00, 0x00,
    0x00, 0x00, 0x00, 0x00, 0x03, 0x00, 0xB0, 0xFE, 0xFF, 0x72, 0x00, 0x04, 0x04, 0x00, 0x80, 0xFF,
    0xFF, 0x80, 0x00, 0x04, 0x04, 0x00, 0x72, 0xFF, 0xFE, 0xB0, 0x00, 0x03, 0x00, 0x00, 0x00, 0x00,
    0x00, 0x00, 0x00, 0x00, 0x04, 0x00, 0x5D, 0xFF, 0xFD, 0xD9, 0x0A, 0x02, 0x07, 0x00, 0x80, 0xFF,
    0xFF, 0x80, 0x00, 0x07, 0x02, 0x0A, 0xD9, 0xFD, 0xFF, 0x5D, 0x00, 0x04, 0x00, 0x00, 0x00, 0x00,
    0x00, 0x00, 0x00, 0x00, 0x01, 0x01, 0x07, 0xDB, 0xFE, 0xFF, 0xA0, 0x00, 0x02, 0x04, 0x81, 0xFF,
    0xFF, 0x81, 0x04, 0x02, 0x00, 0xA0, 0xFF, 0xFE, 0xDB, 0x07, 0x01, 0x01, 0x00, 0x00, 0x00, 0x00,
    0x00, 0x00, 0x00, 0x00, 0x00, 0x03, 0x00, 0x53, 0xFF, 0xF6, 0xFF, 0x9D, 0x10, 0x00, 0x7A, 0xFF,
    0xFF, 0x7A, 0x00, 0x10, 0x9D, 0xFF, 0xF6, 0xFF, 0x53, 0x00, 0x03, 0x00, 0x00, 0x00, 0x00, 0x00,
    0x00, 0x00, 0x00, 0x00, 0x00, 0x00, 0x03, 0x00, 0x8F, 0xFF, 0xF8, 0xFF, 0xDC, 0x6B, 0x9E, 0xFF,
    0xFF, 0x9E, 0x6B, 0xDC, 0xFF, 0xF8, 0xFF, 0x8F, 0x00, 0x03, 0x00, 0x00, 0x00, 0x00, 0x00, 0x00,
    0x00, 0x00, 0x00, 0x00, 0x00, 0x00, 0x01, 0x03, 0x00, 0x8F, 0xFF, 0xFF, 0xFF, 0xFF, 0xFF, 0xFF,
    0xFF, 0xFF, 0xFF, 0xFF, 0xFF, 0xFF, 0x8F, 0x00, 0x03, 0x01, 0x00, 0x00, 0x00, 0x00, 0x00, 0x00,
    0x00, 0x00, 0x00, 0x00, 0x00, 0x00, 0x00, 0x00, 0x02, 0x00, 0x56, 0xD4, 0xFF, 0xFF, 0xFF, 0xFE,
    0xFE, 0xFF, 0xFF, 0xFF, 0xD4, 0x56, 0x00, 0x02, 0x00, 0x00, 0x00, 0x00, 0x00, 0x00, 0x00, 0x00,
    0x00, 0x00, 0x00, 0x00, 0x00, 0x00, 0x00, 0x00, 0x00, 0x03, 0x00, 0x06, 0x5F, 0xAD, 0xE4, 0xFF,
    0xFF, 0xE4, 0xAD, 0x5F, 0x06, 0x00, 0x03, 0x00, 0x00, 0x00, 0x00, 0x00, 0x00, 0x00, 0x00, 0x00,
    0x00, 0x00, 0x00, 0x00, 0x00, 0x00, 0x00, 0x00, 0x00, 0x00, 0x03, 0x00, 0x00, 0x00, 0x3B, 0xE4,
    0xE4, 0x3B, 0x00, 0x00, 0x00, 0x03, 0x00, 0x00, 0x00, 0x00, 0x00, 0x00, 0x00, 0x00, 0x00, 0x00,
    0x00, 0x00, 0x00, 0x00, 0x00, 0x00, 0x00, 0x00, 0x00, 0x00, 0x00, 0x01, 0x03, 0x03, 0x00, 0x0B,
    0x0B, 0x00, 0x03, 0x03, 0x01, 0x00, 0x00, 0x00, 0x00, 0x00, 0x00, 0x00, 0x00, 0x00, 0x00, 0x00,
    0x00, 0x00, 0x00, 0x00, 0x00, 0x00, 0x00, 0x00, 0x00, 0x00, 0x00, 0x00, 0x00, 0x00, 0x01, 0x00,
    0x00, 0x01, 0x00, 0x00, 0x00, 0x00, 0x00, 0x00, 0x00, 0x00, 0x00, 0x00, 0x00, 0x00, 0x00, 0x00,
    0x00, 0x00, 0x00, 0x00, 0x00, 0x00, 0x00, 0x00, 0x00, 0x00, 0x00, 0x00, 0x00, 0x00, 0x00, 0x01,
    0x01, 0x00, 0x00, 0x00, 0x00, 0x00, 0x00, 0x00, 0x00, 0x00, 0x00, 0x00, 0x00, 0x00, 0x00, 0x00,
    0x00, 0x00, 0x00, 0x00, 0x00, 0x00, 0x00, 0x00, 0x00, 0x00, 0x00, 0x00, 0x00, 0x00, 0x00, 0x00,
    0x00, 0x00, 0x00, 0x00, 0x00, 0x00, 0x00, 0x00, 0x00, 0x00, 0x00, 0x00, 0x00, 0x00, 0x00, 0x00,
    0x00, 0x00, 0x00, 0x00, 0x00, 0x00, 0x00, 0x00, 0x00, 0x00, 0x00, 0x00, 0x00, 0x00, 0x00, 0x00,
    0x00, 0x00, 0x00, 0x00, 0x00, 0x00, 0x00, 0x00, 0x00, 0x00, 0x00, 0x00, 0x00, 0x00, 0x00, 0x00,
};

const lv_image_dsc_t kit_icon_coin_a8 = {
    .header.magic = LV_IMAGE_HEADER_MAGIC,
    .header.cf = LV_COLOR_FORMAT_A8,
    .header.flags = 0,
    .header.w = 32,
    .header.h = 32,
    .header.stride = 32,
    .data_size = sizeof(kit_icon_coin_a8_map),
    .data = kit_icon_coin_a8_map,
};

static const uint8_t kit_icon_bingo_a8_map[] = {
    0x00, 0x00, 0x00, 0x00, 0x00, 0x00, 0x00, 0x00, 0x00, 0x00, 0x00, 0x00, 0x00, 0x00, 0x00, 0x00,
    0x00, 0x00, 0x00, 0x00, 0x00, 0x00, 0x00, 0x00, 0x00, 0x00, 0x00, 0x00, 0x00, 0x00, 0x00, 0x00,
    0x00, 0x00, 0x00, 0x00, 0x00, 0x00, 0x00, 0x00, 0x00, 0x00, 0x00, 0x00, 0x00, 0x00, 0x00, 0x00,
    0x00, 0x00, 0x00, 0x00, 0x00, 0x00, 0x00, 0x00, 0x00, 0x00, 0x00, 0x00, 0x00, 0x00, 0x00, 0x00,
    0x00, 0x00, 0x00, 0x00, 0x00, 0x00, 0x00, 0x00, 0x00, 0x00, 0x00, 0x00, 0x00, 0x00, 0x00, 0x00,
    0x00, 0x00, 0x00, 0x00, 0x00, 0x00, 0x00, 0x00, 0x00, 0x00, 0x00, 0x00, 0x00, 0x00, 0x00, 0x00,
    0x00, 0x00, 0x00, 0x00, 0x00, 0x00, 0x00, 0x00, 0x00, 0x00, 0x00, 0x00, 0x00, 0x00, 0x00, 0x00,
    0x00, 0x00, 0x00, 0x00, 0x00, 0x00, 0x00, 0x00, 0x00, 0x00, 0x00, 0x00, 0x00, 0x00, 0x00, 0x00,
    0x00, 0x00, 0x00, 0x00, 0x00, 0x00, 0x00, 0x00, 0x00, 0x00, 0x00, 0x00, 0x00, 0x00, 0x00, 0x00,
    0x00, 0x00, 0x00, 0x00, 0x00, 0x00, 0x00, 0x00, 0x00, 0x00, 0x00, 0x00, 0x00, 0x00, 0x00, 0x00,
    0x00, 0x00, 0x00, 0x00, 0x00, 0x00, 0x00, 0x00, 0x00, 0x02, 0x04, 0x04, 0x02, 0x00, 0x00, 0x00,
    0x00, 0x00, 0x00, 0x02, 0x04, 0x04, 0x02, 0x00, 0x00, 0x00, 0x00, 0x00, 0x00, 0x00, 0x00, 0x00,
    0x00, 0x00, 0x00, 0x00, 0x00, 0x00, 0x00, 0x00, 0x02, 0x00, 0x00, 0x00, 0x00, 0x02, 0x00, 0x00,
    0x00, 0x00, 0x02, 0x00, 0x00, 0x00, 0x00, 0x02, 0x00, 0x00, 0x00, 0x00, 0x00, 0x00, 0x00, 0x00,
    0x00, 0x00, 0x00, 0x00, 0x00, 0x00, 0x00, 0x02, 0x00, 0x2B, 0x7D, 0x7D, 0x2B, 0x00, 0x02, 0x00,
    0x00, 0x02, 0x00, 0x2B, 0x7D, 0x7D, 0x2B, 0x00, 0x02, 0x00, 0x00, 0x00, 0x00, 0x00, 0x00, 0x00,
    0x00, 0x00, 0x00, 0x00, 0x00, 0x00, 0x02, 0x00, 0x65, 0xFA, 0xFF, 0xFF, 0xFA, 0x65, 0x00, 0x02,
    0x02, 0x00, 0x65, 0xFA, 0xFF, 0xFF, 0xFA, 0x65, 0x00, 0x02, 0x00, 0x00, 0x00, 0x00, 0x00, 0x00,
    0x00, 0x00, 0x00, 0x00, 0x00, 0x02, 0x00, 0x2C, 0xFE, 0xFF, 0xFA, 0xFA, 0xFF, 0xFE, 0x2C, 0x00,
    0x00, 0x2C, 0xFE, 0xFF, 0xFA, 0xFA, 0xFF, 0xFE, 0x2C, 0x00, 0x02, 0x00, 0x00, 0x00, 0x00, 0x00,
    0x00, 0x00, 0x00, 0x00, 0x00, 0x04, 0x00, 0x80, 0xFE, 0xFA, 0xFF, 0xFF, 0xFA, 0xFE, 0x80, 0x00,
    0x00, 0x80, 0xFE, 0xFA, 0xFF, 0xFF, 0xFA, 0xFE, 0x80, 0x00, 0x04, 0x00, 0x00, 0x00, 0x00, 0x00,
    0x00, 0x00, 0x00, 0x00, 0x00, 0x04, 0x00, 0x80, 0xFE, 0xFA, 0xFF, 0xFF, 0xFA, 0xFE, 0x80, 0x00,
    0x00, 0x80, 0xFE, 0xFA, 0xFF, 0xFF, 0xFA, 0xFE, 0x80, 0x00, 0x04, 0x00, 0x00, 0x00, 0x00, 0x00,
    0x00, 0x00, 0x00, 0x00, 0x00, 0x02, 0x00, 0x2C, 0xFE, 0xFF, 0xFA, 0xFA, 0xFF, 0xFE, 0x2C, 0x00,
    0x00, 0x2C, 0xFE, 0xFF, 0xFA, 0xFA, 0xFF, 0xFE, 0x2C, 0x00, 0x02, 0x00, 0x00, 0x00, 0x00, 0x00,
    0x00, 0x00, 0x00, 0x00, 0x00, 0x00, 0x02, 0x00, 0x65, 0xFA, 0xFF, 0xFF, 0xFA, 0x65, 0x00, 0x02,
    0x02, 0x00, 0x65, 0xFA, 0xFF, 0xFF, 0xFA, 0x65, 0x00, 0x02, 0x00, 0x00, 0x00, 0x00, 0x00, 0x00,
    0x00, 0x00, 0x00, 0x00, 0x00, 0x00, 0x00, 0x02, 0x00, 0x2B, 0x7D, 0x7D, 0x2B, 0x00, 0x02, 0x00,
    0x00, 0x02, 0x00, 0x2B, 0x7D, 0x7D, 0x2B, 0x00, 0x02, 0x00, 0x00, 0x00, 0x00, 0x00, 0x00, 0x00,
    0x00, 0x00, 0x00, 0x00, 0x00, 0x00, 0x00, 0x00, 0x02, 0x00, 0x00, 0x00, 0x00, 0x02, 0x00, 0x00,
    0x00, 0x00, 0x02, 0x00, 0x00, 0x00, 0x00, 0x02, 0x00, 0x00, 0x00, 0x00, 0x00, 0x00, 0x00, 0x00,
    0x00, 0x00, 0x00, 0x00, 0x00, 0x00, 0x00, 0x00, 0x02, 0x00, 0x00, 0x00, 0x00, 0x02, 0x00, 0x00,
    0x00, 0x00, 0x02, 0x00, 0x00, 0x00, 0x00, 0x02, 0x00, 0x00, 0x00, 0x00, 0x00, 0x00, 0x00, 0x00,
    0x00, 0x00, 0x00, 0x00, 0x00, 0x00, 0x00, 0x02, 0x00, 0x2B, 0x7D, 0x7D, 0x2B, 0x00, 0x02, 0x00,
    0x00, 0x02, 0x00, 0x2B, 0x7D, 0x7D, 0x2B, 0x00, 0x02, 0x00, 0x00, 0x00, 0x00, 0x00, 0x00, 0x00,
    0x00, 0x00, 0x00, 0x00, 0x00, 0x00, 0x02, 0x00, 0x65, 0xFA, 0xFF, 0xFF, 0xFA, 0x65, 0x00, 0x02,
    0x02, 0x00, 0x65, 0xFA, 0xFF, 0xFF, 0xFA, 0x65, 0x00, 0x02, 0x00, 0x00, 0x00, 0x00, 0x00, 0x00,
    0x00, 0x00, 0x00, 0x00, 0x00, 0x02, 0x00, 0x2C, 0xFE, 0xFF, 0xFA, 0xFA, 0xFF, 0xFE, 0x2C, 0x00,
    0x00, 0x2C, 0xFE, 0xFF, 0xFA, 0xFA, 0xFF, 0xFE, 0x2C, 0x00, 0x02, 0x00, 0x00, 0x00, 0x00, 0x00,
    0x00, 0x00, 0x00, 0x00, 0x00, 0x04, 0x00, 0x80, 0xFE, 0xFA, 0xFF, 0xFF, 0xFA, 0xFE, 0x80, 0x00,
    0x00, 0x80, 0xFE, 0xFA, 0xFF, 0xFF, 0xFA, 0xFE, 0x80, 0x00, 0x04, 0x00, 0x00, 0x00, 0x00, 0x00,
    0x00, 0x00, 0x00, 0x00, 0x00, 0x04, 0x00, 0x80, 0xFE, 0xFA, 0xFF, 0xFF, 0xFA, 0xFE, 0x80, 0x00,
    0x00, 0x80, 0xFE, 0xFA, 0xFF, 0xFF, 0xFA, 0xFE, 0x80, 0x00, 0x04, 0x00, 0x00, 0x00, 0x00, 0x00,
    0x00, 0x00, 0x00, 0x00, 0x00, 0x02, 0x00, 0x2C, 0xFE, 0xFF, 0xFA, 0xFA, 0xFF, 0xFE, 0x2C, 0x00,
    0x00, 0x2C, 0xFE, 0xFF, 0xFA, 0xFA, 0xFF, 0xFE, 0x2C, 0x00, 0x02, 0x00, 0x00, 0x00, 0x00, 0x00,
    0x00, 0x00, 0x00, 0x00, 0x00, 0x00, 0x02, 0x00, 0x65, 0xFA, 0xFF, 0xFF, 0xFA, 0x65, 0x00, 0x02,
    0x02, 0x00, 0x65, 0xFA, 0xFF, 0xFF, 0xFA, 0x65, 0x00, 0x02, 0x00, 0x00, 0x00, 0x00, 0x00, 0x00,
    0x00, 0x00, 0x00, 0x00, 0x00, 0x00, 0x00, 0x02, 0x00, 0x2B, 0x7D, 0x7D, 0x2B, 0x00, 0x02, 0x00,
    0x00, 0x02, 0x00, 0x2B, 0x7D, 0x7D, 0x2B, 0x00, 0x02, 0x00, 0x00, 0x00, 0x00, 0x00, 0x00, 0x00,
    0x00, 0x00, 0x00, 0x00, 0x00, 0x00, 0x00, 0x00, 0x02, 0x00, 0x00, 0x00, 0x00, 0x02, 0x00, 0x00,
    0x00, 0x00, 0x02, 0x00, 0x00, 0x00, 0x00, 0x02, 0x00, 0x00, 0x00, 0x00, 0x00, 0x00, 0x00, 0x00,
    0x00, 0x00, 0x00, 0x00, 0x00, 0x00, 0x00, 0x00, 0x00, 0x02, 0x04, 0x04, 0x02, 0x00, 0x00, 0x00,
    0x00, 0x00, 0x00, 0x02, 0x04, 0x04, 0x02, 0x00, 0x00, 0x00, 0x00, 0x00, 0x00, 0x00, 0x00, 0x00,
    0x00, 0x00, 0x00, 0x00, 0x00, 0x00, 0x00, 0x00, 0x00, 0x00, 0x00, 0x00, 0x00, 0x00, 0x00, 0x00,
    0x00, 0x00, 0x00, 0x00, 0x00, 0x00, 0x00, 0x00, 0x00, 0x00, 0x00, 0x00, 0x00, 0x00, 0x00, 0x00,
    0x00, 0x00, 0x00, 0x00, 0x00, 0x00, 0x00, 0x00, 0x00, 0x00, 0x00, 0x00, 0x00, 0x00, 0x00, 0x00,
    0x00, 0x00, 0x00, 0x00, 0x00, 0x00, 0x00, 0x00, 0x00, 0x00, 0x00, 0x00, 0x00, 0x00, 0x00, 0x00,
    0x00, 0x00, 0x00, 0x00, 0x00, 0x00, 0x00, 0x00, 0x00, 0x00, 0x00, 0x00, 0x00, 0x00, 0x00, 0x00,
    0x00, 0x00, 0x00, 0x00, 0x00, 0x00, 0x00, 0x00, 0x00, 0x00, 0x00, 0x00, 0x00, 0x00, 0x00, 0x00,
    0x00, 0x00, 0x00, 0x00, 0x00, 0x00, 0x00, 0x00, 0x00, 0x00, 0x00, 0x00, 0x00, 0x00, 0x00, 0x00,
    0x00, 0x00, 0x00, 0x00, 0x00, 0x00, 0x00, 0x00, 0x00, 0x00, 0x00, 0x00, 0x00, 0x00, 0x00, 0x00,
    0x00, 0x00, 0x00, 0x00, 0x00, 0x00, 0x00, 0x00, 0x00, 0x00, 0x00, 0x00, 0x00, 0x00, 0x00, 0x00,
    0x00, 0x00, 0x00, 0x00, 0x00, 0x00, 0x00, 0x00, 0x00, 0x00, 0x00, 0x00, 0x00, 0x00, 0x00, 0x00,
};

const lv_image_dsc_t kit_icon_bingo_a8 = {
    .header.magic = LV_IMAGE_HEADER_MAGIC,
    .header.cf = LV_COLOR_FORMAT_A8,
    .header.flags = 0,
    .header.w = 32,
    .header.h = 32,
    .header.stride = 32,
    .data_size = sizeof(kit_icon_bingo_a8_map),
    .data = kit_icon_bingo_a8_map,
};

static const uint8_t kit_icon_order_a8_map[] = {
    0x00, 0x00, 0x00, 0x00, 0x00, 0x00, 0x00, 0x00, 0x00, 0x00, 0x00, 0x00, 0x00, 0x00, 0x00, 0x00,
    0x00, 0x00, 0x00, 0x00, 0x00, 0x00, 0x00, 0x00, 0x00, 0x00, 0x00, 0x00, 0x00, 0x00, 0x00, 0x00,
    0x00, 0x00, 0x00, 0x00, 0x00, 0x00, 0x00, 0x00, 0x00, 0x00, 0x00, 0x00, 0x00, 0x00, 0x00, 0x00,
    0x00, 0x00, 0x00, 0x00, 0x00, 0x00, 0x00, 0x00, 0x00, 0x00, 0x00, 0x00, 0x00, 0x00, 0x00, 0x00,
    0x00, 0x00, 0x00, 0x00, 0x00, 0x00, 0x00, 0x00, 0x00, 0x00, 0x00, 0x00, 0x00, 0x00, 0x00, 0x00,
    0x00, 0x00, 0x00, 0x00, 0x00, 0x00, 0x00, 0x00, 0x00, 0x00, 0x00, 0x00, 0x00, 0x00, 0x00, 0x00,
    0x00, 0x00, 0x00, 0x00, 0x00, 0x00, 0x00, 0x00, 0x00, 0x00, 0x00, 0x00, 0x00, 0x00, 0x00, 0x00,
    0x00, 0x00, 0x00, 0x00, 0x00, 0x00, 0x00, 0x00, 0x00, 0x00, 0x00, 0x00, 0x00, 0x00, 0x00, 0x00,
    0x00, 0x00, 0x00, 0x00, 0x00, 0x01, 0x01, 0x01, 0x01, 0x01, 0x01, 0x01, 0x01, 0x01, 0x01, 0x01,
    0x01, 0x01, 0x01, 0x01, 0x01, 0x01, 0x01, 0x01, 0x01, 0x01, 0x01, 0x00, 0x00, 0x00, 0x00, 0x00,
    0x00, 0x00, 0x00, 0x00, 0x02, 0x00, 0x00, 0x00, 0x00, 0x00, 0x00, 0x00, 0x00, 0x00, 0x00, 0x00,
    0x00, 0x00, 0x00, 0x00, 0x00, 0x00, 0x00, 0x00, 0x00, 0x00, 0x00, 0x02, 0x00, 0x00, 0x00, 0x00,
    0x00, 0x00, 0x00, 0x00, 0x00, 0x09, 0x11, 0x10, 0x11, 0x11, 0x11, 0x11, 0x11, 0x11, 0x11, 0x11,
    0x11, 0x11, 0x11, 0x11, 0x11, 0x11, 0x11, 0x11, 0x10, 0x11, 0x09, 0x00, 0x00, 0x00, 0x00, 0x00,
    0x00, 0x00, 0x02, 0x00, 0x45, 0xDE, 0xEC, 0xEE, 0xEE, 0xEE, 0xEE, 0xEE, 0xEE, 0xEE, 0xEE, 0xEE,
    0xEE, 0xEE, 0xEE, 0xEE, 0xEE, 0xEE, 0xEE, 0xEE, 0xEE, 0xEC, 0xDE, 0x45, 0x00, 0x02, 0x00, 0x00,
    0x00, 0x01, 0x01, 0x0E, 0xE8, 0xFF, 0xFF, 0xFF, 0xFF, 0xFF, 0xFF, 0xFF, 0xFF, 0xFF, 0xFF, 0xFF,
    0xFF, 0xFF, 0xFF, 0xFF, 0xFF, 0xFF, 0xFF, 0xFF, 0xFF, 0xFF, 0xFF, 0xE8, 0x0E, 0x01, 0x01, 0x00,
    0x00, 0x01, 0x01, 0x0E, 0xE8, 0xFF, 0xFF, 0xFF, 0xFF, 0xFF, 0xFF, 0xFF, 0xFF, 0xFF, 0xFF, 0xFF,
    0xFF, 0xFF, 0xFF, 0xFF, 0xFF, 0xFF, 0xFF, 0xFF, 0xFF, 0xFF, 0xFF, 0xE8, 0x0E, 0x01, 0x01, 0x00,
    0x00, 0x00, 0x02, 0x00, 0x45, 0xDE, 0xEC, 0xEE, 0xEE, 0xEE, 0xEE, 0xEE, 0xEE, 0xEE, 0xEE, 0xEE,
    0xEE, 0xEE, 0xEE, 0xEE, 0xEE, 0xEE, 0xEE, 0xEE, 0xEE, 0xEC, 0xDE, 0x45, 0x00, 0x02, 0x00, 0x00,
    0x00, 0x00, 0x00, 0x00, 0x00, 0x09, 0x11, 0x10, 0x11, 0x11, 0x11, 0x11, 0x11, 0x11, 0x11, 0x11,
    0x11, 0x11, 0x11, 0x11, 0x11, 0x11, 0x11, 0x11, 0x10, 0x11, 0x09, 0x00, 0x00, 0x00, 0x00, 0x00,
    0x00, 0x00, 0x00, 0x00, 0x02, 0x00, 0x00, 0x00, 0x00, 0x00, 0x00, 0x00, 0x00, 0x00, 0x00, 0x00,
    0x00, 0x00, 0x00, 0x00, 0x00, 0x00, 0x00, 0x00, 0x00, 0x00, 0x00, 0x02, 0x00, 0x00, 0x00, 0x00,
    0x00, 0x00, 0x00, 0x00, 0x02, 0x00, 0x00, 0x00, 0x00, 0x00, 0x00, 0x00, 0x00, 0x00, 0x00, 0x00,
    0x00, 0x00, 0x00, 0x03, 0x01, 0x01, 0x01, 0x01, 0x01, 0x01, 0x01, 0x00, 0x00, 0x00, 0x00, 0x00,
    0x00, 0x00, 0x00, 0x00, 0x00, 0x09, 0x11, 0x10, 0x11, 0x11, 0x11, 0x11, 0x11, 0x11, 0x11, 0x11,
    0x10, 0x11, 0x09, 0x00, 0x00, 0x00, 0x00, 0x00, 0x00, 0x00, 0x00, 0x00, 0x00, 0x00, 0x00, 0x00,
    0x00, 0x00, 0x02, 0x00, 0x45, 0xDE, 0xEC, 0xEE, 0xEE, 0xEE, 0xEE, 0xEE, 0xEE, 0xEE, 0xEE, 0xEE,
    0xEE, 0xEC, 0xDE, 0x45, 0x00, 0x02, 0x00, 0x00, 0x00, 0x00, 0x00, 0x00, 0x00, 0x00, 0x00, 0x00,
    0x00, 0x01, 0x01, 0x0E, 0xE8, 0xFF, 0xFF, 0xFF, 0xFF, 0xFF, 0xFF, 0xFF, 0xFF, 0xFF, 0xFF, 0xFF,
    0xFF, 0xFF, 0xFF, 0xE8, 0x0E, 0x01, 0x01, 0x00, 0x00, 0x00, 0x00, 0x00, 0x00, 0x00, 0x00, 0x00,
    0x00, 0x01, 0x01, 0x0E, 0xE8, 0xFF, 0xFF, 0xFF, 0xFF, 0xFF, 0xFF, 0xFF, 0xFF, 0xFF, 0xFF, 0xFF,
    0xFF, 0xFF, 0xFF, 0xE8, 0x0E, 0x01, 0x01, 0x00, 0x00, 0x00, 0x00, 0x00, 0x00, 0x00, 0x00, 0x00,
    0x00, 0x00, 0x02, 0x00, 0x45, 0xDE, 0xEC, 0xEE, 0xEE, 0xEE, 0xEE, 0xEE, 0xEE, 0xEE, 0xEE, 0xEE,
    0xEE, 0xEC, 0xDE, 0x45, 0x00, 0x02, 0x00, 0x00, 0x00, 0x00, 0x00, 0x00, 0x00, 0x00, 0x00, 0x00,
    0x00, 0x00, 0x00, 0x00, 0x00, 0x09, 0x11, 0x10, 0x11, 0x11, 0x11, 0x11, 0x11, 0x11, 0x11, 0x11,
    0x10, 0x11, 0x09, 0x00, 0x00, 0x00, 0x00, 0x00, 0x00, 0x00, 0x00, 0x00, 0x00, 0x00, 0x00, 0x00,
    0x00, 0x00, 0x00, 0x00, 0x02, 0x00, 0x00, 0x00, 0x00, 0x00, 0x00, 0x00, 0x00, 0x00, 0x00, 0x00,
    0x00, 0x00, 0x00, 0x02, 0x00, 0x00, 0x00, 0x00, 0x00, 0x00, 0x00, 0x00, 0x00, 0x00, 0x00, 0x00,
    0x00, 0x00, 0x00, 0x00, 0x02, 0x00, 0x00, 0x00, 0x00, 0x00, 0x00, 0x00, 0x03, 0x01, 0x01, 0x01,
    0x01, 0x01, 0x01, 0x00, 0x00, 0x00, 0x00, 0x00, 0x00, 0x00, 0x00, 0x00, 0x00, 0x00, 0x00, 0x00,
    0x00, 0x00, 0x00, 0x00, 0x00, 0x09, 0x11, 0x10, 0x11, 0x10, 0x11, 0x09, 0x00, 0x00, 0x00, 0x00,
    0x00, 0x00, 0x00, 0x00, 0x00, 0x00, 0x00, 0x00, 0x00, 0x00, 0x00, 0x00, 0x00, 0x00, 0x00, 0x00,
    0x00, 0x00, 0x02, 0x00, 0x45, 0xDE, 0xEC, 0xEE, 0xEE, 0xEE, 0xEC, 0xDE, 0x45, 0x00, 0x02, 0x00,
    0x00, 0x00, 0x00, 0x00, 0x00, 0x00, 0x00, 0x00, 0x00, 0x00, 0x00, 0x00, 0x00, 0x00, 0x00, 0x00,
    0x00, 0x01, 0x01, 0x0E, 0xE8, 0xFF, 0xFF, 0xFF, 0xFF, 0xFF, 0xFF, 0xFF, 0xE8, 0x0E, 0x01, 0x01,
    0x00, 0x00, 0x00, 0x00, 0x00, 0x00, 0x00, 0x00, 0x00, 0x00, 0x00, 0x00, 0x00, 0x00, 0x00, 0x00,
    0x00, 0x01, 0x01, 0x0E, 0xE8, 0xFF, 0xFF, 0xFF, 0xFF, 0xFF, 0xFF, 0xFF, 0xE8, 0x0E, 0x01, 0x01,
    0x00, 0x00, 0x00, 0x00, 0x00, 0x00, 0x00, 0x00, 0x00, 0x00, 0x00, 0x00, 0x00, 0x00, 0x00, 0x00,
    0x00, 0x00, 0x02, 0x00, 0x45, 0xDE, 0xEC, 0xEE, 0xEE, 0xEE, 0xEC, 0xDE, 0x45, 0x00, 0x02, 0x00,
    0x00, 0x00, 0x00, 0x00, 0x00, 0x00, 0x00, 0x00, 0x00, 0x00, 0x00, 0x00, 0x00, 0x00, 0x00, 0x00,
    0x00, 0x00, 0x00, 0x00, 0x00, 0x09, 0x11, 0x10, 0x11, 0x10, 0x11, 0x09, 0x00, 0x00, 0x00, 0x00,
    0x00, 0x00, 0x00, 0x00, 0x00, 0x00, 0x00, 0x00, 0x00, 0x00, 0x00, 0x00, 0x00, 0x00, 0x00, 0x00,
    0x00, 0x00, 0x00, 0x00, 0x02, 0x00, 0x00, 0x00, 0x00, 0x00, 0x00, 0x00, 0x02, 0x00, 0x00, 0x00,
    0x00, 0x00, 0x00, 0x00, 0x00, 0x00, 0x00, 0x00, 0x00, 0x00, 0x00, 0x00, 0x00, 0x00, 0x00, 0x00,
    0x00, 0x00, 0x00, 0x00, 0x00, 0x01, 0x01, 0x01, 0x01, 0x01, 0x01, 0x01, 0x00, 0x00, 0x00, 0x00,
    0x00, 0x00, 0x00, 0x00, 0x00, 0x00, 0x00, 0x00, 0x00, 0x00, 0x00, 0x00, 0x00, 0x00, 0x00, 0x00,
    0x00, 0x00, 0x00, 0x00, 0x00, 0x00, 0x00, 0x00, 0x00, 0x00, 0x00, 0x00, 0x00, 0x00, 0x00, 0x00,
    0x00, 0x00, 0x00, 0x00, 0x00, 0x00, 0x00, 0x00, 0x00, 0x00, 0x00, 0x00, 0x00, 0x00, 0x00, 0x00,
    0x00, 0x00, 0x00, 0x00, 0x00, 0x00, 0x00, 0x00, 0x00, 0x00, 0x00, 0x00, 0x00, 0x00, 0x00, 0x00,
    0x00, 0x00, 0x00, 0x00, 0x00, 0x00, 0x00, 0x00, 0x00, 0x00, 0x00, 0x00, 0x00, 0x00, 0x00, 0x00,
};

const lv_image_dsc_t kit_icon_order_a8 = {
    .header.magic = LV_IMAGE_HEADER_MAGIC,
    .header.cf = LV_COLOR_FORMAT_A8,
    .header.flags = 0,
    .header.w = 32,
    .header.h = 32,
    .header.stride = 32,
    .data_size = sizeof(kit_icon_order_a8_map),
    .data = kit_icon_order_a8_map,
};

static const uint8_t kit_icon_timer_a8_map[] = {
    0x00, 0x00, 0x00, 0x00, 0x00, 0x00, 0x00, 0x00, 0x00, 0x00, 0x00, 0x00, 0x00, 0x00, 0x00, 0x00,
    0x00, 0x00, 0x00, 0x00, 0x00, 0x00, 0x00, 0x00, 0x00, 0x00, 0x00, 0x00, 0x00, 0x00, 0x00, 0x00,
    0x00, 0x00, 0x00, 0x00, 0x00, 0x00, 0x00, 0x00, 0x00, 0x00, 0x00, 0x00, 0x00, 0x00, 0x00, 0x00,
    0x00, 0x00, 0x00, 0x00, 0x00, 0x00, 0x00, 0x00, 0x00, 0x00, 0x00, 0x00, 0x00, 0x00, 0x00, 0x00,
    0x00, 0x00, 0x00, 0x00, 0x00, 0x00, 0x00, 0x00, 0x00, 0x00, 0x00, 0x00, 0x00, 0x03, 0x04, 0x04,
    0x04, 0x04, 0x03, 0x00, 0x00, 0x00, 0x00, 0x00, 0x00, 0x00, 0x00, 0x00, 0x00, 0x00, 0x00, 0x00,
    0x00, 0x00, 0x00, 0x00, 0x00, 0x00, 0x00, 0x00, 0x00, 0x00, 0x00, 0x00, 0x00, 0x00, 0x00, 0x00,
    0x00, 0x00, 0x00, 0x00, 0x00, 0x00, 0x00, 0x00, 0x00, 0x00, 0x00, 0x00, 0x00, 0x00, 0x00, 0x00,
    0x00, 0x00, 0x00, 0x00, 0x00, 0x00, 0x00, 0x00, 0x00, 0x00, 0x00, 0x01, 0x00, 0x3E, 0x80, 0x7E,
    0x7E, 0x80, 0x3E, 0x00, 0x01, 0x00, 0x00, 0x00, 0x00, 0x00, 0x00, 0x00, 0x00, 0x00, 0x00, 0x00,
    0x00, 0x00, 0x00, 0x00, 0x00, 0x00, 0x00, 0x00, 0x00, 0x00, 0x01, 0x01, 0x0E, 0xED, 0xFF, 0xFF,
    0xFF, 0xFF, 0xED, 0x0E, 0x01, 0x01, 0x00, 0x00, 0x00, 0x00, 0x00, 0x00, 0x00, 0x00, 0x00, 0x00,
    0x00, 0x00, 0x00, 0x00, 0x00, 0x00, 0x00, 0x00, 0x00, 0x00, 0x01, 0x01, 0x11, 0xEF, 0xFF, 0xFF,
    0xFF, 0xFF, 0xEF, 0x11, 0x01, 0x01, 0x00, 0x00, 0x00, 0x00, 0x00, 0x00, 0x00, 0x00, 0x00, 0x00,
    0x00, 0x00, 0x00, 0x00, 0x00, 0x00, 0x00, 0x00, 0x00, 0x00, 0x03, 0x00, 0x00, 0x30, 0x82, 0x8E,
    0x8E, 0x82, 0x30, 0x00, 0x00, 0x03, 0x00, 0x00, 0x00, 0x00, 0x00, 0x00, 0x00, 0x00, 0x00, 0x00,
    0x00, 0x00, 0x00, 0x00, 0x00, 0x00, 0x00, 0x00, 0x00, 0x03, 0x00, 0x06, 0x5E, 0xA2, 0xC1, 0xDA,
    0xDA, 0xC1, 0xA2, 0x5E, 0x06, 0x00, 0x03, 0x00, 0x00, 0x00, 0x00, 0x00, 0x00, 0x00, 0x00, 0x00,
    0x00, 0x00, 0x00, 0x00, 0x00, 0x00, 0x00, 0x00, 0x02, 0x00, 0x56, 0xD4, 0xFF, 0xFF, 0xFF, 0xFF,
    0xFF, 0xFF, 0xFF, 0xFF, 0xD4, 0x56, 0x00, 0x02, 0x00, 0x00, 0x00, 0x00, 0x00, 0x00, 0x00, 0x00,
    0x00, 0x00, 0x00, 0x00, 0x00, 0x00, 0x01, 0x03, 0x00, 0x8F, 0xFF, 0xFF, 0xFF, 0xFF, 0xFF, 0xDF,
    0xDF, 0xFF, 0xFF, 0xFF, 0xFF, 0xFF, 0x8F, 0x00, 0x03, 0x01, 0x00, 0x00, 0x00, 0x00, 0x00, 0x00,
    0x00, 0x00, 0x00, 0x00, 0x00, 0x00, 0x03, 0x00, 0x8F, 0xFF, 0xF8, 0xFF, 0xD9, 0x75, 0x36, 0x6C,
    0x6C, 0x36, 0x75, 0xD9, 0xFF, 0xF8, 0xFF, 0x8F, 0x00, 0x03, 0x00, 0x00, 0x00, 0x00, 0x00, 0x00,
    0x00, 0x00, 0x00, 0x00, 0x00, 0x03, 0x00, 0x53, 0xFF, 0xF6, 0xFF, 0x9D, 0x0F, 0x00, 0x03, 0xFA,
    0xFA, 0x03, 0x00, 0x0F, 0x9D, 0xFF, 0xF6, 0xFF, 0x53, 0x00, 0x03, 0x00, 0x00, 0x00, 0x00, 0x00,
    0x00, 0x00, 0x00, 0x00, 0x01, 0x01, 0x07, 0xDB, 0xFE, 0xFF, 0xA0, 0x00, 0x00, 0x04, 0x12, 0xF2,
    0xF2, 0x12, 0x04, 0x00, 0x00, 0xA0, 0xFF, 0xFE, 0xDB, 0x07, 0x01, 0x01, 0x00, 0x00, 0x00, 0x00,
    0x00, 0x00, 0x00, 0x00, 0x04, 0x00, 0x5D, 0xFF, 0xFD, 0xD9, 0x0A, 0x02, 0x03, 0x00, 0x0F, 0xF3,
    0xF3, 0x0F, 0x00, 0x03, 0x02, 0x0A, 0xD9, 0xFD, 0xFF, 0x5D, 0x00, 0x04, 0x00, 0x00, 0x00, 0x00,
    0x00, 0x00, 0x00, 0x00, 0x03, 0x00, 0xB0, 0xFE, 0xFF, 0x72, 0x00, 0x04, 0x01, 0x00, 0x0F, 0xF3,
    0xF3, 0x10, 0x01, 0x02, 0x05, 0x00, 0x72, 0xFF, 0xFE, 0xB0, 0x00, 0x03, 0x00, 0x00, 0x00, 0x00,
    0x00, 0x00, 0x00, 0x01, 0x01, 0x09, 0xD8, 0xFF, 0xFA, 0x32, 0x01, 0x02, 0x01, 0x00, 0x0F, 0xF1,
    0xF3, 0x0B, 0x00, 0x00, 0x00, 0x00, 0x33, 0xFA, 0xFF, 0xD8, 0x09, 0x01, 0x01, 0x00, 0x00, 0x00,
    0x00, 0x00, 0x00, 0x01, 0x00, 0x12, 0xEF, 0xFF, 0xEC, 0x10, 0x00, 0x01, 0x01, 0x00, 0x0E, 0xFA,
    0xF3, 0x1D, 0x0F, 0x10, 0x10, 0x00, 0x0C, 0xED, 0xFF, 0xEF, 0x12, 0x00, 0x01, 0x00, 0x00, 0x00,
    0x00, 0x00, 0x00, 0x01, 0x00, 0x12, 0xEF, 0xFF, 0xEC, 0x10, 0x00, 0x01, 0x00, 0x02, 0x01, 0x5D,
    0xFF, 0xF2, 0xF2, 0xF1, 0xF3, 0xC3, 0x14, 0xEC, 0xFF, 0xEF, 0x12, 0x00, 0x01, 0x00, 0x00, 0x00,
    0x00, 0x00, 0x00, 0x01, 0x01, 0x09, 0xD8, 0xFF, 0xFA, 0x32, 0x01, 0x02, 0x00, 0x00, 0x01, 0x00,
    0xBD, 0xF3, 0xF1, 0xF1, 0xF3, 0xBE, 0x36, 0xF9, 0xFF, 0xD8, 0x09, 0x01, 0x01, 0x00, 0x00, 0x00,
    0x00, 0x00, 0x00, 0x00, 0x03, 0x00, 0xB0, 0xFE, 0xFF, 0x72, 0x00, 0x04, 0x00, 0x00, 0x01, 0x02,
    0x02, 0x0F, 0x0F, 0x0F, 0x13, 0x00, 0x6E, 0xFF, 0xFE, 0xB0, 0x00, 0x03, 0x00, 0x00, 0x00, 0x00,
    0x00, 0x00, 0x00, 0x00, 0x04, 0x00, 0x5D, 0xFF, 0xFD, 0xD9, 0x0A, 0x02, 0x02, 0x00, 0x00, 0x00,
    0x00, 0x00, 0x00, 0x00, 0x00, 0x0A, 0xDA, 0xFD, 0xFF, 0x5D, 0x00, 0x04, 0x00, 0x00, 0x00, 0x00,
    0x00, 0x00, 0x00, 0x00, 0x01, 0x01, 0x07, 0xDB, 0xFE, 0xFF, 0xA0, 0x00, 0x00, 0x04, 0x02, 0x01,
    0x02, 0x03, 0x06, 0x00, 0x00, 0xA1, 0xFF, 0xFE, 0xDB, 0x07, 0x01, 0x01, 0x00, 0x00, 0x00, 0x00,
    0x00, 0x00, 0x00, 0x00, 0x00, 0x03, 0x00, 0x53, 0xFF, 0xF6, 0xFF, 0x9D, 0x0E, 0x00, 0x00, 0x00,
    0x00, 0x00, 0x00, 0x0E, 0x9D, 0xFF, 0xF6, 0xFF, 0x53, 0x00, 0x03, 0x00, 0x00, 0x00, 0x00, 0x00,
    0x00, 0x00, 0x00, 0x00, 0x00, 0x00, 0x03, 0x00, 0x8F, 0xFF, 0xF8, 0xFF, 0xD9, 0x74, 0x36, 0x11,
    0x11, 0x36, 0x74, 0xD9, 0xFF, 0xF8, 0xFF, 0x8F, 0x00, 0x03, 0x00, 0x00, 0x00, 0x00, 0x00, 0x00,
    0x00, 0x00, 0x00, 0x00, 0x00, 0x00, 0x01, 0x03, 0x00, 0x8F, 0xFF, 0xFF, 0xFF, 0xFF, 0xFF, 0xED,
    0xED, 0xFF, 0xFF, 0xFF, 0xFF, 0xFF, 0x8F, 0x00, 0x03, 0x01, 0x00, 0x00, 0x00, 0x00, 0x00, 0x00,
    0x00, 0x00, 0x00, 0x00, 0x00, 0x00, 0x00, 0x00, 0x02, 0x00, 0x56, 0xD4, 0xFF, 0xFF, 0xFF, 0xFF,
    0xFF, 0xFF, 0xFF, 0xFF, 0xD4, 0x56, 0x00, 0x02, 0x00, 0x00, 0x00, 0x00, 0x00, 0x00, 0x00, 0x00,
    0x00, 0x00, 0x00, 0x00, 0x00, 0x00, 0x00, 0x00, 0x00, 0x03, 0x00, 0x06, 0x5E, 0xAD, 0xD5, 0xED,
    0xED, 0xD5, 0xAD, 0x5E, 0x06, 0x00, 0x03, 0x00, 0x00, 0x00, 0x00, 0x00, 0x00, 0x00, 0x00, 0x00,
    0x00, 0x00, 0x00, 0x00, 0x00, 0x00, 0x00, 0x00, 0x00, 0x00, 0x03, 0x00, 0x00, 0x00, 0x03, 0x10,
    0x10, 0x03, 0x00, 0x00, 0x00, 0x03, 0x00, 0x00, 0x00, 0x00, 0x00, 0x00, 0x00, 0x00, 0x00, 0x00,
    0x00, 0x00, 0x00, 0x00, 0x00, 0x00, 0x00, 0x00, 0x00, 0x00, 0x00, 0x01, 0x03, 0x03, 0x00, 0x00,
    0x00, 0x00, 0x03, 0x03, 0x01, 0x00, 0x00, 0x00, 0x00, 0x00, 0x00, 0x00, 0x00, 0x00, 0x00, 0x00,
    0x00, 0x00, 0x00, 0x00, 0x00, 0x00, 0x00, 0x00, 0x00, 0x00, 0x00, 0x00, 0x00, 0x00, 0x01, 0x01,
    0x01, 0x01, 0x00, 0x00, 0x00, 0x00, 0x00, 0x00, 0x00, 0x00, 0x00, 0x00, 0x00, 0x00, 0x00, 0x00,
    0x00, 0x00, 0x00, 0x00, 0x00, 0x00, 0x00, 0x00, 0x00, 0x00, 0x00, 0x00, 0x00, 0x00, 0x00, 0x00,
    0x00, 0x00, 0x00, 0x00, 0x00, 0x00, 0x00, 0x00, 0x00, 0x00, 0x00, 0x00, 0x00, 0x00, 0x00, 0x00,
};

const lv_image_dsc_t kit_icon_timer_a8 = {
    .header.magic = LV_IMAGE_HEADER_MAGIC,
    .header.cf = LV_COLOR_FORMAT_A8,
    .header.flags = 0,
    .header.w = 32,
    .header.h = 32,
    .header.stride = 32,
    .data_size = sizeof(kit_icon_timer_a8_map),
    .data = kit_icon_timer_a8_map,
};

static const uint8_t kit_icon_teams_a8_map[] = {
    0x00, 0x00, 0x00, 0x00, 0x00, 0x00, 0x00, 0x00, 0x00, 0x00, 0x00, 0x00, 0x00, 0x00, 0x00, 0x00,
    0x00, 0x00, 0x00, 0x00, 0x00, 0x00, 0x00, 0x00, 0x00, 0x00, 0x00, 0x00, 0x00, 0x00, 0x00, 0x00,
    0x00, 0x00, 0x00, 0x00, 0x00, 0x00, 0x00, 0x00, 0x00, 0x00, 0x00, 0x00, 0x00, 0x00, 0x00, 0x00,
    0x00, 0x00, 0x00, 0x00, 0x00, 0x00, 0x00, 0x00, 0x00, 0x00, 0x00, 0x00, 0x00, 0x00, 0x00, 0x00,
    0x00, 0x00, 0x00, 0x00, 0x00, 0x00, 0x00, 0x01, 0x01, 0x01, 0x01, 0x01, 0x01, 0x00, 0x00, 0x00,
    0x00, 0x00, 0x00, 0x01, 0x01, 0x01, 0x01, 0x01, 0x01, 0x00, 0x00, 0x00, 0x00, 0x00, 0x00, 0x00,
    0x00, 0x00, 0x00, 0x00, 0x00, 0x00, 0x03, 0x00, 0x00, 0x00, 0x00, 0x00, 0x00, 0x03, 0x00, 0x00,
    0x00, 0x00, 0x03, 0x00, 0x00, 0x00, 0x00, 0x00, 0x00, 0x03, 0x00, 0x00, 0x00, 0x00, 0x00, 0x00,
    0x00, 0x00, 0x00, 0x00, 0x00, 0x00, 0x00, 0x09, 0x11, 0x10, 0x10, 0x11, 0x09, 0x00, 0x00, 0x00,
    0x00, 0x00, 0x00, 0x09, 0x11, 0x10, 0x10, 0x11, 0x09, 0x00, 0x00, 0x00, 0x00, 0x00, 0x00, 0x00,
    0x00, 0x00, 0x00, 0x00, 0x01, 0x02, 0x7C, 0xE2, 0xED, 0xEE, 0xEE, 0xED, 0xE2, 0x7C, 0x02, 0x02,
    0x02, 0x02, 0x7C, 0xE2, 0xEC, 0xED, 0xED, 0xEC, 0xE2, 0x7C, 0x02, 0x01, 0x00, 0x00, 0x00, 0x00,
    0x00, 0x00, 0x00, 0x03, 0x00, 0x7B, 0xFF, 0xFF, 0xFF, 0xFF, 0xFF, 0xFF, 0xFF, 0xFF, 0x7B, 0x00,
    0x00, 0x7B, 0xFF, 0xFF, 0xFF, 0xFF, 0xFF, 0xFF, 0xFF, 0xFF, 0x7B, 0x00, 0x03, 0x00, 0x00, 0x00,
    0x00, 0x00, 0x01, 0x01, 0x0D, 0xE9, 0xFC, 0xFC, 0xFE, 0xFE, 0xFE, 0xFE, 0xFC, 0xFC, 0xEA, 0x09,
    0x09, 0xEA, 0xFC, 0xFB, 0xEF, 0xED, 0xED, 0xEF, 0xFB, 0xFC, 0xE8, 0x0D, 0x01, 0x01, 0x00, 0x00,
    0x00, 0x00, 0x01, 0x00, 0x12, 0xEF, 0xFF, 0xFE, 0xFF, 0xFF, 0xFF, 0xFF, 0xFE, 0xFF, 0xF1, 0x0D,
    0x0D, 0xEF, 0xFF, 0xEE, 0x20, 0x11, 0x11, 0x20, 0xEE, 0xFF, 0xEE, 0x12, 0x00, 0x01, 0x00, 0x00,
    0x00, 0x00, 0x01, 0x00, 0x11, 0xED, 0xFF, 0xFE, 0xFF, 0xFF, 0xFF, 0xFF, 0xFE, 0xFF, 0xEF, 0x0C,
    0x0C, 0xED, 0xFF, 0xED, 0x0D, 0x00, 0x00, 0x0D, 0xED, 0xFF, 0xEC, 0x11, 0x00, 0x01, 0x00, 0x00,
    0x00, 0x00, 0x01, 0x00, 0x11, 0xEE, 0xFF, 0xFE, 0xFF, 0xFF, 0xFF, 0xFF, 0xFE, 0xFF, 0xF0, 0x0C,
    0x0C, 0xEE, 0xFF, 0xED, 0x12, 0x01, 0x01, 0x12, 0xED, 0xFF, 0xED, 0x11, 0x00, 0x01, 0x00, 0x00,
    0x00, 0x00, 0x01, 0x00, 0x11, 0xEE, 0xFF, 0xFE, 0xFF, 0xFF, 0xFF, 0xFF, 0xFE, 0xFF, 0xF0, 0x0C,
    0x0C, 0xEE, 0xFF, 0xED, 0x11, 0x00, 0x00, 0x11, 0xED, 0xFF, 0xED, 0x11, 0x00, 0x01, 0x00, 0x00,
    0x00, 0x00, 0x01, 0x00, 0x11, 0xEE, 0xFF, 0xFE, 0xFF, 0xFF, 0xFF, 0xFF, 0xFE, 0xFF, 0xF0, 0x0C,
    0x0C, 0xEE, 0xFF, 0xED, 0x11, 0x00, 0x00, 0x11, 0xED, 0xFF, 0xED, 0x11, 0x00, 0x01, 0x00, 0x00,
    0x00, 0x00, 0x01, 0x00, 0x11, 0xEE, 0xFF, 0xFE, 0xFF, 0xFF, 0xFF, 0xFF, 0xFE, 0xFF, 0xF0, 0x0C,
    0x0C, 0xEE, 0xFF, 0xED, 0x11, 0x00, 0x00, 0x11, 0xED, 0xFF, 0xED, 0x11, 0x00, 0x01, 0x00, 0x00,
    0x00, 0x00, 0x01, 0x00, 0x11, 0xEE, 0xFF, 0xFE, 0xFF, 0xFF, 0xFF, 0xFF, 0xFE, 0xFF, 0xF0, 0x0C,
    0x0C, 0xEE, 0xFF, 0xED, 0x11, 0x00, 0x00, 0x11, 0xED, 0xFF, 0xED, 0x11, 0x00, 0x01, 0x00, 0x00,
    0x00, 0x00, 0x01, 0x00, 0x11, 0xEE, 0xFF, 0xFE, 0xFF, 0xFF, 0xFF, 0xFF, 0xFE, 0xFF, 0xF0, 0x0C,
    0x0C, 0xEE, 0xFF, 0xED, 0x11, 0x00, 0x00, 0x11, 0xED, 0xFF, 0xED, 0x11, 0x00, 0x01, 0x00, 0x00,
    0x00, 0x00, 0x01, 0x00, 0x11, 0xEE, 0xFF, 0xFE, 0xFF, 0xFF, 0xFF, 0xFF, 0xFE, 0xFF, 0xF0, 0x0C,
    0x0C, 0xEE, 0xFF, 0xED, 0x11, 0x00, 0x00, 0x11, 0xED, 0xFF, 0xED, 0x11, 0x00, 0x01, 0x00, 0x00,
    0x00, 0x00, 0x01, 0x00, 0x11, 0xEE, 0xFF, 0xFE, 0xFF, 0xFF, 0xFF, 0xFF, 0xFE, 0xFF, 0xF0, 0x0C,
    0x0C, 0xEE, 0xFF, 0xED, 0x11, 0x00, 0x00, 0x11, 0xED, 0xFF, 0xED, 0x11, 0x00, 0x01, 0x00, 0x00,
    0x00, 0x00, 0x01, 0x00, 0x11, 0xEE, 0xFF, 0xFE, 0xFF, 0xFF, 0xFF, 0xFF, 0xFE, 0xFF, 0xF0, 0x0C,
    0x0C, 0xEE, 0xFF, 0xED, 0x11, 0x00, 0x00, 0x11, 0xED, 0xFF, 0xED, 0x11, 0x00, 0x01, 0x00, 0x00,
    0x00, 0x00, 0x01, 0x00, 0x11, 0xEE, 0xFF, 0xFE, 0xFF, 0xFF, 0xFF, 0xFF, 0xFE, 0xFF, 0xF0, 0x0C,
    0x0C, 0xEE, 0xFF, 0xED, 0x11, 0x00, 0x00, 0x11, 0xED, 0xFF, 0xED, 0x11, 0x00, 0x01, 0x00, 0x00,
    0x00, 0x00, 0x01, 0x00, 0x11, 0xEE, 0xFF, 0xFE, 0xFF, 0xFF, 0xFF, 0xFF, 0xFE, 0xFF, 0xF0, 0x0C,
    0x0C, 0xEE, 0xFF, 0xED, 0x11, 0x00, 0x00, 0x11, 0xED, 0xFF, 0xED, 0x11, 0x00, 0x01, 0x00, 0x00,
    0x00, 0x00, 0x01, 0x00, 0x11, 0xEE, 0xFF, 0xFE, 0xFF, 0xFF, 0xFF, 0xFF, 0xFE, 0xFF, 0xF0, 0x0C,
    0x0C, 0xEE, 0xFF, 0xED, 0x12, 0x01, 0x01, 0x12, 0xED, 0xFF, 0xED, 0x11, 0x00, 0x01, 0x00, 0x00,
    0x00, 0x00, 0x01, 0x00, 0x11, 0xED, 0xFF, 0xFE, 0xFF, 0xFF, 0xFF, 0xFF, 0xFE, 0xFF, 0xEF, 0x0C,
    0x0C, 0xED, 0xFF, 0xED, 0x0D, 0x00, 0x00, 0x0D, 0xED, 0xFF, 0xEC, 0x11, 0x00, 0x01, 0x00, 0x00,
    0x00, 0x00, 0x01, 0x00, 0x12, 0xEF, 0xFF, 0xFE, 0xFF, 0xFF, 0xFF, 0xFF, 0xFE, 0xFF, 0xF1, 0x0D,
    0x0D, 0xEF, 0xFF, 0xEE, 0x20, 0x11, 0x11, 0x20, 0xEE, 0xFF, 0xEE, 0x12, 0x00, 0x01, 0x00, 0x00,
    0x00, 0x00, 0x01, 0x01, 0x0D, 0xE9, 0xFC, 0xFC, 0xFE, 0xFE, 0xFE, 0xFE, 0xFC, 0xFC, 0xEA, 0x09,
    0x09, 0xEA, 0xFC, 0xFB, 0xEF, 0xED, 0xED, 0xEF, 0xFB, 0xFC, 0xE8, 0x0D, 0x01, 0x01, 0x00, 0x00,
    0x00, 0x00, 0x00, 0x03, 0x00, 0x7B, 0xFF, 0xFF, 0xFF, 0xFF, 0xFF, 0xFF, 0xFF, 0xFF, 0x7B, 0x00,
    0x00, 0x7B, 0xFF, 0xFF, 0xFF, 0xFF, 0xFF, 0xFF, 0xFF, 0xFF, 0x7B, 0x00, 0x03, 0x00, 0x00, 0x00,
    0x00, 0x00, 0x00, 0x00, 0x01, 0x02, 0x7C, 0xE2, 0xED, 0xEE, 0xEE, 0xED, 0xE2, 0x7C, 0x02, 0x02,
    0x02, 0x02, 0x7C, 0xE2, 0xEC, 0xED, 0xED, 0xEC, 0xE2, 0x7C, 0x02, 0x01, 0x00, 0x00, 0x00, 0x00,
    0x00, 0x00, 0x00, 0x00, 0x00, 0x00, 0x00, 0x09, 0x11, 0x10, 0x10, 0x11, 0x09, 0x00, 0x00, 0x00,
    0x00, 0x00, 0x00, 0x09, 0x11, 0x10, 0x10, 0x11, 0x09, 0x00, 0x00, 0x00, 0x00, 0x00, 0x00, 0x00,
    0x00, 0x00, 0x00, 0x00, 0x00, 0x00, 0x03, 0x00, 0x00, 0x00, 0x00, 0x00, 0x00, 0x03, 0x00, 0x00,
    0x00, 0x00, 0x03, 0x00, 0x00, 0x00, 0x00, 0x00, 0x00, 0x03, 0x00, 0x00, 0x00, 0x00, 0x00, 0x00,
    0x00, 0x00, 0x00, 0x00, 0x00, 0x00, 0x00, 0x01, 0x01, 0x01, 0x01, 0x01, 0x01, 0x00, 0x00, 0x00,
    0x00, 0x00, 0x00, 0x01, 0x01, 0x01, 0x01, 0x01, 0x01, 0x00, 0x00, 0x00, 0x00, 0x00, 0x00, 0x00,
    0x00, 0x00, 0x00, 0x00, 0x00, 0x00, 0x00, 0x00, 0x00, 0x00, 0x00, 0x00, 0x00, 0x00, 0x00, 0x00,
    0x00, 0x00, 0x00, 0x00, 0x00, 0x00, 0x00, 0x00, 0x00, 0x00, 0x00, 0x00, 0x00, 0x00, 0x00, 0x00,
    0x00, 0x00, 0x00, 0x00, 0x00, 0x00, 0x00, 0x00, 0x00, 0x00, 0x00, 0x00, 0x00, 0x00, 0x00, 0x00,
    0x00, 0x00, 0x00, 0x00, 0x00, 0x00, 0x00, 0x00, 0x00, 0x00, 0x00, 0x00, 0x00, 0x00, 0x00, 0x00,
};

const lv_image_dsc_t kit_icon_teams_a8 = {
    .header.magic = LV_IMAGE_HEADER_MAGIC,
    .header.cf = LV_COLOR_FORMAT_A8,
    .header.flags = 0,
    .header.w = 32,
    .header.h = 32,
    .header.stride = 32,
    .data_size = sizeof(kit_icon_teams_a8_map),
    .data = kit_icon_teams_a8_map,
};

static const uint8_t kit_icon_ask_a8_map[] = {
    0x00, 0x00, 0x00, 0x00, 0x00, 0x00, 0x00, 0x00, 0x00, 0x00, 0x00, 0x00, 0x00, 0x00, 0x00, 0x00,
    0x00, 0x00, 0x00, 0x00, 0x00, 0x00, 0x00, 0x00, 0x00, 0x00, 0x00, 0x00, 0x00, 0x00, 0x00, 0x00,
    0x00, 0x00, 0x00, 0x00, 0x00, 0x00, 0x00, 0x00, 0x00, 0x01, 0x01, 0x01, 0x01, 0x01, 0x01, 0x01,
    0x01, 0x01, 0x01, 0x01, 0x01, 0x01, 0x01, 0x00, 0x00, 0x00, 0x00, 0x00, 0x00, 0x00, 0x00, 0x00,
    0x00, 0x00, 0x00, 0x00, 0x00, 0x00, 0x00, 0x03, 0x02, 0x00, 0x00, 0x00, 0x00, 0x00, 0x00, 0x00,
    0x00, 0x00, 0x00, 0x00, 0x00, 0x00, 0x00, 0x02, 0x03, 0x00, 0x00, 0x00, 0x00, 0x00, 0x00, 0x00,
    0x00, 0x00, 0x00, 0x00, 0x00, 0x01, 0x01, 0x00, 0x00, 0x0F, 0x10, 0x10, 0x11, 0x11, 0x11, 0x11,
    0x11, 0x11, 0x11, 0x11, 0x10, 0x10, 0x0F, 0x00, 0x00, 0x01, 0x01, 0x00, 0x00, 0x00, 0x00, 0x00,
    0x00, 0x00, 0x00, 0x00, 0x01, 0x00, 0x00, 0x62, 0xBC, 0xE9, 0xED, 0xED, 0xED, 0xED, 0xED, 0xED,
    0xED, 0xED, 0xED, 0xED, 0xED, 0xED, 0xE9, 0xBC, 0x62, 0x00, 0x00, 0x01, 0x00, 0x00, 0x00, 0x00,
    0x00, 0x00, 0x00, 0x01, 0x01, 0x13, 0xB8, 0xFF, 0xFF, 0xFF, 0xFF, 0xFF, 0xFF, 0xFF, 0xFF, 0xFF,
    0xFF, 0xFF, 0xFF, 0xFF, 0xFF, 0xFF, 0xFF, 0xFF, 0xFF, 0xB8, 0x13, 0x01, 0x01, 0x00, 0x00, 0x00,
    0x00, 0x00, 0x00, 0x02, 0x02, 0xBB, 0xFF, 0xF9, 0xFF, 0xF4, 0xED, 0xEE, 0xED, 0xED, 0xED, 0xED,
    0xED, 0xED, 0xED, 0xED, 0xEE, 0xED, 0xF4, 0xFF, 0xF9, 0xFF, 0xBB, 0x02, 0x02, 0x00, 0x00, 0x00,
    0x00, 0x00, 0x03, 0x00, 0x61, 0xFF, 0xF8, 0xFE, 0x74, 0x1E, 0x13, 0x11, 0x11, 0x11, 0x11, 0x11,
    0x11, 0x11, 0x11, 0x11, 0x11, 0x13, 0x1E, 0x74, 0xFE, 0xF8, 0xFF, 0x61, 0x00, 0x03, 0x00, 0x00,
    0x00, 0x00, 0x02, 0x01, 0xC3, 0xFE, 0xFF, 0x75, 0x00, 0x00, 0x00, 0x00, 0x00, 0x00, 0x00, 0x00,
    0x00, 0x00, 0x00, 0x00, 0x00, 0x00, 0x00, 0x00, 0x75, 0xFF, 0xFE, 0xC3, 0x01, 0x02, 0x00, 0x00,
    0x00, 0x01, 0x00, 0x10, 0xEA, 0xFF, 0xF1, 0x16, 0x00, 0x08, 0x05, 0x00, 0x02, 0x02, 0x00, 0x05,
    0x05, 0x00, 0x02, 0x02, 0x00, 0x05, 0x08, 0x00, 0x16, 0xF1, 0xFF, 0xEA, 0x10, 0x00, 0x01, 0x00,
    0x00, 0x01, 0x00, 0x11, 0xED, 0xFF, 0xEE, 0x09, 0x25, 0xD5, 0xD5, 0x28, 0x01, 0x01, 0x28, 0xD5,
    0xD5, 0x28, 0x01, 0x01, 0x28, 0xD5, 0xD5, 0x25, 0x09, 0xEE, 0xFF, 0xED, 0x11, 0x00, 0x01, 0x00,
    0x00, 0x01, 0x00, 0x11, 0xED, 0xFF, 0xF2, 0x00, 0x7C, 0xFF, 0xFF, 0x81, 0x00, 0x00, 0x81, 0xFF,
    0xFF, 0x81, 0x00, 0x00, 0x81, 0xFF, 0xFF, 0x7C, 0x00, 0xF2, 0xFF, 0xED, 0x11, 0x00, 0x01, 0x00,
    0x00, 0x01, 0x00, 0x11, 0xED, 0xFF, 0xEF, 0x0A, 0x25, 0xD5, 0xD5, 0x28, 0x01, 0x01, 0x28, 0xD5,
    0xD5, 0x28, 0x01, 0x01, 0x28, 0xD5, 0xD5, 0x25, 0x0A, 0xEF, 0xFF, 0xED, 0x11, 0x00, 0x01, 0x00,
    0x00, 0x01, 0x00, 0x11, 0xED, 0xFF, 0xEC, 0x12, 0x00, 0x05, 0x04, 0x00, 0x00, 0x00, 0x00, 0x04,
    0x04, 0x00, 0x00, 0x00, 0x00, 0x04, 0x05, 0x00, 0x12, 0xEC, 0xFF, 0xED, 0x11, 0x00, 0x01, 0x00,
    0x00, 0x01, 0x00, 0x10, 0xEA, 0xFF, 0xF2, 0x14, 0x04, 0x02, 0x00, 0x02, 0x01, 0x01, 0x02, 0x00,
    0x00, 0x02, 0x01, 0x01, 0x02, 0x00, 0x02, 0x04, 0x14, 0xF2, 0xFF, 0xEA, 0x10, 0x00, 0x01, 0x00,
    0x00, 0x00, 0x02, 0x01, 0xC3, 0xFE, 0xFF, 0x75, 0x00, 0x00, 0x00, 0x00, 0x00, 0x00, 0x00, 0x00,
    0x00, 0x00, 0x00, 0x00, 0x00, 0x00, 0x00, 0x00, 0x75, 0xFF, 0xFE, 0xC3, 0x01, 0x02, 0x00, 0x00,
    0x00, 0x00, 0x03, 0x00, 0x61, 0xFF, 0xF8, 0xFE, 0x74, 0x1D, 0x12, 0x11, 0x11, 0x11, 0x11, 0x11,
    0x11, 0x11, 0x11, 0x11, 0x11, 0x12, 0x1D, 0x74, 0xFE, 0xF8, 0xFF, 0x61, 0x00, 0x03, 0x00, 0x00,
    0x00, 0x00, 0x00, 0x02, 0x02, 0xBB, 0xFF, 0xF9, 0xFF, 0xF4, 0xED, 0xEE, 0xED, 0xED, 0xED, 0xED,
    0xED, 0xED, 0xED, 0xED, 0xEE, 0xED, 0xF4, 0xFF, 0xF9, 0xFF, 0xBB, 0x02, 0x02, 0x00, 0x00, 0x00,
    0x00, 0x00, 0x00, 0x01, 0x01, 0x13, 0xB8, 0xFF, 0xFF, 0xFF, 0xFF, 0xFF, 0xFF, 0xFF, 0xFF, 0xFF,
    0xFF, 0xFF, 0xFF, 0xFF, 0xFF, 0xFF, 0xFF, 0xFF, 0xFF, 0xB8, 0x13, 0x01, 0x01, 0x00, 0x00, 0x00,
    0x00, 0x00, 0x00, 0x00, 0x01, 0x00, 0x00, 0x62, 0xBE, 0xEA, 0xEE, 0xEE, 0xEE, 0xED, 0xED, 0xED,
    0xED, 0xED, 0xED, 0xED, 0xED, 0xED, 0xE9, 0xBC, 0x62, 0x00, 0x00, 0x01, 0x00, 0x00, 0x00, 0x00,
    0x00, 0x00, 0x00, 0x00, 0x00, 0x01, 0x01, 0x00, 0x00, 0x0B, 0x0C, 0x0C, 0x11, 0x11, 0x10, 0x11,
    0x11, 0x11, 0x11, 0x11, 0x10, 0x10, 0x0F, 0x00, 0x00, 0x01, 0x01, 0x00, 0x00, 0x00, 0x00, 0x00,
    0x00, 0x00, 0x00, 0x00, 0x00, 0x00, 0x00, 0x00, 0x13, 0x0C, 0x0C, 0x0C, 0x00, 0x00, 0x00, 0x00,
    0x00, 0x00, 0x00, 0x00, 0x00, 0x00, 0x00, 0x02, 0x03, 0x00, 0x00, 0x00, 0x00, 0x00, 0x00, 0x00,
    0x00, 0x00, 0x00, 0x00, 0x00, 0x02, 0x04, 0xA6, 0xEF, 0xED, 0xED, 0xF0, 0xA7, 0x05, 0x03, 0x01,
    0x01, 0x01, 0x01, 0x01, 0x01, 0x01, 0x01, 0x00, 0x00, 0x00, 0x00, 0x00, 0x00, 0x00, 0x00, 0x00,
    0x00, 0x00, 0x00, 0x00, 0x01, 0x00, 0x12, 0xF8, 0xFF, 0xFF, 0xFF, 0xFF, 0xF8, 0x12, 0x00, 0x01,
    0x00, 0x00, 0x00, 0x00, 0x00, 0x00, 0x00, 0x00, 0x00, 0x00, 0x00, 0x00, 0x00, 0x00, 0x00, 0x00,
    0x00, 0x00, 0x00, 0x00, 0x01, 0x00, 0x11, 0xEC, 0xFE, 0xFD, 0xFD, 0xFE, 0xEC, 0x11, 0x00, 0x01,
    0x00, 0x00, 0x00, 0x00, 0x00, 0x00, 0x00, 0x00, 0x00, 0x00, 0x00, 0x00, 0x00, 0x00, 0x00, 0x00,
    0x00, 0x00, 0x00, 0x00, 0x01, 0x00, 0x11, 0xEC, 0xFE, 0xFD, 0xFD, 0xFE, 0xEC, 0x11, 0x00, 0x01,
    0x00, 0x00, 0x00, 0x00, 0x00, 0x00, 0x00, 0x00, 0x00, 0x00, 0x00, 0x00, 0x00, 0x00, 0x00, 0x00,
    0x00, 0x00, 0x00, 0x00, 0x01, 0x00, 0x12, 0xF8, 0xFF, 0xFF, 0xFF, 0xFF, 0xF8, 0x12, 0x00, 0x01,
    0x00, 0x00, 0x00, 0x00, 0x00, 0x00, 0x00, 0x00, 0x00, 0x00, 0x00, 0x00, 0x00, 0x00, 0x00, 0x00,
    0x00, 0x00, 0x00, 0x00, 0x00, 0x02, 0x04, 0xA6, 0xEE, 0xEC, 0xEC, 0xEE, 0xA6, 0x04, 0x02, 0x00,
    0x00, 0x00, 0x00, 0x00, 0x00, 0x00, 0x00, 0x00, 0x00, 0x00, 0x00, 0x00, 0x00, 0x00, 0x00, 0x00,
    0x00, 0x00, 0x00, 0x00, 0x00, 0x00, 0x00, 0x00, 0x11, 0x10, 0x10, 0x11, 0x00, 0x00, 0x00, 0x00,
    0x00, 0x00, 0x00, 0x00, 0x00, 0x00, 0x00, 0x00, 0x00, 0x00, 0x00, 0x00, 0x00, 0x00, 0x00, 0x00,
    0x00, 0x00, 0x00, 0x00, 0x00, 0x00, 0x00, 0x01, 0x00, 0x00, 0x00, 0x00, 0x01, 0x00, 0x00, 0x00,
    0x00, 0x00, 0x00, 0x00, 0x00, 0x00, 0x00, 0x00, 0x00, 0x00, 0x00, 0x00, 0x00, 0x00, 0x00, 0x00,
    0x00, 0x00, 0x00, 0x00, 0x00, 0x00, 0x00, 0x00, 0x01, 0x01, 0x01, 0x01, 0x00, 0x00, 0x00, 0x00,
    0x00, 0x00, 0x00, 0x00, 0x00, 0x00, 0x00, 0x00, 0x00, 0x00, 0x00, 0x00, 0x00, 0x00, 0x00, 0x00,
    0x00, 0x00, 0x00, 0x00, 0x00, 0x00, 0x00, 0x00, 0x00, 0x00, 0x00, 0x00, 0x00, 0x00, 0x00, 0x00,
    0x00, 0x00, 0x00, 0x00, 0x00, 0x00, 0x00, 0x00, 0x00, 0x00, 0x00, 0x00, 0x00, 0x00, 0x00, 0x00,
};

const lv_image_dsc_t kit_icon_ask_a8 = {
    .header.magic = LV_IMAGE_HEADER_MAGIC,
    .header.cf = LV_COLOR_FORMAT_A8,
    .header.flags = 0,
    .header.w = 32,
    .header.h = 32,
    .header.stride = 32,
    .data_size = sizeof(kit_icon_ask_a8_map),
    .data = kit_icon_ask_a8_map,
};

static const uint8_t kit_icon_pavio_a8_map[] = {
    0x00, 0x00, 0x00, 0x00, 0x00, 0x00, 0x00, 0x00, 0x00, 0x00, 0x00, 0x00, 0x00, 0x00, 0x00, 0x00,
    0x00, 0x00, 0x00, 0x00, 0x00, 0x00, 0x00, 0x00, 0x00, 0x00, 0x00, 0x00, 0x00, 0x00, 0x00, 0x00,
    0x00, 0x00, 0x00, 0x00, 0x00, 0x00, 0x00, 0x00, 0x00, 0x00, 0x00, 0x00, 0x00, 0x00, 0x00, 0x00,
    0x00, 0x00, 0x00, 0x00, 0x02, 0x04, 0x04, 0x02, 0x00, 0x00, 0x00, 0x00, 0x00, 0x00, 0x00, 0x00,
    0x00, 0x00, 0x00, 0x00, 0x00, 0x00, 0x00, 0x00, 0x00, 0x00, 0x00, 0x00, 0x00, 0x00, 0x00, 0x00,
    0x00, 0x00, 0x00, 0x01, 0x00, 0x00, 0x00, 0x00, 0x01, 0x00, 0x00, 0x00, 0x00, 0x00, 0x00, 0x00,
    0x00, 0x00, 0x00, 0x00, 0x00, 0x00, 0x00, 0x00, 0x00, 0x00, 0x00, 0x00, 0x00, 0x00, 0x00, 0x00,
    0x00, 0x00, 0x02, 0x00, 0x25, 0x7D, 0x7D, 0x25, 0x00, 0x01, 0x00, 0x00, 0x00, 0x00, 0x00, 0x00,
    0x00, 0x00, 0x00, 0x00, 0x00, 0x00, 0x00, 0x00, 0x00, 0x00, 0x00, 0x00, 0x00, 0x00, 0x00, 0x00,
    0x00, 0x03, 0x00, 0x27, 0xEC, 0xFF, 0xFF, 0xEC, 0x28, 0x01, 0x02, 0x00, 0x00, 0x00, 0x00, 0x00,
    0x00, 0x00, 0x00, 0x00, 0x00, 0x00, 0x00, 0x00, 0x00, 0x00, 0x00, 0x00, 0x00, 0x00, 0x00, 0x00,
    0x00, 0x00, 0x09, 0x89, 0xFF, 0xF7, 0xF7, 0xFF, 0x80, 0x00, 0x04, 0x00, 0x00, 0x00, 0x00, 0x00,
    0x00, 0x00, 0x00, 0x00, 0x00, 0x00, 0x00, 0x00, 0x00, 0x00, 0x00, 0x00, 0x00, 0x00, 0x00, 0x02,
    0x00, 0x41, 0xE2, 0xF5, 0xFC, 0xFB, 0xF7, 0xFF, 0x80, 0x00, 0x04, 0x00, 0x00, 0x00, 0x00, 0x00,
    0x00, 0x00, 0x00, 0x00, 0x00, 0x00, 0x00, 0x00, 0x00, 0x00, 0x00, 0x00, 0x00, 0x00, 0x01, 0x05,
    0x01, 0x87, 0xFF, 0xFD, 0xFF, 0xFF, 0xFF, 0xEC, 0x28, 0x01, 0x02, 0x00, 0x00, 0x00, 0x00, 0x00,
    0x00, 0x00, 0x00, 0x00, 0x00, 0x00, 0x00, 0x00, 0x00, 0x00, 0x00, 0x00, 0x03, 0x03, 0x00, 0x00,
    0x00, 0x7C, 0xFD, 0xFD, 0xA4, 0x77, 0x80, 0x25, 0x00, 0x01, 0x00, 0x00, 0x00, 0x00, 0x00, 0x00,
    0x00, 0x00, 0x00, 0x00, 0x00, 0x00, 0x00, 0x00, 0x00, 0x00, 0x02, 0x01, 0x00, 0x00, 0x03, 0x14,
    0x10, 0x88, 0xFF, 0xFF, 0x7A, 0x00, 0x00, 0x00, 0x01, 0x00, 0x00, 0x00, 0x00, 0x00, 0x00, 0x00,
    0x00, 0x00, 0x00, 0x00, 0x00, 0x00, 0x00, 0x00, 0x00, 0x02, 0x00, 0x00, 0x46, 0x9E, 0xD5, 0xEE,
    0xEE, 0xF7, 0xFB, 0xFF, 0x7A, 0x00, 0x0B, 0x02, 0x00, 0x00, 0x00, 0x00, 0x00, 0x00, 0x00, 0x00,
    0x00, 0x00, 0x00, 0x00, 0x00, 0x00, 0x00, 0x00, 0x03, 0x00, 0x26, 0xB6, 0xFF, 0xFF, 0xFF, 0xFF,
    0xFF, 0xFF, 0xFD, 0xFE, 0xCB, 0x25, 0x00, 0x03, 0x00, 0x00, 0x00, 0x00, 0x00, 0x00, 0x00, 0x00,
    0x00, 0x00, 0x00, 0x00, 0x00, 0x00, 0x00, 0x02, 0x00, 0x35, 0xED, 0xFF, 0xFD, 0xFB, 0xFD, 0xFE,
    0xFE, 0xFE, 0xFF, 0xFE, 0xFF, 0xED, 0x35, 0x00, 0x02, 0x00, 0x00, 0x00, 0x00, 0x00, 0x00, 0x00,
    0x00, 0x00, 0x00, 0x00, 0x00, 0x00, 0x02, 0x01, 0x23, 0xEE, 0xFF, 0xFB, 0xFF, 0xFF, 0xFF, 0xFF,
    0xFF, 0xFF, 0xFF, 0xFF, 0xFC, 0xFF, 0xEE, 0x23, 0x01, 0x02, 0x00, 0x00, 0x00, 0x00, 0x00, 0x00,
    0x00, 0x00, 0x00, 0x00, 0x00, 0x00, 0x02, 0x00, 0xBA, 0xFF, 0xFB, 0xFF, 0xFF, 0xFF, 0xFF, 0xFF,
    0xFF, 0xFF, 0xFF, 0xFF, 0xFF, 0xFB, 0xFF, 0xBA, 0x00, 0x02, 0x00, 0x00, 0x00, 0x00, 0x00, 0x00,
    0x00, 0x00, 0x00, 0x00, 0x00, 0x03, 0x00, 0x42, 0xFF, 0xFC, 0xFF, 0xFF, 0xFF, 0xFF, 0xFF, 0xFF,
    0xFF, 0xFF, 0xFF, 0xFF, 0xFF, 0xFF, 0xFC, 0xFF, 0x42, 0x00, 0x03, 0x00, 0x00, 0x00, 0x00, 0x00,
    0x00, 0x00, 0x00, 0x00, 0x00, 0x03, 0x00, 0xA1, 0xFE, 0xFB, 0xFF, 0xFF, 0xFF, 0xFF, 0xFF, 0xFF,
    0xFF, 0xFF, 0xFF, 0xFF, 0xFF, 0xFF, 0xFB, 0xFE, 0xA1, 0x00, 0x03, 0x00, 0x00, 0x00, 0x00, 0x00,
    0x00, 0x00, 0x00, 0x00, 0x01, 0x01, 0x09, 0xD9, 0xFF, 0xFD, 0xFF, 0xFF, 0xFF, 0xFF, 0xFF, 0xFF,
    0xFF, 0xFF, 0xFF, 0xFF, 0xFF, 0xFF, 0xFD, 0xFF, 0xD9, 0x09, 0x01, 0x01, 0x00, 0x00, 0x00, 0x00,
    0x00, 0x00, 0x00, 0x00, 0x01, 0x00, 0x12, 0xF0, 0xFF, 0xFE, 0xFF, 0xFF, 0xFF, 0xFF, 0xFF, 0xFF,
    0xFF, 0xFF, 0xFF, 0xFF, 0xFF, 0xFF, 0xFE, 0xFF, 0xF0, 0x12, 0x00, 0x01, 0x00, 0x00, 0x00, 0x00,
    0x00, 0x00, 0x00, 0x00, 0x01, 0x00, 0x12, 0xF0, 0xFF, 0xFE, 0xFF, 0xFF, 0xFF, 0xFF, 0xFF, 0xFF,
    0xFF, 0xFF, 0xFF, 0xFF, 0xFF, 0xFF, 0xFE, 0xFF, 0xF0, 0x12, 0x00, 0x01, 0x00, 0x00, 0x00, 0x00,
    0x00, 0x00, 0x00, 0x00, 0x01, 0x01, 0x09, 0xD9, 0xFF, 0xFD, 0xFF, 0xFF, 0xFF, 0xFF, 0xFF, 0xFF,
    0xFF, 0xFF, 0xFF, 0xFF, 0xFF, 0xFF, 0xFD, 0xFF, 0xD9, 0x09, 0x01, 0x01, 0x00, 0x00, 0x00, 0x00,
    0x00, 0x00, 0x00, 0x00, 0x00, 0x03, 0x00, 0xA1, 0xFE, 0xFB, 0xFF, 0xFF, 0xFF, 0xFF, 0xFF, 0xFF,
    0xFF, 0xFF, 0xFF, 0xFF, 0xFF, 0xFF, 0xFB, 0xFE, 0xA1, 0x00, 0x03, 0x00, 0x00, 0x00, 0x00, 0x00,
    0x00, 0x00, 0x00, 0x00, 0x00, 0x03, 0x00, 0x42, 0xFF, 0xFC, 0xFF, 0xFF, 0xFF, 0xFF, 0xFF, 0xFF,
    0xFF, 0xFF, 0xFF, 0xFF, 0xFF, 0xFF, 0xFC, 0xFF, 0x42, 0x00, 0x03, 0x00, 0x00, 0x00, 0x00, 0x00,
    0x00, 0x00, 0x00, 0x00, 0x00, 0x00, 0x02, 0x00, 0xBA, 0xFF, 0xFB, 0xFF, 0xFF, 0xFF, 0xFF, 0xFF,
    0xFF, 0xFF, 0xFF, 0xFF, 0xFF, 0xFB, 0xFF, 0xBA, 0x00, 0x02, 0x00, 0x00, 0x00, 0x00, 0x00, 0x00,
    0x00, 0x00, 0x00, 0x00, 0x00, 0x00, 0x02, 0x01, 0x23, 0xEE, 0xFF, 0xFB, 0xFF, 0xFF, 0xFF, 0xFF,
    0xFF, 0xFF, 0xFF, 0xFF, 0xFB, 0xFF, 0xEE, 0x23, 0x01, 0x02, 0x00, 0x00, 0x00, 0x00, 0x00, 0x00,
    0x00, 0x00, 0x00, 0x00, 0x00, 0x00, 0x00, 0x02, 0x00, 0x35, 0xED, 0xFF, 0xFD, 0xFB, 0xFD, 0xFE,
    0xFE, 0xFD, 0xFB, 0xFD, 0xFF, 0xED, 0x35, 0x00, 0x02, 0x00, 0x00, 0x00, 0x00, 0x00, 0x00, 0x00,
    0x00, 0x00, 0x00, 0x00, 0x00, 0x00, 0x00, 0x00, 0x03, 0x00, 0x26, 0xB6, 0xFF, 0xFF, 0xFF, 0xFF,
    0xFF, 0xFF, 0xFF, 0xFF, 0xB6, 0x26, 0x00, 0x03, 0x00, 0x00, 0x00, 0x00, 0x00, 0x00, 0x00, 0x00,
    0x00, 0x00, 0x00, 0x00, 0x00, 0x00, 0x00, 0x00, 0x00, 0x02, 0x00, 0x00, 0x46, 0x9E, 0xD5, 0xEE,
    0xEE, 0xD5, 0x9E, 0x46, 0x00, 0x00, 0x02, 0x00, 0x00, 0x00, 0x00, 0x00, 0x00, 0x00, 0x00, 0x00,
    0x00, 0x00, 0x00, 0x00, 0x00, 0x00, 0x00, 0x00, 0x00, 0x00, 0x02, 0x01, 0x00, 0x00, 0x03, 0x10,
    0x10, 0x03, 0x00, 0x00, 0x01, 0x02, 0x00, 0x00, 0x00, 0x00, 0x00, 0x00, 0x00, 0x00, 0x00, 0x00,
    0x00, 0x00, 0x00, 0x00, 0x00, 0x00, 0x00, 0x00, 0x00, 0x00, 0x00, 0x00, 0x03, 0x03, 0x00, 0x00,
    0x00, 0x00, 0x03, 0x03, 0x00, 0x00, 0x00, 0x00, 0x00, 0x00, 0x00, 0x00, 0x00, 0x00, 0x00, 0x00,
    0x00, 0x00, 0x00, 0x00, 0x00, 0x00, 0x00, 0x00, 0x00, 0x00, 0x00, 0x00, 0x00, 0x00, 0x01, 0x01,
    0x01, 0x01, 0x00, 0x00, 0x00, 0x00, 0x00, 0x00, 0x00, 0x00, 0x00, 0x00, 0x00, 0x00, 0x00, 0x00,
    0x00, 0x00, 0x00, 0x00, 0x00, 0x00, 0x00, 0x00, 0x00, 0x00, 0x00, 0x00, 0x00, 0x00, 0x00, 0x00,
    0x00, 0x00, 0x00, 0x00, 0x00, 0x00, 0x00, 0x00, 0x00, 0x00, 0x00, 0x00, 0x00, 0x00, 0x00, 0x00,
};

const lv_image_dsc_t kit_icon_pavio_a8 = {
    .header.magic = LV_IMAGE_HEADER_MAGIC,
    .header.cf = LV_COLOR_FORMAT_A8,
    .header.flags = 0,
    .header.w = 32,
    .header.h = 32,
    .header.stride = 32,
    .data_size = sizeof(kit_icon_pavio_a8_map),
    .data = kit_icon_pavio_a8_map,
};

static const uint8_t kit_icon_adedonha_a8_map[] = {
    0x00, 0x00, 0x00, 0x00, 0x00, 0x00, 0x00, 0x00, 0x00, 0x00, 0x00, 0x00, 0x00, 0x00, 0x00, 0x00,
    0x00, 0x00, 0x00, 0x00, 0x00, 0x00, 0x00, 0x00, 0x00, 0x00, 0x00, 0x00, 0x00, 0x00, 0x00, 0x00,
    0x00, 0x00, 0x00, 0x00, 0x00, 0x00, 0x00, 0x00, 0x00, 0x01, 0x01, 0x01, 0x01, 0x01, 0x01, 0x01,
    0x01, 0x01, 0x01, 0x01, 0x01, 0x01, 0x01, 0x00, 0x00, 0x00, 0x00, 0x00, 0x00, 0x00, 0x00, 0x00,
    0x00, 0x00, 0x00, 0x00, 0x00, 0x00, 0x00, 0x01, 0x03, 0x00, 0x00, 0x00, 0x00, 0x00, 0x00, 0x00,
    0x00, 0x00, 0x00, 0x00, 0x00, 0x00, 0x00, 0x03, 0x01, 0x00, 0x00, 0x00, 0x00, 0x00, 0x00, 0x00,
    0x00, 0x00, 0x00, 0x00, 0x00, 0x00, 0x01, 0x00, 0x00, 0x0A, 0x10, 0x10, 0x11, 0x11, 0x11, 0x11,
    0x11, 0x11, 0x11, 0x11, 0x10, 0x10, 0x0A, 0x00, 0x00, 0x01, 0x00, 0x00, 0x00, 0x00, 0x00, 0x00,
    0x00, 0x00, 0x00, 0x00, 0x00, 0x01, 0x00, 0x1A, 0x9B, 0xE1, 0xEC, 0xED, 0xED, 0xED, 0xED, 0xED,
    0xED, 0xED, 0xED, 0xED, 0xED, 0xEC, 0xE1, 0x9B, 0x1A, 0x00, 0x01, 0x00, 0x00, 0x00, 0x00, 0x00,
    0x00, 0x00, 0x00, 0x00, 0x01, 0x01, 0x19, 0xE1, 0xFF, 0xFF, 0xFF, 0xFF, 0xFF, 0xFF, 0xFF, 0xFF,
    0xFF, 0xFF, 0xFF, 0xFF, 0xFF, 0xFF, 0xFF, 0xFF, 0xE1, 0x19, 0x01, 0x01, 0x00, 0x00, 0x00, 0x00,
    0x00, 0x00, 0x00, 0x00, 0x03, 0x00, 0x9C, 0xFF, 0xFA, 0xFC, 0xEE, 0xF2, 0xF2, 0xF2, 0xF2, 0xF2,
    0xF2, 0xF2, 0xF2, 0xF2, 0xF2, 0xEE, 0xFC, 0xFA, 0xFF, 0x9C, 0x00, 0x03, 0x00, 0x00, 0x00, 0x00,
    0x00, 0x00, 0x00, 0x01, 0x00, 0x0D, 0xE6, 0xFE, 0xF6, 0x42, 0x0E, 0x01, 0x00, 0x00, 0x00, 0x00,
    0x00, 0x00, 0x00, 0x00, 0x01, 0x0E, 0x42, 0xF6, 0xFE, 0xE6, 0x0D, 0x00, 0x01, 0x00, 0x00, 0x00,
    0x00, 0x00, 0x00, 0x01, 0x00, 0x12, 0xEE, 0xFF, 0xEC, 0x05, 0x08, 0x6C, 0x7B, 0x7A, 0x7B, 0x7B,
    0x7B, 0x7B, 0x7A, 0x7B, 0x6C, 0x08, 0x05, 0xEC, 0xFF, 0xEE, 0x12, 0x00, 0x01, 0x00, 0x00, 0x00,
    0x00, 0x00, 0x00, 0x01, 0x00, 0x11, 0xEC, 0xFF, 0xF2, 0x02, 0x72, 0xFF, 0xFF, 0xFF, 0xFF, 0xFF,
    0xFF, 0xFF, 0xFF, 0xFF, 0xFF, 0x72, 0x02, 0xF2, 0xFF, 0xEC, 0x11, 0x00, 0x01, 0x00, 0x00, 0x00,
    0x00, 0x00, 0x00, 0x01, 0x00, 0x11, 0xED, 0xFF, 0xF2, 0x00, 0x71, 0xFF, 0xFF, 0xFF, 0xFF, 0xFF,
    0xFF, 0xFF, 0xFF, 0xFF, 0xFF, 0x71, 0x00, 0xF2, 0xFF, 0xED, 0x11, 0x00, 0x01, 0x00, 0x00, 0x00,
    0x00, 0x00, 0x00, 0x01, 0x00, 0x11, 0xED, 0xFF, 0xEE, 0x0E, 0x0C, 0x70, 0x7F, 0x7F, 0x80, 0x80,
    0x80, 0x80, 0x7F, 0x7F, 0x70, 0x0C, 0x0E, 0xEE, 0xFF, 0xED, 0x11, 0x00, 0x01, 0x00, 0x00, 0x00,
    0x00, 0x00, 0x00, 0x01, 0x00, 0x11, 0xED, 0xFF, 0xED, 0x12, 0x00, 0x00, 0x00, 0x00, 0x00, 0x00,
    0x00, 0x00, 0x00, 0x00, 0x00, 0x00, 0x12, 0xED, 0xFF, 0xED, 0x11, 0x00, 0x01, 0x00, 0x00, 0x00,
    0x00, 0x00, 0x00, 0x01, 0x00, 0x11, 0xED, 0xFF, 0xED, 0x12, 0x00, 0x00, 0x00, 0x00, 0x00, 0x00,
    0x00, 0x00, 0x00, 0x00, 0x00, 0x00, 0x12, 0xED, 0xFF, 0xED, 0x11, 0x00, 0x01, 0x00, 0x00, 0x00,
    0x00, 0x00, 0x00, 0x01, 0x00, 0x11, 0xED, 0xFF, 0xEE, 0x0E, 0x0C, 0x70, 0x7F, 0x7F, 0x80, 0x80,
    0x80, 0x80, 0x7F, 0x7F, 0x70, 0x0C, 0x0E, 0xEE, 0xFF, 0xED, 0x11, 0x00, 0x01, 0x00, 0x00, 0x00,
    0x00, 0x00, 0x00, 0x01, 0x00, 0x11, 0xED, 0xFF, 0xF2, 0x00, 0x71, 0xFF, 0xFF, 0xFF, 0xFF, 0xFF,
    0xFF, 0xFF, 0xFF, 0xFF, 0xFF, 0x71, 0x00, 0xF2, 0xFF, 0xED, 0x11, 0x00, 0x01, 0x00, 0x00, 0x00,
    0x00, 0x00, 0x00, 0x01, 0x00, 0x11, 0xED, 0xFF, 0xF2, 0x00, 0x71, 0xFF, 0xFF, 0xFF, 0xFF, 0xFF,
    0xFF, 0xFF, 0xFF, 0xFF, 0xFF, 0x71, 0x00, 0xF2, 0xFF, 0xED, 0x11, 0x00, 0x01, 0x00, 0x00, 0x00,
    0x00, 0x00, 0x00, 0x01, 0x00, 0x11, 0xED, 0xFF, 0xEE, 0x0E, 0x0C, 0x70, 0x7F, 0x7F, 0x80, 0x80,
    0x80, 0x80, 0x7F, 0x7F, 0x70, 0x0C, 0x0E, 0xEE, 0xFF, 0xED, 0x11, 0x00, 0x01, 0x00, 0x00, 0x00,
    0x00, 0x00, 0x00, 0x01, 0x00, 0x11, 0xED, 0xFF, 0xED, 0x12, 0x00, 0x00, 0x00, 0x00, 0x00, 0x00,
    0x00, 0x00, 0x00, 0x00, 0x00, 0x00, 0x12, 0xED, 0xFF, 0xED, 0x11, 0x00, 0x01, 0x00, 0x00, 0x00,
    0x00, 0x00, 0x00, 0x01, 0x00, 0x11, 0xED, 0xFF, 0xED, 0x12, 0x00, 0x00, 0x00, 0x00, 0x00, 0x00,
    0x00, 0x00, 0x00, 0x00, 0x00, 0x00, 0x12, 0xED, 0xFF, 0xED, 0x11, 0x00, 0x01, 0x00, 0x00, 0x00,
    0x00, 0x00, 0x00, 0x01, 0x00, 0x11, 0xED, 0xFF, 0xEE, 0x0E, 0x0C, 0x70, 0x7F, 0x7F, 0x80, 0x80,
    0x80, 0x80, 0x7F, 0x7F, 0x70, 0x0C, 0x0E, 0xEE, 0xFF, 0xED, 0x11, 0x00, 0x01, 0x00, 0x00, 0x00,
    0x00, 0x00, 0x00, 0x01, 0x00, 0x11, 0xED, 0xFF, 0xF2, 0x00, 0x71, 0xFF, 0xFF, 0xFF, 0xFF, 0xFF,
    0xFF, 0xFF, 0xFF, 0xFF, 0xFF, 0x71, 0x00, 0xF2, 0xFF, 0xED, 0x11, 0x00, 0x01, 0x00, 0x00, 0x00,
    0x00, 0x00, 0x00, 0x01, 0x00, 0x11, 0xEC, 0xFF, 0xF2, 0x02, 0x72, 0xFF, 0xFF, 0xFF, 0xFF, 0xFF,
    0xFF, 0xFF, 0xFF, 0xFF, 0xFF, 0x72, 0x02, 0xF2, 0xFF, 0xEC, 0x11, 0x00, 0x01, 0x00, 0x00, 0x00,
    0x00, 0x00, 0x00, 0x01, 0x00, 0x12, 0xEE, 0xFF, 0xEC, 0x05, 0x08, 0x6C, 0x7B, 0x7A, 0x7B, 0x7B,
    0x7B, 0x7B, 0x7A, 0x7B, 0x6C, 0x08, 0x05, 0xEC, 0xFF, 0xEE, 0x12, 0x00, 0x01, 0x00, 0x00, 0x00,
    0x00, 0x00, 0x00, 0x01, 0x00, 0x0D, 0xE6, 0xFE, 0xF6, 0x42, 0x0E, 0x01, 0x00, 0x00, 0x00, 0x00,
    0x00, 0x00, 0x00, 0x00, 0x01, 0x0E, 0x42, 0xF6, 0xFE, 0xE6, 0x0D, 0x00, 0x01, 0x00, 0x00, 0x00,
    0x00, 0x00, 0x00, 0x00, 0x03, 0x00, 0x9C, 0xFF, 0xFA, 0xFC, 0xEE, 0xF2, 0xF2, 0xF2, 0xF2, 0xF2,
    0xF2, 0xF2, 0xF2, 0xF2, 0xF2, 0xEE, 0xFC, 0xFA, 0xFF, 0x9C, 0x00, 0x03, 0x00, 0x00, 0x00, 0x00,
    0x00, 0x00, 0x00, 0x00, 0x01, 0x01, 0x19, 0xE1, 0xFF, 0xFF, 0xFF, 0xFF, 0xFF, 0xFF, 0xFF, 0xFF,
    0xFF, 0xFF, 0xFF, 0xFF, 0xFF, 0xFF, 0xFF, 0xFF, 0xE1, 0x19, 0x01, 0x01, 0x00, 0x00, 0x00, 0x00,
    0x00, 0x00, 0x00, 0x00, 0x00, 0x01, 0x00, 0x1A, 0x9B, 0xE1, 0xEC, 0xED, 0xED, 0xED, 0xED, 0xED,
    0xED, 0xED, 0xED, 0xED, 0xED, 0xEC, 0xE1, 0x9B, 0x1A, 0x00, 0x01, 0x00, 0x00, 0x00, 0x00, 0x00,
    0x00, 0x00, 0x00, 0x00, 0x00, 0x00, 0x01, 0x00, 0x00, 0x0A, 0x10, 0x10, 0x11, 0x11, 0x11, 0x11,
    0x11, 0x11, 0x11, 0x11, 0x10, 0x10, 0x0A, 0x00, 0x00, 0x01, 0x00, 0x00, 0x00, 0x00, 0x00, 0x00,
    0x00, 0x00, 0x00, 0x00, 0x00, 0x00, 0x00, 0x01, 0x03, 0x00, 0x00, 0x00, 0x00, 0x00, 0x00, 0x00,
    0x00, 0x00, 0x00, 0x00, 0x00, 0x00, 0x00, 0x03, 0x01, 0x00, 0x00, 0x00, 0x00, 0x00, 0x00, 0x00,
    0x00, 0x00, 0x00, 0x00, 0x00, 0x00, 0x00, 0x00, 0x00, 0x01, 0x01, 0x01, 0x01, 0x01, 0x01, 0x01,
    0x01, 0x01, 0x01, 0x01, 0x01, 0x01, 0x01, 0x00, 0x00, 0x00, 0x00, 0x00, 0x00, 0x00, 0x00, 0x00,
    0x00, 0x00, 0x00, 0x00, 0x00, 0x00, 0x00, 0x00, 0x00, 0x00, 0x00, 0x00, 0x00, 0x00, 0x00, 0x00,
    0x00, 0x00, 0x00, 0x00, 0x00, 0x00, 0x00, 0x00, 0x00, 0x00, 0x00, 0x00, 0x00, 0x00, 0x00, 0x00,
};

const lv_image_dsc_t kit_icon_adedonha_a8 = {
    .header.magic = LV_IMAGE_HEADER_MAGIC,
    .header.cf = LV_COLOR_FORMAT_A8,
    .header.flags = 0,
    .header.w = 32,
    .header.h = 32,
    .header.stride = 32,
    .data_size = sizeof(kit_icon_adedonha_a8_map),
    .data = kit_icon_adedonha_a8_map,
};

static const uint8_t kit_icon_placar_a8_map[] = {
    0x00, 0x00, 0x00, 0x00, 0x00, 0x00, 0x00, 0x00, 0x00, 0x00, 0x00, 0x00, 0x00, 0x00, 0x00, 0x00,
    0x00, 0x00, 0x00, 0x00, 0x00, 0x00, 0x00, 0x00, 0x00, 0x00, 0x00, 0x00, 0x00, 0x00, 0x00, 0x00,
    0x00, 0x00, 0x00, 0x00, 0x00, 0x00, 0x00, 0x00, 0x00, 0x00, 0x00, 0x00, 0x00, 0x00, 0x00, 0x00,
    0x00, 0x00, 0x00, 0x00, 0x00, 0x00, 0x00, 0x00, 0x00, 0x00, 0x00, 0x00, 0x00, 0x00, 0x00, 0x00,
    0x00, 0x00, 0x00, 0x00, 0x00, 0x00, 0x00, 0x00, 0x00, 0x00, 0x00, 0x00, 0x00, 0x00, 0x00, 0x00,
    0x00, 0x00, 0x00, 0x00, 0x00, 0x00, 0x00, 0x00, 0x00, 0x00, 0x00, 0x00, 0x00, 0x00, 0x00, 0x00,
    0x00, 0x00, 0x00, 0x00, 0x00, 0x00, 0x00, 0x00, 0x00, 0x00, 0x00, 0x00, 0x00, 0x00, 0x01, 0x01,
    0x01, 0x01, 0x00, 0x00, 0x00, 0x00, 0x00, 0x00, 0x00, 0x00, 0x00, 0x00, 0x00, 0x00, 0x00, 0x00,
    0x00, 0x00, 0x00, 0x00, 0x00, 0x00, 0x00, 0x00, 0x00, 0x00, 0x00, 0x00, 0x00, 0x01, 0x00, 0x00,
    0x00, 0x00, 0x01, 0x00, 0x00, 0x00, 0x00, 0x00, 0x00, 0x00, 0x00, 0x00, 0x00, 0x00, 0x00, 0x00,
    0x00, 0x00, 0x00, 0x00, 0x00, 0x00, 0x00, 0x00, 0x00, 0x00, 0x00, 0x00, 0x00, 0x00, 0x11, 0x10,
    0x10, 0x11, 0x00, 0x00, 0x00, 0x00, 0x00, 0x00, 0x00, 0x00, 0x00, 0x00, 0x00, 0x00, 0x00, 0x00,
    0x00, 0x00, 0x00, 0x00, 0x00, 0x00, 0x00, 0x00, 0x00, 0x00, 0x00, 0x02, 0x04, 0xA6, 0xEE, 0xEC,
    0xEC, 0xEE, 0xA6, 0x04, 0x02, 0x00, 0x00, 0x00, 0x00, 0x00, 0x00, 0x00, 0x00, 0x00, 0x00, 0x00,
    0x00, 0x00, 0x00, 0x00, 0x00, 0x00, 0x00, 0x00, 0x00, 0x00, 0x01, 0x00, 0x12, 0xF8, 0xFF, 0xFF,
    0xFF, 0xFF, 0xF8, 0x12, 0x00, 0x01, 0x00, 0x00, 0x00, 0x00, 0x00, 0x00, 0x00, 0x00, 0x00, 0x00,
    0x00, 0x00, 0x00, 0x00, 0x00, 0x00, 0x00, 0x00, 0x00, 0x00, 0x01, 0x00, 0x11, 0xEC, 0xFE, 0xFD,
    0xFD, 0xFE, 0xEC, 0x11, 0x00, 0x01, 0x00, 0x00, 0x00, 0x00, 0x00, 0x00, 0x00, 0x00, 0x00, 0x00,
    0x00, 0x00, 0x00, 0x00, 0x00, 0x00, 0x00, 0x00, 0x00, 0x00, 0x01, 0x00, 0x11, 0xEE, 0xFF, 0xFE,
    0xFE, 0xFF, 0xEE, 0x11, 0x00, 0x01, 0x01, 0x01, 0x01, 0x01, 0x00, 0x00, 0x00, 0x00, 0x00, 0x00,
    0x00, 0x00, 0x00, 0x00, 0x00, 0x00, 0x00, 0x00, 0x00, 0x00, 0x01, 0x00, 0x11, 0xEE, 0xFF, 0xFE,
    0xFE, 0xFF, 0xEE, 0x11, 0x00, 0x02, 0x00, 0x00, 0x00, 0x00, 0x01, 0x00, 0x00, 0x00, 0x00, 0x00,
    0x00, 0x00, 0x00, 0x00, 0x00, 0x00, 0x00, 0x00, 0x00, 0x00, 0x01, 0x00, 0x11, 0xEE, 0xFF, 0xFE,
    0xFE, 0xFF, 0xEE, 0x12, 0x00, 0x00, 0x11, 0x10, 0x10, 0x11, 0x00, 0x00, 0x00, 0x00, 0x00, 0x00,
    0x00, 0x00, 0x00, 0x00, 0x00, 0x00, 0x00, 0x00, 0x00, 0x00, 0x01, 0x00, 0x11, 0xEE, 0xFF, 0xFE,
    0xFE, 0xFF, 0xEF, 0x11, 0x03, 0xA7, 0xEE, 0xEC, 0xEC, 0xEE, 0xA6, 0x04, 0x02, 0x00, 0x00, 0x00,
    0x00, 0x00, 0x00, 0x00, 0x00, 0x00, 0x01, 0x01, 0x01, 0x01, 0x01, 0x00, 0x11, 0xEE, 0xFF, 0xFE,
    0xFE, 0xFF, 0xF0, 0x0C, 0x0D, 0xFA, 0xFF, 0xFF, 0xFF, 0xFF, 0xF8, 0x12, 0x00, 0x01, 0x00, 0x00,
    0x00, 0x00, 0x00, 0x00, 0x00, 0x01, 0x00, 0x00, 0x00, 0x00, 0x02, 0x00, 0x11, 0xEE, 0xFF, 0xFE,
    0xFE, 0xFF, 0xF0, 0x0C, 0x0C, 0xEE, 0xFE, 0xFD, 0xFD, 0xFE, 0xEC, 0x11, 0x00, 0x01, 0x00, 0x00,
    0x00, 0x00, 0x00, 0x00, 0x00, 0x00, 0x11, 0x10, 0x10, 0x11, 0x00, 0x00, 0x12, 0xEE, 0xFF, 0xFE,
    0xFE, 0xFF, 0xF0, 0x0C, 0x0C, 0xF0, 0xFF, 0xFE, 0xFE, 0xFF, 0xEE, 0x11, 0x00, 0x01, 0x00, 0x00,
    0x00, 0x00, 0x00, 0x02, 0x04, 0xA6, 0xEE, 0xEC, 0xEC, 0xEE, 0xA7, 0x03, 0x11, 0xEF, 0xFF, 0xFE,
    0xFE, 0xFF, 0xF0, 0x0C, 0x0C, 0xF0, 0xFF, 0xFE, 0xFE, 0xFF, 0xEE, 0x11, 0x00, 0x01, 0x00, 0x00,
    0x00, 0x00, 0x01, 0x00, 0x12, 0xF8, 0xFF, 0xFF, 0xFF, 0xFF, 0xFA, 0x0D, 0x0C, 0xF0, 0xFF, 0xFE,
    0xFE, 0xFF, 0xF0, 0x0C, 0x0C, 0xF0, 0xFF, 0xFE, 0xFE, 0xFF, 0xEE, 0x11, 0x00, 0x01, 0x00, 0x00,
    0x00, 0x00, 0x01, 0x00, 0x11, 0xEC, 0xFE, 0xFD, 0xFD, 0xFE, 0xEE, 0x0C, 0x0C, 0xF0, 0xFF, 0xFE,
    0xFE, 0xFF, 0xF0, 0x0C, 0x0C, 0xF0, 0xFF, 0xFE, 0xFE, 0xFF, 0xEE, 0x11, 0x00, 0x01, 0x00, 0x00,
    0x00, 0x00, 0x01, 0x00, 0x11, 0xEE, 0xFF, 0xFE, 0xFE, 0xFF, 0xF0, 0x0C, 0x0C, 0xF0, 0xFF, 0xFE,
    0xFE, 0xFF, 0xF0, 0x0C, 0x0C, 0xF0, 0xFF, 0xFE, 0xFE, 0xFF, 0xEE, 0x11, 0x00, 0x01, 0x00, 0x00,
    0x00, 0x00, 0x01, 0x00, 0x11, 0xEE, 0xFF, 0xFE, 0xFE, 0xFF, 0xF0, 0x0C, 0x0C, 0xF0, 0xFF, 0xFE,
    0xFE, 0xFF, 0xF0, 0x0C, 0x0C, 0xF0, 0xFF, 0xFE, 0xFE, 0xFF, 0xEE, 0x11, 0x00, 0x01, 0x00, 0x00,
    0x00, 0x00, 0x01, 0x00, 0x11, 0xEE, 0xFF, 0xFE, 0xFE, 0xFF, 0xF0, 0x0C, 0x0C, 0xF0, 0xFF, 0xFE,
    0xFE, 0xFF, 0xF0, 0x0C, 0x0C, 0xF0, 0xFF, 0xFE, 0xFE, 0xFF, 0xEE, 0x11, 0x00, 0x01, 0x00, 0x00,
    0x00, 0x00, 0x01, 0x00, 0x11, 0xEE, 0xFF, 0xFE, 0xFE, 0xFF, 0xF0, 0x0C, 0x0C, 0xF0, 0xFF, 0xFE,
    0xFE, 0xFF, 0xF0, 0x0C, 0x0C, 0xF0, 0xFF, 0xFE, 0xFE, 0xFF, 0xEE, 0x11, 0x00, 0x01, 0x00, 0x00,
    0x00, 0x00, 0x01, 0x00, 0x11, 0xEE, 0xFF, 0xFE, 0xFE, 0xFF, 0xF0, 0x0C, 0x0C, 0xF0, 0xFF, 0xFE,
    0xFE, 0xFF, 0xF0, 0x0C, 0x0C, 0xF0, 0xFF, 0xFE, 0xFE, 0xFF, 0xEE, 0x11, 0x00, 0x01, 0x00, 0x00,
    0x00, 0x00, 0x01, 0x00, 0x11, 0xEE, 0xFF, 0xFE, 0xFE, 0xFF, 0xF0, 0x0C, 0x0C, 0xF0, 0xFF, 0xFE,
    0xFE, 0xFF, 0xF0, 0x0C, 0x0C, 0xF0, 0xFF, 0xFE, 0xFE, 0xFF, 0xEE, 0x11, 0x00, 0x01, 0x00, 0x00,
    0x00, 0x00, 0x01, 0x00, 0x11, 0xEC, 0xFE, 0xFD, 0xFD, 0xFE, 0xEE, 0x0C, 0x0C, 0xEE, 0xFE, 0xFD,
    0xFD, 0xFE, 0xEE, 0x0C, 0x0C, 0xEE, 0xFE, 0xFD, 0xFD, 0xFE, 0xEC, 0x11, 0x00, 0x01, 0x00, 0x00,
    0x00, 0x00, 0x01, 0x00, 0x12, 0xF8, 0xFF, 0xFF, 0xFF, 0xFF, 0xFA, 0x0D, 0x0D, 0xFA, 0xFF, 0xFF,
    0xFF, 0xFF, 0xFA, 0x0D, 0x0D, 0xFA, 0xFF, 0xFF, 0xFF, 0xFF, 0xF8, 0x12, 0x00, 0x01, 0x00, 0x00,
    0x00, 0x00, 0x00, 0x02, 0x04, 0xA6, 0xEE, 0xEC, 0xEC, 0xEE, 0xA7, 0x03, 0x03, 0xA7, 0xEE, 0xEC,
    0xEC, 0xEE, 0xA7, 0x03, 0x03, 0xA7, 0xEE, 0xEC, 0xEC, 0xEE, 0xA6, 0x04, 0x02, 0x00, 0x00, 0x00,
    0x00, 0x00, 0x00, 0x00, 0x00, 0x00, 0x11, 0x10, 0x10, 0x11, 0x00, 0x00, 0x00, 0x00, 0x11, 0x10,
    0x10, 0x11, 0x00, 0x00, 0x00, 0x00, 0x11, 0x10, 0x10, 0x11, 0x00, 0x00, 0x00, 0x00, 0x00, 0x00,
    0x00, 0x00, 0x00, 0x00, 0x00, 0x01, 0x00, 0x00, 0x00, 0x00, 0x01, 0x00, 0x00, 0x01, 0x00, 0x00,
    0x00, 0x00, 0x01, 0x00, 0x00, 0x01, 0x00, 0x00, 0x00, 0x00, 0x01, 0x00, 0x00, 0x00, 0x00, 0x00,
    0x00, 0x00, 0x00, 0x00, 0x00, 0x00, 0x01, 0x01, 0x01, 0x01, 0x00, 0x00, 0x00, 0x00, 0x01, 0x01,
    0x01, 0x01, 0x00, 0x00, 0x00, 0x00, 0x01, 0x01, 0x01, 0x01, 0x00, 0x00, 0x00, 0x00, 0x00, 0x00,
    0x00, 0x00, 0x00, 0x00, 0x00, 0x00, 0x00, 0x00, 0x00, 0x00, 0x00, 0x00, 0x00, 0x00, 0x00, 0x00,
    0x00, 0x00, 0x00, 0x00, 0x00, 0x00, 0x00, 0x00, 0x00, 0x00, 0x00, 0x00, 0x00, 0x00, 0x00, 0x00,
};

const lv_image_dsc_t kit_icon_placar_a8 = {
    .header.magic = LV_IMAGE_HEADER_MAGIC,
    .header.cf = LV_COLOR_FORMAT_A8,
    .header.flags = 0,
    .header.w = 32,
    .header.h = 32,
    .header.stride = 32,
    .data_size = sizeof(kit_icon_placar_a8_map),
    .data = kit_icon_placar_a8_map,
};

static const uint8_t kit_icon_veto_a8_map[] = {
    0x00, 0x00, 0x00, 0x00, 0x00, 0x00, 0x00, 0x00, 0x00, 0x00, 0x00, 0x00, 0x00, 0x00, 0x00, 0x00,
    0x00, 0x00, 0x00, 0x00, 0x00, 0x00, 0x00, 0x00, 0x00, 0x00, 0x00, 0x00, 0x00, 0x00, 0x00, 0x00,
    0x00, 0x00, 0x00, 0x00, 0x00, 0x00, 0x00, 0x00, 0x01, 0x01, 0x01, 0x01, 0x01, 0x01, 0x01, 0x01,
    0x01, 0x01, 0x01, 0x01, 0x01, 0x01, 0x01, 0x01, 0x00, 0x00, 0x00, 0x00, 0x00, 0x00, 0x00, 0x00,
    0x00, 0x00, 0x00, 0x00, 0x00, 0x00, 0x01, 0x03, 0x00, 0x00, 0x00, 0x00, 0x00, 0x00, 0x00, 0x00,
    0x00, 0x00, 0x00, 0x00, 0x00, 0x00, 0x00, 0x00, 0x03, 0x01, 0x00, 0x00, 0x00, 0x00, 0x00, 0x00,
    0x00, 0x00, 0x00, 0x00, 0x00, 0x01, 0x00, 0x00, 0x0A, 0x10, 0x10, 0x11, 0x11, 0x11, 0x11, 0x11,
    0x11, 0x11, 0x11, 0x11, 0x11, 0x10, 0x10, 0x0A, 0x00, 0x00, 0x01, 0x00, 0x00, 0x00, 0x00, 0x00,
    0x00, 0x00, 0x00, 0x00, 0x01, 0x00, 0x1A, 0x9B, 0xE1, 0xEC, 0xED, 0xED, 0xED, 0xED, 0xED, 0xED,
    0xED, 0xED, 0xED, 0xED, 0xED, 0xED, 0xEC, 0xE1, 0x9B, 0x1A, 0x00, 0x01, 0x00, 0x00, 0x00, 0x00,
    0x00, 0x00, 0x00, 0x01, 0x01, 0x19, 0xE1, 0xFF, 0xFF, 0xFF, 0xFF, 0xFF, 0xFF, 0xFF, 0xFF, 0xFF,
    0xFF, 0xFF, 0xFF, 0xFF, 0xFF, 0xFF, 0xFF, 0xFF, 0xFF, 0xE1, 0x19, 0x01, 0x01, 0x00, 0x00, 0x00,
    0x00, 0x00, 0x00, 0x03, 0x00, 0x9C, 0xFF, 0xF9, 0xFC, 0xEB, 0xDC, 0xDA, 0xDA, 0xDA, 0xDA, 0xDA,
    0xDA, 0xDA, 0xDA, 0xDA, 0xDA, 0xDC, 0xEB, 0xFC, 0xF9, 0xFF, 0x9C, 0x00, 0x03, 0x00, 0x00, 0x00,
    0x00, 0x00, 0x01, 0x00, 0x0D, 0xE6, 0xFE, 0xF7, 0x3E, 0x1D, 0x82, 0x90, 0x8F, 0x90, 0x90, 0x90,
    0x90, 0x90, 0x90, 0x8F, 0x90, 0x82, 0x1D, 0x3E, 0xF7, 0xFE, 0xE6, 0x0D, 0x00, 0x01, 0x00, 0x00,
    0x00, 0x00, 0x01, 0x00, 0x12, 0xEE, 0xFF, 0xF0, 0x00, 0x6A, 0xFF, 0xFF, 0xFF, 0xFF, 0xFF, 0xFF,
    0xFF, 0xFF, 0xFF, 0xFF, 0xFF, 0xFF, 0x6A, 0x00, 0xF0, 0xFF, 0xEE, 0x12, 0x00, 0x01, 0x00, 0x00,
    0x00, 0x00, 0x01, 0x00, 0x11, 0xEC, 0xFF, 0xF2, 0x02, 0x7E, 0xFC, 0xF8, 0xFC, 0xFC, 0xFC, 0xFC,
    0xFC, 0xFC, 0xFC, 0xFC, 0xF8, 0xFC, 0x7E, 0x02, 0xF2, 0xFF, 0xEC, 0x11, 0x00, 0x01, 0x00, 0x00,
    0x00, 0x00, 0x01, 0x00, 0x11, 0xED, 0xFF, 0xF2, 0x00, 0x7D, 0xFB, 0xF7, 0xFB, 0xFB, 0xFB, 0xFB,
    0xFB, 0xFB, 0xFB, 0xFB, 0xF7, 0xFB, 0x7D, 0x00, 0xF2, 0xFF, 0xED, 0x11, 0x00, 0x01, 0x00, 0x00,
    0x00, 0x00, 0x01, 0x00, 0x11, 0xED, 0xFF, 0xF2, 0x00, 0x6E, 0xFF, 0xFF, 0xFF, 0xFF, 0xFF, 0xFF,
    0xFF, 0xFF, 0xFF, 0xFF, 0xFF, 0xFF, 0x6E, 0x00, 0xF2, 0xFF, 0xED, 0x11, 0x00, 0x01, 0x00, 0x00,
    0x00, 0x00, 0x01, 0x00, 0x11, 0xED, 0xFF, 0xEE, 0x0E, 0x0D, 0x70, 0x7F, 0x7F, 0x80, 0x80, 0x80,
    0x80, 0x80, 0x80, 0x7F, 0x7F, 0x70, 0x0D, 0x0E, 0xEE, 0xFF, 0xED, 0x11, 0x00, 0x01, 0x00, 0x00,
    0x00, 0x00, 0x01, 0x00, 0x11, 0xED, 0xFF, 0xED, 0x12, 0x00, 0x00, 0x00, 0x00, 0x00, 0x00, 0x00,
    0x00, 0x00, 0x00, 0x00, 0x00, 0x00, 0x00, 0x12, 0xED, 0xFF, 0xED, 0x11, 0x00, 0x01, 0x00, 0x00,
    0x00, 0x00, 0x01, 0x00, 0x11, 0xED, 0xFF, 0xED, 0x11, 0x02, 0x09, 0x08, 0x05, 0x04, 0x05, 0x05,
    0x05, 0x05, 0x05, 0x05, 0x05, 0x06, 0x01, 0x11, 0xED, 0xFF, 0xED, 0x11, 0x00, 0x01, 0x00, 0x00,
    0x00, 0x00, 0x01, 0x00, 0x11, 0xED, 0xFF, 0xED, 0x12, 0x00, 0x00, 0x00, 0x00, 0x00, 0x00, 0x00,
    0x00, 0x00, 0x00, 0x00, 0x00, 0x00, 0x00, 0x11, 0xED, 0xFF, 0xED, 0x11, 0x00, 0x01, 0x00, 0x00,
    0x00, 0x00, 0x01, 0x00, 0x11, 0xED, 0xFF, 0xEE, 0x0E, 0x0C, 0x74, 0x73, 0x0E, 0x00, 0x00, 0x0F,
    0x0F, 0x0F, 0x0F, 0x0F, 0x0F, 0x01, 0x00, 0x12, 0xED, 0xFF, 0xED, 0x11, 0x00, 0x01, 0x00, 0x00,
    0x00, 0x00, 0x01, 0x00, 0x11, 0xED, 0xFF, 0xF2, 0x00, 0x71, 0xFF, 0xFF, 0x74, 0x00, 0xCB, 0xF3,
    0xF1, 0xF3, 0xF3, 0xF1, 0xF3, 0xC9, 0x07, 0x0F, 0xEE, 0xFF, 0xED, 0x11, 0x00, 0x01, 0x00, 0x00,
    0x00, 0x00, 0x01, 0x00, 0x11, 0xED, 0xFF, 0xF2, 0x00, 0x71, 0xFF, 0xFF, 0x74, 0x00, 0xCB, 0xF3,
    0xF1, 0xF3, 0xF3, 0xF1, 0xF3, 0xC9, 0x07, 0x0F, 0xEE, 0xFF, 0xED, 0x11, 0x00, 0x01, 0x00, 0x00,
    0x00, 0x00, 0x01, 0x00, 0x11, 0xED, 0xFF, 0xEE, 0x0E, 0x0C, 0x74, 0x73, 0x0E, 0x00, 0x00, 0x0F,
    0x0F, 0x0F, 0x0F, 0x0F, 0x0F, 0x01, 0x00, 0x12, 0xED, 0xFF, 0xED, 0x11, 0x00, 0x01, 0x00, 0x00,
    0x00, 0x00, 0x01, 0x00, 0x11, 0xED, 0xFF, 0xED, 0x12, 0x00, 0x00, 0x00, 0x00, 0x00, 0x00, 0x00,
    0x00, 0x00, 0x00, 0x00, 0x00, 0x01, 0x00, 0x11, 0xED, 0xFF, 0xED, 0x11, 0x00, 0x01, 0x00, 0x00,
    0x00, 0x00, 0x01, 0x00, 0x11, 0xED, 0xFF, 0xED, 0x12, 0x00, 0x00, 0x00, 0x00, 0x00, 0x00, 0x00,
    0x00, 0x00, 0x00, 0x00, 0x00, 0x01, 0x00, 0x11, 0xED, 0xFF, 0xED, 0x11, 0x00, 0x01, 0x00, 0x00,
    0x00, 0x00, 0x01, 0x00, 0x11, 0xEC, 0xFF, 0xEE, 0x10, 0x0D, 0x74, 0x73, 0x0F, 0x02, 0x01, 0x11,
    0x10, 0x11, 0x11, 0x10, 0x11, 0x02, 0x00, 0x14, 0xED, 0xFF, 0xEC, 0x11, 0x00, 0x01, 0x00, 0x00,
    0x00, 0x00, 0x01, 0x00, 0x12, 0xEE, 0xFF, 0xF1, 0x00, 0x6F, 0xFF, 0xFF, 0x71, 0x00, 0xC7, 0xEE,
    0xED, 0xEE, 0xEE, 0xED, 0xEE, 0xC4, 0x03, 0x06, 0xEC, 0xFF, 0xEE, 0x12, 0x00, 0x01, 0x00, 0x00,
    0x00, 0x00, 0x01, 0x00, 0x0D, 0xE6, 0xFE, 0xF8, 0x31, 0x75, 0xFB, 0xFB, 0x7D, 0x10, 0xDC, 0xFF,
    0xFF, 0xFF, 0xFF, 0xFF, 0xFF, 0xDA, 0x17, 0x40, 0xF6, 0xFE, 0xE6, 0x0D, 0x00, 0x01, 0x00, 0x00,
    0x00, 0x00, 0x00, 0x03, 0x00, 0x9C, 0xFF, 0xF9, 0xFB, 0xEC, 0xFE, 0xFE, 0xEF, 0xED, 0xED, 0xFD,
    0xFC, 0xFD, 0xFD, 0xFC, 0xFD, 0xED, 0xEC, 0xFD, 0xF9, 0xFF, 0x9C, 0x00, 0x03, 0x00, 0x00, 0x00,
    0x00, 0x00, 0x00, 0x01, 0x01, 0x19, 0xE1, 0xFF, 0xFF, 0xFF, 0xFF, 0xFF, 0xFF, 0xFF, 0xFF, 0xFF,
    0xFF, 0xFF, 0xFF, 0xFF, 0xFF, 0xFF, 0xFF, 0xFF, 0xFF, 0xE1, 0x19, 0x01, 0x01, 0x00, 0x00, 0x00,
    0x00, 0x00, 0x00, 0x00, 0x01, 0x00, 0x1A, 0x9B, 0xE1, 0xEC, 0xEE, 0xEE, 0xEE, 0xED, 0xEE, 0xEE,
    0xEE, 0xEE, 0xEE, 0xEE, 0xEE, 0xED, 0xEC, 0xE1, 0x9B, 0x1A, 0x00, 0x01, 0x00, 0x00, 0x00, 0x00,
    0x00, 0x00, 0x00, 0x00, 0x00, 0x01, 0x00, 0x00, 0x0A, 0x10, 0x10, 0x11, 0x11, 0x11, 0x11, 0x11,
    0x11, 0x11, 0x11, 0x11, 0x11, 0x10, 0x10, 0x0A, 0x00, 0x00, 0x01, 0x00, 0x00, 0x00, 0x00, 0x00,
    0x00, 0x00, 0x00, 0x00, 0x00, 0x00, 0x01, 0x03, 0x00, 0x00, 0x00, 0x00, 0x00, 0x00, 0x00, 0x00,
    0x00, 0x00, 0x00, 0x00, 0x00, 0x00, 0x00, 0x00, 0x03, 0x01, 0x00, 0x00, 0x00, 0x00, 0x00, 0x00,
    0x00, 0x00, 0x00, 0x00, 0x00, 0x00, 0x00, 0x00, 0x01, 0x01, 0x01, 0x01, 0x01, 0x01, 0x01, 0x01,
    0x01, 0x01, 0x01, 0x01, 0x01, 0x01, 0x01, 0x01, 0x00, 0x00, 0x00, 0x00, 0x00, 0x00, 0x00, 0x00,
    0x00, 0x00, 0x00, 0x00, 0x00, 0x00, 0x00, 0x00, 0x00, 0x00, 0x00, 0x00, 0x00, 0x00, 0x00, 0x00,
    0x00, 0x00, 0x00, 0x00, 0x00, 0x00, 0x00, 0x00, 0x00, 0x00, 0x00, 0x00, 0x00, 0x00, 0x00, 0x00,
};

const lv_image_dsc_t kit_icon_veto_a8 = {
    .header.magic = LV_IMAGE_HEADER_MAGIC,
    .header.cf = LV_COLOR_FORMAT_A8,
    .header.flags = 0,
    .header.w = 32,
    .header.h = 32,
    .header.stride = 32,
    .data_size = sizeof(kit_icon_veto_a8_map),
    .data = kit_icon_veto_a8_map,
};

static const uint8_t kit_icon_mimica_a8_map[] = {
    0x00, 0x00, 0x00, 0x00, 0x00, 0x00, 0x00, 0x00, 0x00, 0x00, 0x00, 0x00, 0x00, 0x00, 0x00, 0x00,
    0x00, 0x00, 0x00, 0x00, 0x00, 0x00, 0x00, 0x00, 0x00, 0x00, 0x00, 0x00, 0x00, 0x00, 0x00, 0x00,
    0x00, 0x00, 0x00, 0x00, 0x00, 0x00, 0x00, 0x00, 0x00, 0x00, 0x00, 0x00, 0x00, 0x00, 0x00, 0x01,
    0x01, 0x00, 0x00, 0x00, 0x00, 0x00, 0x00, 0x00, 0x00, 0x00, 0x00, 0x00, 0x00, 0x00, 0x00, 0x00,
    0x00, 0x00, 0x00, 0x00, 0x00, 0x00, 0x00, 0x00, 0x00, 0x00, 0x00, 0x00, 0x00, 0x02, 0x03, 0x00,
    0x00, 0x03, 0x02, 0x00, 0x00, 0x00, 0x00, 0x00, 0x00, 0x00, 0x00, 0x00, 0x00, 0x00, 0x00, 0x00,
    0x00, 0x00, 0x00, 0x00, 0x00, 0x00, 0x00, 0x00, 0x00, 0x00, 0x00, 0x00, 0x02, 0x00, 0x00, 0x0F,
    0x0F, 0x00, 0x00, 0x02, 0x00, 0x00, 0x00, 0x00, 0x00, 0x00, 0x00, 0x00, 0x00, 0x00, 0x00, 0x00,
    0x00, 0x00, 0x00, 0x00, 0x00, 0x00, 0x00, 0x00, 0x00, 0x00, 0x00, 0x02, 0x00, 0x37, 0xB1, 0xEB,
    0xEB, 0xB1, 0x37, 0x00, 0x02, 0x00, 0x00, 0x00, 0x00, 0x00, 0x00, 0x00, 0x00, 0x00, 0x00, 0x00,
    0x00, 0x00, 0x00, 0x00, 0x00, 0x00, 0x00, 0x00, 0x00, 0x00, 0x03, 0x00, 0x54, 0xFB, 0xFF, 0xFF,
    0xFF, 0xFF, 0xFB, 0x54, 0x00, 0x03, 0x00, 0x00, 0x00, 0x00, 0x00, 0x00, 0x00, 0x00, 0x00, 0x00,
    0x00, 0x00, 0x00, 0x00, 0x00, 0x00, 0x00, 0x00, 0x00, 0x01, 0x01, 0x14, 0xEA, 0xFF, 0xFA, 0xFE,
    0xFE, 0xFA, 0xFF, 0xEA, 0x14, 0x01, 0x01, 0x00, 0x00, 0x00, 0x00, 0x00, 0x00, 0x00, 0x00, 0x00,
    0x00, 0x00, 0x00, 0x00, 0x00, 0x00, 0x00, 0x00, 0x00, 0x04, 0x00, 0x62, 0xFF, 0xFB, 0xFF, 0xFF,
    0xFF, 0xFF, 0xFB, 0xFF, 0x62, 0x00, 0x04, 0x00, 0x00, 0x00, 0x00, 0x00, 0x00, 0x00, 0x00, 0x00,
    0x00, 0x00, 0x00, 0x00, 0x00, 0x00, 0x00, 0x00, 0x00, 0x04, 0x00, 0x88, 0xFD, 0xFB, 0xFF, 0xFF,
    0xFF, 0xFF, 0xFB, 0xFD, 0x88, 0x00, 0x04, 0x00, 0x00, 0x00, 0x00, 0x00, 0x00, 0x00, 0x00, 0x00,
    0x00, 0x00, 0x00, 0x00, 0x00, 0x00, 0x00, 0x00, 0x00, 0x04, 0x00, 0x62, 0xFF, 0xFB, 0xFF, 0xFF,
    0xFF, 0xFF, 0xFB, 0xFF, 0x62, 0x00, 0x04, 0x00, 0x00, 0x00, 0x00, 0x00, 0x00, 0x00, 0x00, 0x00,
    0x00, 0x00, 0x00, 0x00, 0x00, 0x00, 0x00, 0x00, 0x00, 0x01, 0x01, 0x14, 0xEA, 0xFF, 0xFA, 0xFE,
    0xFE, 0xFA, 0xFF, 0xEA, 0x14, 0x01, 0x01, 0x00, 0x00, 0x00, 0x00, 0x00, 0x00, 0x00, 0x00, 0x00,
    0x00, 0x00, 0x00, 0x00, 0x00, 0x00, 0x00, 0x00, 0x00, 0x00, 0x03, 0x00, 0x54, 0xFB, 0xFF, 0xFF,
    0xFF, 0xFF, 0xFB, 0x54, 0x00, 0x03, 0x00, 0x00, 0x00, 0x00, 0x00, 0x00, 0x00, 0x00, 0x00, 0x00,
    0x00, 0x00, 0x00, 0x00, 0x01, 0x04, 0x04, 0x04, 0x04, 0x04, 0x04, 0x07, 0x00, 0x3B, 0xB5, 0xE8,
    0xE8, 0xB5, 0x3B, 0x00, 0x07, 0x04, 0x04, 0x04, 0x04, 0x04, 0x04, 0x01, 0x00, 0x00, 0x00, 0x00,
    0x00, 0x00, 0x00, 0x00, 0x00, 0x00, 0x00, 0x00, 0x00, 0x00, 0x00, 0x00, 0x00, 0x00, 0x00, 0x1A,
    0x1A, 0x00, 0x00, 0x00, 0x00, 0x00, 0x00, 0x00, 0x00, 0x00, 0x00, 0x00, 0x00, 0x00, 0x00, 0x00,
    0x00, 0x00, 0x01, 0x00, 0x0D, 0x70, 0x7F, 0x7F, 0x80, 0x80, 0x80, 0x80, 0x80, 0x82, 0x86, 0xDE,
    0xDE, 0x86, 0x82, 0x80, 0x80, 0x80, 0x80, 0x80, 0x7F, 0x7F, 0x70, 0x0D, 0x00, 0x01, 0x00, 0x00,
    0x00, 0x00, 0x04, 0x00, 0x76, 0xFF, 0xFF, 0xFF, 0xFF, 0xFF, 0xFF, 0xFF, 0xFF, 0xFF, 0xFF, 0xFF,
    0xFF, 0xFF, 0xFF, 0xFF, 0xFF, 0xFF, 0xFF, 0xFF, 0xFF, 0xFF, 0xFF, 0x76, 0x00, 0x04, 0x00, 0x00,
    0x00, 0x00, 0x04, 0x00, 0x76, 0xFF, 0xFF, 0xFF, 0xFF, 0xFF, 0xFF, 0xFF, 0xFF, 0xFF, 0xFC, 0xFD,
    0xFD, 0xFC, 0xFF, 0xFF, 0xFF, 0xFF, 0xFF, 0xFF, 0xFF, 0xFF, 0xFF, 0x76, 0x00, 0x04, 0x00, 0x00,
    0x00, 0x00, 0x01, 0x00, 0x0D, 0x70, 0x7F, 0x7F, 0x80, 0x80, 0x80, 0x80, 0x80, 0x88, 0xF7, 0xFF,
    0xFF, 0xF7, 0x88, 0x80, 0x80, 0x80, 0x80, 0x80, 0x7F, 0x7F, 0x70, 0x0D, 0x00, 0x01, 0x00, 0x00,
    0x00, 0x00, 0x00, 0x00, 0x00, 0x00, 0x00, 0x00, 0x00, 0x00, 0x00, 0x00, 0x00, 0x00, 0xED, 0xFF,
    0xFF, 0xED, 0x00, 0x00, 0x00, 0x00, 0x00, 0x00, 0x00, 0x00, 0x00, 0x00, 0x00, 0x00, 0x00, 0x00,
    0x00, 0x00, 0x00, 0x00, 0x01, 0x04, 0x04, 0x04, 0x04, 0x04, 0x04, 0x05, 0x04, 0x15, 0xEE, 0xFF,
    0xFF, 0xEE, 0x15, 0x04, 0x05, 0x04, 0x04, 0x04, 0x04, 0x04, 0x04, 0x01, 0x00, 0x00, 0x00, 0x00,
    0x00, 0x00, 0x00, 0x00, 0x00, 0x00, 0x00, 0x00, 0x00, 0x00, 0x00, 0x01, 0x00, 0x11, 0xEE, 0xFF,
    0xFF, 0xEE, 0x11, 0x00, 0x01, 0x00, 0x00, 0x00, 0x00, 0x00, 0x00, 0x00, 0x00, 0x00, 0x00, 0x00,
    0x00, 0x00, 0x00, 0x00, 0x00, 0x00, 0x00, 0x00, 0x00, 0x00, 0x00, 0x01, 0x00, 0x11, 0xEE, 0xFF,
    0xFF, 0xEE, 0x11, 0x00, 0x01, 0x00, 0x00, 0x00, 0x00, 0x00, 0x00, 0x00, 0x00, 0x00, 0x00, 0x00,
    0x00, 0x00, 0x00, 0x00, 0x00, 0x00, 0x00, 0x00, 0x00, 0x00, 0x00, 0x01, 0x00, 0x11, 0xED, 0xFF,
    0xFF, 0xED, 0x11, 0x00, 0x01, 0x00, 0x00, 0x00, 0x00, 0x00, 0x00, 0x00, 0x00, 0x00, 0x00, 0x00,
    0x00, 0x00, 0x00, 0x00, 0x00, 0x00, 0x00, 0x00, 0x00, 0x00, 0x00, 0x01, 0x00, 0x12, 0xF0, 0xFD,
    0xFD, 0xF0, 0x12, 0x00, 0x01, 0x00, 0x00, 0x00, 0x00, 0x00, 0x00, 0x00, 0x00, 0x00, 0x00, 0x00,
    0x00, 0x00, 0x00, 0x00, 0x00, 0x00, 0x00, 0x00, 0x00, 0x00, 0x00, 0x01, 0x01, 0x0D, 0xE7, 0xFF,
    0xFF, 0xE7, 0x0D, 0x01, 0x01, 0x00, 0x00, 0x00, 0x00, 0x00, 0x00, 0x00, 0x00, 0x00, 0x00, 0x00,
    0x00, 0x00, 0x00, 0x00, 0x00, 0x00, 0x00, 0x00, 0x00, 0x00, 0x00, 0x00, 0x02, 0x00, 0x46, 0xE2,
    0xE2, 0x46, 0x00, 0x02, 0x00, 0x00, 0x00, 0x00, 0x00, 0x00, 0x00, 0x00, 0x00, 0x00, 0x00, 0x00,
    0x00, 0x00, 0x00, 0x00, 0x00, 0x00, 0x00, 0x00, 0x00, 0x00, 0x00, 0x00, 0x00, 0x00, 0x00, 0x0A,
    0x0A, 0x00, 0x00, 0x00, 0x00, 0x00, 0x00, 0x00, 0x00, 0x00, 0x00, 0x00, 0x00, 0x00, 0x00, 0x00,
    0x00, 0x00, 0x00, 0x00, 0x00, 0x00, 0x00, 0x00, 0x00, 0x00, 0x00, 0x00, 0x00, 0x00, 0x02, 0x00,
    0x00, 0x02, 0x00, 0x00, 0x00, 0x00, 0x00, 0x00, 0x00, 0x00, 0x00, 0x00, 0x00, 0x00, 0x00, 0x00,
    0x00, 0x00, 0x00, 0x00, 0x00, 0x00, 0x00, 0x00, 0x00, 0x00, 0x00, 0x00, 0x00, 0x00, 0x00, 0x01,
    0x01, 0x00, 0x00, 0x00, 0x00, 0x00, 0x00, 0x00, 0x00, 0x00, 0x00, 0x00, 0x00, 0x00, 0x00, 0x00,
    0x00, 0x00, 0x00, 0x00, 0x00, 0x00, 0x00, 0x00, 0x00, 0x00, 0x00, 0x00, 0x00, 0x00, 0x00, 0x00,
    0x00, 0x00, 0x00, 0x00, 0x00, 0x00, 0x00, 0x00, 0x00, 0x00, 0x00, 0x00, 0x00, 0x00, 0x00, 0x00,
    0x00, 0x00, 0x00, 0x00, 0x00, 0x00, 0x00, 0x00, 0x00, 0x00, 0x00, 0x00, 0x00, 0x00, 0x00, 0x00,
    0x00, 0x00, 0x00, 0x00, 0x00, 0x00, 0x00, 0x00, 0x00, 0x00, 0x00, 0x00, 0x00, 0x00, 0x00, 0x00,
    0x00, 0x00, 0x00, 0x00, 0x00, 0x00, 0x00, 0x00, 0x00, 0x00, 0x00, 0x00, 0x00, 0x00, 0x00, 0x00,
    0x00, 0x00, 0x00, 0x00, 0x00, 0x00, 0x00, 0x00, 0x00, 0x00, 0x00, 0x00, 0x00, 0x00, 0x00, 0x00,
};

const lv_image_dsc_t kit_icon_mimica_a8 = {
    .header.magic = LV_IMAGE_HEADER_MAGIC,
    .header.cf = LV_COLOR_FORMAT_A8,
    .header.flags = 0,
    .header.w = 32,
    .header.h = 32,
    .header.stride = 32,
    .data_size = sizeof(kit_icon_mimica_a8_map),
    .data = kit_icon_mimica_a8_map,
};

static const uint8_t kit_icon_testa_a8_map[] = {
    0x00, 0x00, 0x00, 0x00, 0x00, 0x00, 0x00, 0x00, 0x00, 0x00, 0x00, 0x00, 0x00, 0x00, 0x00, 0x00,
    0x00, 0x00, 0x00, 0x00, 0x00, 0x00, 0x00, 0x00, 0x00, 0x00, 0x00, 0x00, 0x00, 0x00, 0x00, 0x00,
    0x00, 0x00, 0x00, 0x00, 0x00, 0x00, 0x00, 0x00, 0x00, 0x00, 0x00, 0x00, 0x00, 0x00, 0x00, 0x00,
    0x00, 0x00, 0x00, 0x00, 0x00, 0x00, 0x00, 0x00, 0x00, 0x00, 0x00, 0x00, 0x00, 0x00, 0x00, 0x00,
    0x00, 0x00, 0x00, 0x00, 0x00, 0x00, 0x00, 0x00, 0x00, 0x00, 0x00, 0x00, 0x00, 0x00, 0x00, 0x00,
    0x00, 0x00, 0x00, 0x00, 0x00, 0x00, 0x00, 0x00, 0x00, 0x00, 0x00, 0x00, 0x00, 0x00, 0x00, 0x00,
    0x00, 0x00, 0x00, 0x00, 0x00, 0x00, 0x00, 0x00, 0x00, 0x00, 0x00, 0x00, 0x00, 0x00, 0x00, 0x00,
    0x00, 0x00, 0x00, 0x00, 0x00, 0x00, 0x00, 0x00, 0x00, 0x00, 0x00, 0x00, 0x00, 0x00, 0x00, 0x00,
    0x00, 0x00, 0x00, 0x00, 0x00, 0x00, 0x00, 0x00, 0x00, 0x00, 0x00, 0x00, 0x00, 0x00, 0x00, 0x00,
    0x01, 0x01, 0x01, 0x01, 0x01, 0x01, 0x01, 0x01, 0x00, 0x00, 0x00, 0x00, 0x00, 0x00, 0x00, 0x00,
    0x00, 0x00, 0x00, 0x00, 0x00, 0x00, 0x00, 0x00, 0x00, 0x00, 0x00, 0x00, 0x00, 0x00, 0x00, 0x02,
    0x00, 0x00, 0x00, 0x00, 0x00, 0x00, 0x00, 0x00, 0x04, 0x04, 0x04, 0x04, 0x04, 0x04, 0x04, 0x03,
    0x00, 0x00, 0x00, 0x00, 0x00, 0x00, 0x00, 0x00, 0x00, 0x00, 0x00, 0x00, 0x00, 0x00, 0x01, 0x00,
    0x02, 0x10, 0x0F, 0x0F, 0x0F, 0x0F, 0x0F, 0x02, 0x00, 0x00, 0x00, 0x00, 0x00, 0x00, 0x00, 0x00,
    0x00, 0x00, 0x00, 0x00, 0x00, 0x00, 0x00, 0x00, 0x03, 0x04, 0x04, 0x04, 0x02, 0x02, 0x00, 0x35,
    0xD2, 0xF1, 0xF2, 0xF3, 0xF3, 0xF2, 0xF3, 0xD2, 0x65, 0x80, 0x80, 0x80, 0x80, 0x7F, 0x80, 0x42,
    0x00, 0x00, 0x00, 0x00, 0x00, 0x00, 0x02, 0x01, 0x00, 0x00, 0x00, 0x00, 0x00, 0x03, 0x0A, 0xD9,
    0xFF, 0xF2, 0xF3, 0xF3, 0xF3, 0xF3, 0xF4, 0xFF, 0xFF, 0xFF, 0xFF, 0xFF, 0xFF, 0xFF, 0xFF, 0xFD,
    0x00, 0x00, 0x00, 0x00, 0x00, 0x02, 0x00, 0x00, 0x35, 0x6F, 0x7E, 0x6F, 0x36, 0x00, 0x08, 0xF7,
    0xF1, 0x1E, 0x0F, 0x10, 0x10, 0x0F, 0x1F, 0xED, 0xFD, 0xFF, 0xFF, 0xFF, 0xFF, 0xFF, 0xFF, 0xFD,
    0x00, 0x00, 0x00, 0x00, 0x02, 0x00, 0x26, 0xB6, 0xFF, 0xFF, 0xFF, 0xFF, 0xFF, 0xB3, 0x31, 0xEC,
    0xF4, 0x0B, 0x00, 0x00, 0x00, 0x00, 0x0C, 0xF0, 0xF9, 0x86, 0x80, 0x80, 0x80, 0x7F, 0x80, 0x42,
    0x00, 0x00, 0x00, 0x02, 0x00, 0x34, 0xED, 0xFF, 0xFD, 0xFB, 0xFB, 0xFB, 0xFE, 0xFF, 0xF4, 0xF7,
    0xF0, 0x12, 0x01, 0x02, 0x02, 0x01, 0x10, 0xF3, 0xF2, 0x00, 0x00, 0x00, 0x00, 0x00, 0x00, 0x00,
    0x00, 0x00, 0x01, 0x02, 0x0F, 0xDE, 0xFF, 0xFA, 0xFF, 0xFF, 0xFF, 0xFF, 0xFF, 0xFC, 0xFF, 0xFF,
    0xEE, 0x11, 0x00, 0x01, 0x01, 0x00, 0x0F, 0xF3, 0xF3, 0x13, 0x04, 0x05, 0x04, 0x04, 0x04, 0x03,
    0x00, 0x00, 0x04, 0x00, 0x81, 0xFF, 0xFA, 0xFF, 0xFF, 0xFF, 0xFF, 0xFF, 0xFF, 0xFF, 0xFD, 0xFF,
    0xEE, 0x11, 0x00, 0x01, 0x01, 0x00, 0x0F, 0xF3, 0xF3, 0x0F, 0x00, 0x01, 0x00, 0x00, 0x00, 0x00,
    0x00, 0x00, 0x01, 0x04, 0xD0, 0xFE, 0xFC, 0xFF, 0xFF, 0xFF, 0xFF, 0xFF, 0xFF, 0xFF, 0xFE, 0xFF,
    0xEE, 0x11, 0x00, 0x01, 0x01, 0x00, 0x0F, 0xF3, 0xF3, 0x0F, 0x00, 0x01, 0x00, 0x00, 0x00, 0x00,
    0x00, 0x01, 0x00, 0x12, 0xEE, 0xFF, 0xFE, 0xFF, 0xFF, 0xFF, 0xFF, 0xFF, 0xFF, 0xFF, 0xFE, 0xFF,
    0xEE, 0x11, 0x00, 0x01, 0x01, 0x00, 0x0F, 0xF3, 0xF3, 0x0F, 0x00, 0x01, 0x00, 0x00, 0x00, 0x00,
    0x00, 0x01, 0x00, 0x12, 0xEE, 0xFF, 0xFE, 0xFF, 0xFF, 0xFF, 0xFF, 0xFF, 0xFF, 0xFF, 0xFE, 0xFF,
    0xEE, 0x11, 0x00, 0x01, 0x01, 0x00, 0x0F, 0xF3, 0xF3, 0x0F, 0x00, 0x01, 0x00, 0x00, 0x00, 0x00,
    0x00, 0x00, 0x01, 0x04, 0xD0, 0xFE, 0xFC, 0xFF, 0xFF, 0xFF, 0xFF, 0xFF, 0xFF, 0xFF, 0xFE, 0xFF,
    0xEE, 0x11, 0x00, 0x01, 0x01, 0x00, 0x0F, 0xF3, 0xF3, 0x0F, 0x00, 0x01, 0x00, 0x00, 0x00, 0x00,
    0x00, 0x00, 0x04, 0x00, 0x81, 0xFF, 0xFA, 0xFF, 0xFF, 0xFF, 0xFF, 0xFF, 0xFF, 0xFF, 0xFD, 0xFF,
    0xEE, 0x11, 0x00, 0x01, 0x01, 0x00, 0x0F, 0xF3, 0xF3, 0x0F, 0x00, 0x01, 0x00, 0x00, 0x00, 0x00,
    0x00, 0x00, 0x01, 0x02, 0x0F, 0xDE, 0xFF, 0xFA, 0xFF, 0xFF, 0xFF, 0xFF, 0xFF, 0xFC, 0xFF, 0xFF,
    0xEE, 0x11, 0x00, 0x01, 0x01, 0x00, 0x0F, 0xF3, 0xF3, 0x13, 0x04, 0x05, 0x04, 0x04, 0x04, 0x03,
    0x00, 0x00, 0x00, 0x02, 0x00, 0x34, 0xED, 0xFF, 0xFD, 0xFB, 0xFB, 0xFB, 0xFE, 0xFF, 0xF4, 0xF7,
    0xF0, 0x12, 0x01, 0x02, 0x02, 0x01, 0x10, 0xF3, 0xF2, 0x00, 0x00, 0x00, 0x00, 0x00, 0x00, 0x00,
    0x00, 0x00, 0x00, 0x00, 0x02, 0x00, 0x26, 0xB6, 0xFF, 0xFF, 0xFF, 0xFF, 0xFF, 0xB3, 0x31, 0xEC,
    0xF4, 0x0B, 0x00, 0x00, 0x00, 0x00, 0x0C, 0xF0, 0xF9, 0x86, 0x80, 0x80, 0x80, 0x7F, 0x80, 0x42,
    0x00, 0x00, 0x00, 0x00, 0x00, 0x02, 0x00, 0x00, 0x35, 0x6F, 0x7E, 0x6F, 0x36, 0x00, 0x08, 0xF7,
    0xF1, 0x1E, 0x0F, 0x10, 0x10, 0x0F, 0x1F, 0xED, 0xFD, 0xFF, 0xFF, 0xFF, 0xFF, 0xFF, 0xFF, 0xFD,
    0x00, 0x00, 0x00, 0x00, 0x00, 0x00, 0x02, 0x01, 0x00, 0x00, 0x00, 0x00, 0x00, 0x03, 0x0A, 0xD9,
    0xFF, 0xF2, 0xF3, 0xF3, 0xF3, 0xF3, 0xF4, 0xFF, 0xFF, 0xFF, 0xFF, 0xFF, 0xFF, 0xFF, 0xFF, 0xFD,
    0x00, 0x00, 0x00, 0x00, 0x00, 0x00, 0x00, 0x00, 0x03, 0x04, 0x04, 0x04, 0x02, 0x02, 0x00, 0x35,
    0xD2, 0xF1, 0xF2, 0xF3, 0xF3, 0xF2, 0xF3, 0xD2, 0x65, 0x80, 0x80, 0x80, 0x80, 0x7F, 0x80, 0x42,
    0x00, 0x00, 0x00, 0x00, 0x00, 0x00, 0x00, 0x00, 0x00, 0x00, 0x00, 0x00, 0x00, 0x00, 0x01, 0x00,
    0x02, 0x10, 0x0F, 0x0F, 0x0F, 0x0F, 0x0F, 0x02, 0x00, 0x00, 0x00, 0x00, 0x00, 0x00, 0x00, 0x00,
    0x00, 0x00, 0x00, 0x00, 0x00, 0x00, 0x00, 0x00, 0x00, 0x00, 0x00, 0x00, 0x00, 0x00, 0x00, 0x02,
    0x00, 0x00, 0x00, 0x00, 0x00, 0x00, 0x00, 0x00, 0x04, 0x04, 0x04, 0x04, 0x04, 0x04, 0x04, 0x03,
    0x00, 0x00, 0x00, 0x00, 0x00, 0x00, 0x00, 0x00, 0x00, 0x00, 0x00, 0x00, 0x00, 0x00, 0x00, 0x00,
    0x01, 0x01, 0x01, 0x01, 0x01, 0x01, 0x01, 0x01, 0x00, 0x00, 0x00, 0x00, 0x00, 0x00, 0x00, 0x00,
    0x00, 0x00, 0x00, 0x00, 0x00, 0x00, 0x00, 0x00, 0x00, 0x00, 0x00, 0x00, 0x00, 0x00, 0x00, 0x00,
    0x00, 0x00, 0x00, 0x00, 0x00, 0x00, 0x00, 0x00, 0x00, 0x00, 0x00, 0x00, 0x00, 0x00, 0x00, 0x00,
    0x00, 0x00, 0x00, 0x00, 0x00, 0x00, 0x00, 0x00, 0x00, 0x00, 0x00, 0x00, 0x00, 0x00, 0x00, 0x00,
    0x00, 0x00, 0x00, 0x00, 0x00, 0x00, 0x00, 0x00, 0x00, 0x00, 0x00, 0x00, 0x00, 0x00, 0x00, 0x00,
    0x00, 0x00, 0x00, 0x00, 0x00, 0x00, 0x00, 0x00, 0x00, 0x00, 0x00, 0x00, 0x00, 0x00, 0x00, 0x00,
    0x00, 0x00, 0x00, 0x00, 0x00, 0x00, 0x00, 0x00, 0x00, 0x00, 0x00, 0x00, 0x00, 0x00, 0x00, 0x00,
    0x00, 0x00, 0x00, 0x00, 0x00, 0x00, 0x00, 0x00, 0x00, 0x00, 0x00, 0x00, 0x00, 0x00, 0x00, 0x00,
    0x00, 0x00, 0x00, 0x00, 0x00, 0x00, 0x00, 0x00, 0x00, 0x00, 0x00, 0x00, 0x00, 0x00, 0x00, 0x00,
};

const lv_image_dsc_t kit_icon_testa_a8 = {
    .header.magic = LV_IMAGE_HEADER_MAGIC,
    .header.cf = LV_COLOR_FORMAT_A8,
    .header.flags = 0,
    .header.w = 32,
    .header.h = 32,
    .header.stride = 32,
    .data_size = sizeof(kit_icon_testa_a8_map),
    .data = kit_icon_testa_a8_map,
};

static const uint8_t kit_icon_phone_a8_map[] = {
    0x00, 0x00, 0x00, 0x00, 0x00, 0x00, 0x00, 0x00, 0x00, 0x00, 0x00, 0x00, 0x00, 0x00, 0x00, 0x00,
    0x00, 0x00, 0x00, 0x00, 0x00, 0x00, 0x00, 0x00, 0x00, 0x00, 0x00, 0x00, 0x00, 0x00, 0x00, 0x00,
    0x00, 0x00, 0x00, 0x00, 0x00, 0x00, 0x00, 0x00, 0x00, 0x00, 0x00, 0x00, 0x00, 0x00, 0x00, 0x00,
    0x00, 0x00, 0x00, 0x00, 0x00, 0x00, 0x00, 0x00, 0x00, 0x00, 0x00, 0x00, 0x00, 0x00, 0x00, 0x00,
    0x00, 0x00, 0x00, 0x00, 0x00, 0x00, 0x00, 0x00, 0x00, 0x00, 0x00, 0x00, 0x00, 0x01, 0x01, 0x01,
    0x01, 0x01, 0x01, 0x00, 0x00, 0x00, 0x00, 0x00, 0x00, 0x00, 0x00, 0x00, 0x00, 0x00, 0x00, 0x00,
    0x00, 0x00, 0x00, 0x00, 0x00, 0x00, 0x00, 0x00, 0x00, 0x00, 0x00, 0x03, 0x02, 0x00, 0x00, 0x00,
    0x00, 0x00, 0x00, 0x02, 0x03, 0x00, 0x00, 0x00, 0x00, 0x00, 0x00, 0x00, 0x00, 0x00, 0x00, 0x00,
    0x00, 0x00, 0x00, 0x00, 0x00, 0x00, 0x00, 0x00, 0x00, 0x00, 0x02, 0x00, 0x00, 0x0F, 0x10, 0x10,
    0x10, 0x10, 0x0F, 0x00, 0x00, 0x02, 0x00, 0x00, 0x00, 0x00, 0x00, 0x00, 0x00, 0x00, 0x00, 0x00,
    0x00, 0x00, 0x00, 0x00, 0x00, 0x00, 0x00, 0x00, 0x00, 0x02, 0x00, 0x43, 0xB1, 0xEA, 0xEE, 0xEE,
    0xEE, 0xEE, 0xEA, 0xB1, 0x43, 0x00, 0x02, 0x00, 0x00, 0x00, 0x00, 0x00, 0x00, 0x00, 0x00, 0x00,
    0x00, 0x00, 0x00, 0x00, 0x00, 0x00, 0x00, 0x00, 0x02, 0x00, 0x65, 0xFF, 0xFF, 0xFF, 0xFF, 0xFF,
    0xFF, 0xFF, 0xFF, 0xFF, 0xFF, 0x65, 0x00, 0x02, 0x00, 0x00, 0x00, 0x00, 0x00, 0x00, 0x00, 0x00,
    0x00, 0x00, 0x00, 0x00, 0x00, 0x00, 0x00, 0x03, 0x00, 0x40, 0xFF, 0xFC, 0xFF, 0xFF, 0xFF, 0xFF,
    0xFF, 0xFF, 0xFF, 0xFF, 0xFC, 0xFF, 0x40, 0x00, 0x03, 0x00, 0x00, 0x00, 0x00, 0x00, 0x00, 0x00,
    0x00, 0x00, 0x00, 0x00, 0x00, 0x00, 0x00, 0x03, 0x01, 0xB7, 0xFE, 0xFE, 0xB8, 0xBE, 0xEF, 0xED,
    0xED, 0xEF, 0xBE, 0xB8, 0xFE, 0xFE, 0xB7, 0x01, 0x03, 0x00, 0x00, 0x00, 0x00, 0x00, 0x00, 0x00,
    0x00, 0x00, 0x00, 0x00, 0x00, 0x00, 0x01, 0x00, 0x10, 0xEC, 0xFF, 0xF6, 0x21, 0x00, 0x12, 0x10,
    0x10, 0x12, 0x00, 0x21, 0xF6, 0xFF, 0xEC, 0x10, 0x00, 0x01, 0x00, 0x00, 0x00, 0x00, 0x00, 0x00,
    0x00, 0x00, 0x00, 0x00, 0x00, 0x00, 0x01, 0x00, 0x11, 0xED, 0xFF, 0xEC, 0x0F, 0x00, 0x00, 0x00,
    0x00, 0x00, 0x00, 0x0F, 0xEC, 0xFF, 0xED, 0x11, 0x00, 0x01, 0x00, 0x00, 0x00, 0x00, 0x00, 0x00,
    0x00, 0x00, 0x00, 0x00, 0x00, 0x00, 0x01, 0x00, 0x11, 0xED, 0xFF, 0xED, 0x12, 0x01, 0x02, 0x01,
    0x01, 0x02, 0x01, 0x12, 0xED, 0xFF, 0xED, 0x11, 0x00, 0x01, 0x00, 0x00, 0x00, 0x00, 0x00, 0x00,
    0x00, 0x00, 0x00, 0x00, 0x00, 0x00, 0x01, 0x00, 0x11, 0xED, 0xFF, 0xED, 0x11, 0x00, 0x01, 0x00,
    0x00, 0x01, 0x00, 0x11, 0xED, 0xFF, 0xED, 0x11, 0x00, 0x01, 0x00, 0x00, 0x00, 0x00, 0x00, 0x00,
    0x00, 0x00, 0x00, 0x00, 0x00, 0x00, 0x01, 0x00, 0x11, 0xED, 0xFF, 0xED, 0x11, 0x00, 0x01, 0x00,
    0x00, 0x01, 0x00, 0x11, 0xED, 0xFF, 0xED, 0x11, 0x00, 0x01, 0x00, 0x00, 0x00, 0x00, 0x00, 0x00,
    0x00, 0x00, 0x00, 0x00, 0x00, 0x00, 0x01, 0x00, 0x11, 0xED, 0xFF, 0xED, 0x11, 0x00, 0x01, 0x00,
    0x00, 0x01, 0x00, 0x11, 0xED, 0xFF, 0xED, 0x11, 0x00, 0x01, 0x00, 0x00, 0x00, 0x00, 0x00, 0x00,
    0x00, 0x00, 0x00, 0x00, 0x00, 0x00, 0x01, 0x00, 0x11, 0xED, 0xFF, 0xED, 0x11, 0x00, 0x01, 0x00,
    0x00, 0x01, 0x00, 0x11, 0xED, 0xFF, 0xED, 0x11, 0x00, 0x01, 0x00, 0x00, 0x00, 0x00, 0x00, 0x00,
    0x00, 0x00, 0x00, 0x00, 0x00, 0x00, 0x01, 0x00, 0x11, 0xED, 0xFF, 0xED, 0x11, 0x00, 0x01, 0x00,
    0x00, 0x01, 0x00, 0x11, 0xED, 0xFF, 0xED, 0x11, 0x00, 0x01, 0x00, 0x00, 0x00, 0x00, 0x00, 0x00,
    0x00, 0x00, 0x00, 0x00, 0x00, 0x00, 0x01, 0x00, 0x11, 0xED, 0xFF, 0xED, 0x11, 0x00, 0x01, 0x00,
    0x00, 0x01, 0x00, 0x11, 0xED, 0xFF, 0xED, 0x11, 0x00, 0x01, 0x00, 0x00, 0x00, 0x00, 0x00, 0x00,
    0x00, 0x00, 0x00, 0x00, 0x00, 0x00, 0x01, 0x00, 0x11, 0xED, 0xFF, 0xED, 0x11, 0x00, 0x01, 0x00,
    0x00, 0x01, 0x00, 0x11, 0xED, 0xFF, 0xED, 0x11, 0x00, 0x01, 0x00, 0x00, 0x00, 0x00, 0x00, 0x00,
    0x00, 0x00, 0x00, 0x00, 0x00, 0x00, 0x01, 0x00, 0x11, 0xED, 0xFF, 0xED, 0x11, 0x00, 0x01, 0x01,
    0x01, 0x01, 0x00, 0x11, 0xED, 0xFF, 0xED, 0x11, 0x00, 0x01, 0x00, 0x00, 0x00, 0x00, 0x00, 0x00,
    0x00, 0x00, 0x00, 0x00, 0x00, 0x00, 0x01, 0x00, 0x11, 0xED, 0xFF, 0xED, 0x12, 0x00, 0x03, 0x00,
    0x00, 0x03, 0x00, 0x12, 0xED, 0xFF, 0xED, 0x11, 0x00, 0x01, 0x00, 0x00, 0x00, 0x00, 0x00, 0x00,
    0x00, 0x00, 0x00, 0x00, 0x00, 0x00, 0x01, 0x00, 0x11, 0xED, 0xFF, 0xEC, 0x0E, 0x02, 0x00, 0x0A,
    0x0A, 0x00, 0x02, 0x0E, 0xEC, 0xFF, 0xED, 0x11, 0x00, 0x01, 0x00, 0x00, 0x00, 0x00, 0x00, 0x00,
    0x00, 0x00, 0x00, 0x00, 0x00, 0x00, 0x01, 0x00, 0x10, 0xEC, 0xFF, 0xF6, 0x26, 0x00, 0x48, 0xE2,
    0xE2, 0x48, 0x00, 0x26, 0xF6, 0xFF, 0xEC, 0x10, 0x00, 0x01, 0x00, 0x00, 0x00, 0x00, 0x00, 0x00,
    0x00, 0x00, 0x00, 0x00, 0x00, 0x00, 0x00, 0x03, 0x01, 0xB7, 0xFE, 0xFE, 0xBA, 0x34, 0xE6, 0xFF,
    0xFF, 0xE6, 0x34, 0xBA, 0xFE, 0xFE, 0xB7, 0x01, 0x03, 0x00, 0x00, 0x00, 0x00, 0x00, 0x00, 0x00,
    0x00, 0x00, 0x00, 0x00, 0x00, 0x00, 0x00, 0x03, 0x00, 0x40, 0xFF, 0xFC, 0xFF, 0xFE, 0xFC, 0xFC,
    0xFC, 0xFC, 0xFE, 0xFF, 0xFC, 0xFF, 0x40, 0x00, 0x03, 0x00, 0x00, 0x00, 0x00, 0x00, 0x00, 0x00,
    0x00, 0x00, 0x00, 0x00, 0x00, 0x00, 0x00, 0x00, 0x02, 0x00, 0x65, 0xFF, 0xFF, 0xFF, 0xFF, 0xFF,
    0xFF, 0xFF, 0xFF, 0xFF, 0xFF, 0x65, 0x00, 0x02, 0x00, 0x00, 0x00, 0x00, 0x00, 0x00, 0x00, 0x00,
    0x00, 0x00, 0x00, 0x00, 0x00, 0x00, 0x00, 0x00, 0x00, 0x02, 0x00, 0x43, 0xB1, 0xEA, 0xEE, 0xEE,
    0xEE, 0xEE, 0xEA, 0xB1, 0x43, 0x00, 0x02, 0x00, 0x00, 0x00, 0x00, 0x00, 0x00, 0x00, 0x00, 0x00,
    0x00, 0x00, 0x00, 0x00, 0x00, 0x00, 0x00, 0x00, 0x00, 0x00, 0x02, 0x00, 0x00, 0x0F, 0x10, 0x10,
    0x10, 0x10, 0x0F, 0x00, 0x00, 0x02, 0x00, 0x00, 0x00, 0x00, 0x00, 0x00, 0x00, 0x00, 0x00, 0x00,
    0x00, 0x00, 0x00, 0x00, 0x00, 0x00, 0x00, 0x00, 0x00, 0x00, 0x00, 0x03, 0x02, 0x00, 0x00, 0x00,
    0x00, 0x00, 0x00, 0x02, 0x03, 0x00, 0x00, 0x00, 0x00, 0x00, 0x00, 0x00, 0x00, 0x00, 0x00, 0x00,
    0x00, 0x00, 0x00, 0x00, 0x00, 0x00, 0x00, 0x00, 0x00, 0x00, 0x00, 0x00, 0x00, 0x01, 0x01, 0x01,
    0x01, 0x01, 0x01, 0x00, 0x00, 0x00, 0x00, 0x00, 0x00, 0x00, 0x00, 0x00, 0x00, 0x00, 0x00, 0x00,
    0x00, 0x00, 0x00, 0x00, 0x00, 0x00, 0x00, 0x00, 0x00, 0x00, 0x00, 0x00, 0x00, 0x00, 0x00, 0x00,
    0x00, 0x00, 0x00, 0x00, 0x00, 0x00, 0x00, 0x00, 0x00, 0x00, 0x00, 0x00, 0x00, 0x00, 0x00, 0x00,
    0x00, 0x00, 0x00, 0x00, 0x00, 0x00, 0x00, 0x00, 0x00, 0x00, 0x00, 0x00, 0x00, 0x00, 0x00, 0x00,
    0x00, 0x00, 0x00, 0x00, 0x00, 0x00, 0x00, 0x00, 0x00, 0x00, 0x00, 0x00, 0x00, 0x00, 0x00, 0x00,
};

const lv_image_dsc_t kit_icon_phone_a8 = {
    .header.magic = LV_IMAGE_HEADER_MAGIC,
    .header.cf = LV_COLOR_FORMAT_A8,
    .header.flags = 0,
    .header.w = 32,
    .header.h = 32,
    .header.stride = 32,
    .data_size = sizeof(kit_icon_phone_a8_map),
    .data = kit_icon_phone_a8_map,
};

static const uint8_t kit_icon_estouro_a8_map[] = {
    0x00, 0x00, 0x00, 0x00, 0x00, 0x00, 0x00, 0x00, 0x00, 0x00, 0x00, 0x04, 0x01, 0x00, 0x00, 0x00,
    0x00, 0x00, 0x00, 0x01, 0x04, 0x00, 0x00, 0x00, 0x00, 0x00, 0x00, 0x00, 0x00, 0x00, 0x00, 0x00,
    0x00, 0x00, 0x00, 0x00, 0x00, 0x00, 0x00, 0x00, 0x00, 0x01, 0x01, 0x00, 0x00, 0x28, 0x5F, 0x7D,
    0x7D, 0x5F, 0x28, 0x00, 0x00, 0x01, 0x01, 0x00, 0x00, 0x00, 0x00, 0x00, 0x00, 0x00, 0x00, 0x00,
    0x00, 0x00, 0x00, 0x00, 0x00, 0x00, 0x00, 0x00, 0x02, 0x00, 0x00, 0x63, 0xC7, 0xFC, 0xFF, 0xFF,
    0xFF, 0xFF, 0xFC, 0xC7, 0x63, 0x00, 0x00, 0x02, 0x00, 0x00, 0x00, 0x00, 0x00, 0x00, 0x00, 0x00,
    0x00, 0x00, 0x00, 0x00, 0x00, 0x00, 0x00, 0x02, 0x00, 0x12, 0xA9, 0xFF, 0xFF, 0xFF, 0xFC, 0xFB,
    0xFB, 0xFC, 0xFF, 0xFF, 0xFF, 0xA9, 0x12, 0x00, 0x02, 0x00, 0x00, 0x00, 0x00, 0x00, 0x00, 0x00,
    0x00, 0x00, 0x00, 0x00, 0x00, 0x00, 0x01, 0x01, 0x11, 0xCA, 0xFF, 0xFA, 0xFC, 0xFE, 0xFF, 0xFF,
    0xFF, 0xFF, 0xFE, 0xFC, 0xFA, 0xFF, 0xCA, 0x11, 0x01, 0x01, 0x00, 0x00, 0x00, 0x00, 0x00, 0x00,
    0x00, 0x00, 0x00, 0x00, 0x00, 0x00, 0x03, 0x02, 0xAC, 0xFF, 0xF9, 0xFF, 0xFF, 0xFF, 0xFF, 0xFF,
    0xFF, 0xFF, 0xFF, 0xFF, 0xFF, 0xF9, 0xFF, 0xAC, 0x02, 0x03, 0x00, 0x00, 0x00, 0x00, 0x00, 0x00,
    0x00, 0x00, 0x00, 0x00, 0x00, 0x03, 0x00, 0x60, 0xFF, 0xFA, 0xFF, 0xFF, 0xFF, 0xFF, 0xFF, 0xFF,
    0xFF, 0xFF, 0xFF, 0xFF, 0xFF, 0xFF, 0xFA, 0xFF, 0x60, 0x00, 0x03, 0x00, 0x00, 0x00, 0x00, 0x00,
    0x00, 0x00, 0x00, 0x00, 0x00, 0x02, 0x02, 0xCA, 0xFE, 0xFC, 0xFF, 0xFF, 0xFF, 0xFF, 0xFF, 0xFF,
    0xFF, 0xFF, 0xFF, 0xFF, 0xFF, 0xFF, 0xFC, 0xFE, 0xCA, 0x02, 0x02, 0x00, 0x00, 0x00, 0x00, 0x00,
    0x00, 0x00, 0x00, 0x00, 0x02, 0x00, 0x25, 0xF8, 0xFE, 0xFF, 0xFF, 0xFF, 0xFF, 0xFF, 0xFF, 0xFF,
    0xFF, 0xFF, 0xFF, 0xFF, 0xFF, 0xFF, 0xFF, 0xFE, 0xF8, 0x25, 0x00, 0x02, 0x00, 0x00, 0x00, 0x00,
    0x00, 0x00, 0x00, 0x00, 0x04, 0x00, 0x64, 0xFF, 0xFC, 0xFF, 0xFF, 0xFF, 0xFF, 0xFF, 0xFF, 0xFF,
    0xFF, 0xFF, 0xFF, 0xFF, 0xFF, 0xFF, 0xFF, 0xFC, 0xFF, 0x64, 0x00, 0x04, 0x00, 0x00, 0x00, 0x00,
    0x00, 0x00, 0x00, 0x00, 0x04, 0x00, 0x84, 0xFF, 0xFB, 0xFF, 0xFF, 0xFF, 0xFF, 0xFF, 0xFF, 0xFF,
    0xFF, 0xFF, 0xFF, 0xFF, 0xFF, 0xFF, 0xFF, 0xFB, 0xFF, 0x84, 0x00, 0x04, 0x00, 0x00, 0x00, 0x00,
    0x00, 0x00, 0x00, 0x00, 0x04, 0x00, 0x7F, 0xFF, 0xFB, 0xFF, 0xFF, 0xFF, 0xFF, 0xFF, 0xFF, 0xFF,
    0xFF, 0xFF, 0xFF, 0xFF, 0xFF, 0xFF, 0xFF, 0xFB, 0xFF, 0x7F, 0x00, 0x04, 0x00, 0x00, 0x00, 0x00,
    0x00, 0x00, 0x00, 0x00, 0x04, 0x00, 0x7F, 0xFF, 0xFB, 0xFF, 0xFF, 0xFF, 0xFF, 0xFF, 0xFF, 0xFF,
    0xFF, 0xFF, 0xFF, 0xFF, 0xFF, 0xFF, 0xFF, 0xFB, 0xFF, 0x7F, 0x00, 0x04, 0x00, 0x00, 0x00, 0x00,
    0x00, 0x00, 0x00, 0x00, 0x04, 0x00, 0x84, 0xFF, 0xFB, 0xFF, 0xFF, 0xFF, 0xFF, 0xFF, 0xFF, 0xFF,
    0xFF, 0xFF, 0xFF, 0xFF, 0xFF, 0xFF, 0xFF, 0xFB, 0xFF, 0x84, 0x00, 0x04, 0x00, 0x00, 0x00, 0x00,
    0x00, 0x00, 0x00, 0x00, 0x04, 0x00, 0x64, 0xFF, 0xFC, 0xFF, 0xFF, 0xFF, 0xFF, 0xFF, 0xFF, 0xFF,
    0xFF, 0xFF, 0xFF, 0xFF, 0xFF, 0xFF, 0xFF, 0xFC, 0xFF, 0x64, 0x00, 0x04, 0x00, 0x00, 0x00, 0x00,
    0x00, 0x00, 0x00, 0x00, 0x02, 0x00, 0x25, 0xF8, 0xFE, 0xFF, 0xFF, 0xFF, 0xFF, 0xFF, 0xFF, 0xFF,
    0xFF, 0xFF, 0xFF, 0xFF, 0xFF, 0xFF, 0xFF, 0xFE, 0xF8, 0x25, 0x00, 0x02, 0x00, 0x00, 0x00, 0x00,
    0x00, 0x00, 0x00, 0x00, 0x00, 0x02, 0x02, 0xCA, 0xFE, 0xFC, 0xFF, 0xFF, 0xFF, 0xFF, 0xFF, 0xFF,
    0xFF, 0xFF, 0xFF, 0xFF, 0xFF, 0xFF, 0xFC, 0xFE, 0xCA, 0x02, 0x02, 0x00, 0x00, 0x00, 0x00, 0x00,
    0x00, 0x00, 0x00, 0x00, 0x00, 0x03, 0x00, 0x60, 0xFF, 0xFA, 0xFF, 0xFF, 0xFF, 0xFF, 0xFF, 0xFF,
    0xFF, 0xFF, 0xFF, 0xFF, 0xFF, 0xFF, 0xFA, 0xFF, 0x60, 0x00, 0x03, 0x00, 0x00, 0x00, 0x00, 0x00,
    0x00, 0x00, 0x00, 0x00, 0x00, 0x00, 0x03, 0x02, 0xAC, 0xFF, 0xF9, 0xFF, 0xFF, 0xFF, 0xFF, 0xFF,
    0xFF, 0xFF, 0xFF, 0xFF, 0xFF, 0xF9, 0xFF, 0xAC, 0x02, 0x03, 0x00, 0x00, 0x00, 0x00, 0x00, 0x00,
    0x00, 0x00, 0x00, 0x00, 0x00, 0x00, 0x01, 0x01, 0x11, 0xCA, 0xFF, 0xFA, 0xFC, 0xFE, 0xFF, 0xFF,
    0xFF, 0xFF, 0xFE, 0xFC, 0xFA, 0xFF, 0xCA, 0x11, 0x01, 0x01, 0x00, 0x00, 0x00, 0x00, 0x00, 0x00,
    0x00, 0x00, 0x00, 0x00, 0x00, 0x00, 0x00, 0x02, 0x00, 0x12, 0xA9, 0xFF, 0xFF, 0xFF, 0xFF, 0xFF,
    0xFF, 0xFF, 0xFF, 0xFF, 0xFF, 0xA9, 0x12, 0x00, 0x02, 0x00, 0x00, 0x00, 0x00, 0x00, 0x00, 0x00,
    0x00, 0x00, 0x00, 0x00, 0x00, 0x00, 0x00, 0x00, 0x02, 0x00, 0x00, 0x62, 0xC6, 0xFA, 0xFF, 0xFF,
    0xFF, 0xFF, 0xFA, 0xC6, 0x62, 0x00, 0x00, 0x02, 0x00, 0x00, 0x00, 0x00, 0x00, 0x00, 0x00, 0x00,
    0x00, 0x00, 0x00, 0x00, 0x00, 0x00, 0x00, 0x00, 0x00, 0x01, 0x01, 0x00, 0x00, 0x2E, 0xDB, 0xFE,
    0xFE, 0xDB, 0x2E, 0x00, 0x00, 0x01, 0x01, 0x00, 0x00, 0x00, 0x00, 0x00, 0x00, 0x00, 0x00, 0x00,
    0x00, 0x00, 0x00, 0x00, 0x00, 0x00, 0x00, 0x00, 0x00, 0x00, 0x00, 0x04, 0x01, 0x09, 0xEA, 0xFE,
    0xFE, 0xEA, 0x09, 0x01, 0x04, 0x00, 0x00, 0x00, 0x00, 0x00, 0x00, 0x00, 0x00, 0x00, 0x00, 0x00,
    0x00, 0x00, 0x00, 0x00, 0x00, 0x00, 0x00, 0x00, 0x00, 0x00, 0x00, 0x01, 0x00, 0x14, 0xF8, 0xFF,
    0xFF, 0xF8, 0x14, 0x00, 0x01, 0x00, 0x00, 0x00, 0x00, 0x00, 0x00, 0x00, 0x00, 0x00, 0x00, 0x00,
    0x00, 0x00, 0x00, 0x00, 0x00, 0x00, 0x00, 0x00, 0x00, 0x00, 0x00, 0x00, 0x02, 0x04, 0xA6, 0xE0,
    0xE0, 0xA6, 0x04, 0x02, 0x00, 0x00, 0x00, 0x00, 0x00, 0x00, 0x00, 0x00, 0x00, 0x00, 0x00, 0x00,
    0x00, 0x00, 0x00, 0x00, 0x00, 0x00, 0x00, 0x00, 0x00, 0x00, 0x00, 0x00, 0x00, 0x00, 0x00, 0x6B,
    0x6B, 0x00, 0x00, 0x00, 0x00, 0x00, 0x00, 0x00, 0x00, 0x00, 0x00, 0x00, 0x00, 0x00, 0x00, 0x00,
    0x00, 0x00, 0x00, 0x00, 0x00, 0x00, 0x00, 0x00, 0x00, 0x00, 0x00, 0x00, 0x01, 0x01, 0x0F, 0xFA,
    0xFA, 0x0F, 0x01, 0x01, 0x00, 0x00, 0x00, 0x00, 0x00, 0x00, 0x00, 0x00, 0x00, 0x00, 0x00, 0x00,
    0x00, 0x00, 0x00, 0x00, 0x00, 0x00, 0x00, 0x00, 0x00, 0x00, 0x00, 0x00, 0x01, 0x00, 0x10, 0xF2,
    0xF2, 0x10, 0x00, 0x01, 0x00, 0x00, 0x00, 0x00, 0x00, 0x00, 0x00, 0x00, 0x00, 0x00, 0x00, 0x00,
    0x00, 0x00, 0x00, 0x00, 0x00, 0x00, 0x00, 0x00, 0x00, 0x00, 0x00, 0x00, 0x01, 0x00, 0x0F, 0xF3,
    0xF3, 0x0F, 0x00, 0x01, 0x00, 0x00, 0x00, 0x00, 0x00, 0x00, 0x00, 0x00, 0x00, 0x00, 0x00, 0x00,
    0x00, 0x00, 0x00, 0x00, 0x00, 0x00, 0x00, 0x00, 0x00, 0x00, 0x00, 0x00, 0x01, 0x00, 0x0F, 0xF3,
    0xF3, 0x0F, 0x00, 0x01, 0x00, 0x00, 0x00, 0x00, 0x00, 0x00, 0x00, 0x00, 0x00, 0x00, 0x00, 0x00,
    0x00, 0x00, 0x00, 0x00, 0x00, 0x00, 0x00, 0x00, 0x00, 0x00, 0x00, 0x00, 0x01, 0x00, 0x0F, 0xF3,
    0xF3, 0x0F, 0x00, 0x01, 0x00, 0x00, 0x00, 0x00, 0x00, 0x00, 0x00, 0x00, 0x00, 0x00, 0x00, 0x00,
};

const lv_image_dsc_t kit_icon_estouro_a8 = {
    .header.magic = LV_IMAGE_HEADER_MAGIC,
    .header.cf = LV_COLOR_FORMAT_A8,
    .header.flags = 0,
    .header.w = 32,
    .header.h = 32,
    .header.stride = 32,
    .data_size = sizeof(kit_icon_estouro_a8_map),
    .data = kit_icon_estouro_a8_map,
};

static const uint8_t kit_icon_dial_a8_map[] = {
    0x00, 0x00, 0x00, 0x00, 0x00, 0x00, 0x00, 0x00, 0x00, 0x00, 0x00, 0x00, 0x00, 0x00, 0x00, 0x00,
    0x00, 0x00, 0x00, 0x00, 0x00, 0x00, 0x00, 0x00, 0x00, 0x00, 0x00, 0x00, 0x00, 0x00, 0x00, 0x00,
    0x00, 0x00, 0x00, 0x00, 0x00, 0x00, 0x00, 0x00, 0x00, 0x00, 0x00, 0x00, 0x00, 0x00, 0x00, 0x00,
    0x00, 0x00, 0x00, 0x00, 0x00, 0x00, 0x00, 0x00, 0x00, 0x00, 0x00, 0x00, 0x00, 0x00, 0x00, 0x00,
    0x00, 0x00, 0x00, 0x00, 0x00, 0x00, 0x00, 0x00, 0x00, 0x00, 0x00, 0x00, 0x00, 0x00, 0x01, 0x01,
    0x01, 0x01, 0x00, 0x00, 0x00, 0x00, 0x00, 0x00, 0x00, 0x00, 0x00, 0x00, 0x00, 0x00, 0x00, 0x00,
    0x00, 0x00, 0x00, 0x00, 0x00, 0x00, 0x00, 0x00, 0x00, 0x00, 0x00, 0x01, 0x04, 0x03, 0x00, 0x00,
    0x00, 0x00, 0x03, 0x04, 0x02, 0x04, 0x04, 0x01, 0x00, 0x00, 0x00, 0x00, 0x00, 0x00, 0x00, 0x00,
    0x00, 0x00, 0x00, 0x00, 0x00, 0x00, 0x00, 0x00, 0x00, 0x01, 0x03, 0x00, 0x00, 0x00, 0x09, 0x10,
    0x10, 0x09, 0x00, 0x00, 0x00, 0x00, 0x00, 0x00, 0x00, 0x00, 0x00, 0x00, 0x00, 0x00, 0x00, 0x00,
    0x00, 0x00, 0x00, 0x00, 0x00, 0x00, 0x00, 0x00, 0x01, 0x00, 0x00, 0x16, 0x70, 0xAD, 0xE1, 0xED,
    0xED, 0xE1, 0xAE, 0x70, 0x2A, 0x73, 0x73, 0x0E, 0x00, 0x01, 0x00, 0x00, 0x00, 0x00, 0x00, 0x00,
    0x00, 0x00, 0x00, 0x00, 0x00, 0x00, 0x00, 0x02, 0x00, 0x05, 0x7C, 0xE9, 0xFF, 0xFF, 0xFF, 0xFF,
    0xFF, 0xFF, 0xFF, 0xFF, 0xFD, 0xFF, 0xFF, 0x72, 0x01, 0x04, 0x00, 0x00, 0x00, 0x00, 0x00, 0x00,
    0x00, 0x00, 0x00, 0x00, 0x00, 0x00, 0x02, 0x00, 0x1A, 0xC4, 0xFF, 0xFF, 0xFF, 0xFF, 0xFB, 0xED,
    0xED, 0xFB, 0xFF, 0xFF, 0xFF, 0xF7, 0xFB, 0x84, 0x00, 0x05, 0x00, 0x00, 0x00, 0x00, 0x00, 0x00,
    0x00, 0x00, 0x00, 0x00, 0x00, 0x02, 0x00, 0x16, 0xE2, 0xFF, 0xFD, 0xFF, 0xC7, 0x65, 0x2A, 0x12,
    0x12, 0x2A, 0x65, 0xC7, 0xFF, 0xFD, 0xFE, 0xE1, 0x16, 0x00, 0x02, 0x00, 0x00, 0x00, 0x00, 0x00,
    0x00, 0x00, 0x00, 0x00, 0x01, 0x02, 0x06, 0xC6, 0xFF, 0xFB, 0xF1, 0x6D, 0x00, 0x00, 0x00, 0x00,
    0x00, 0x00, 0x00, 0x00, 0x9D, 0xFF, 0xFA, 0xFF, 0xC6, 0x06, 0x02, 0x01, 0x00, 0x00, 0x00, 0x00,
    0x00, 0x00, 0x00, 0x00, 0x03, 0x00, 0x7B, 0xFF, 0xFA, 0xF3, 0x36, 0x00, 0x02, 0x04, 0x02, 0x02,
    0x02, 0x02, 0x08, 0x00, 0x7A, 0xFF, 0xFB, 0xFB, 0xFF, 0x7B, 0x00, 0x03, 0x00, 0x00, 0x00, 0x00,
    0x00, 0x00, 0x00, 0x01, 0x01, 0x17, 0xED, 0xFC, 0xFF, 0x6B, 0x00, 0x06, 0x00, 0x00, 0x03, 0x00,
    0x00, 0x03, 0x04, 0x00, 0x81, 0xFF, 0xFB, 0xFC, 0xFD, 0xED, 0x17, 0x01, 0x01, 0x00, 0x00, 0x00,
    0x00, 0x00, 0x00, 0x04, 0x00, 0x71, 0xFF, 0xFE, 0xCB, 0x00, 0x04, 0x00, 0x00, 0x00, 0x00, 0x0B,
    0x0B, 0x00, 0x04, 0x00, 0x83, 0xFB, 0xF7, 0xFF, 0xFB, 0xFF, 0x71, 0x00, 0x04, 0x00, 0x00, 0x00,
    0x00, 0x00, 0x00, 0x03, 0x00, 0xAF, 0xFE, 0xFF, 0x65, 0x00, 0x04, 0x00, 0x02, 0x01, 0x8C, 0xE4,
    0xE4, 0x8C, 0x03, 0x00, 0x73, 0xFF, 0xFF, 0xD6, 0xFA, 0xFE, 0xAF, 0x00, 0x03, 0x00, 0x00, 0x00,
    0x00, 0x00, 0x01, 0x00, 0x0D, 0xE4, 0xFF, 0xF6, 0x24, 0x00, 0x02, 0x03, 0x00, 0x8A, 0xFF, 0xFF,
    0xFF, 0xFF, 0x8A, 0x00, 0x10, 0x74, 0x6E, 0x2F, 0xF4, 0xFF, 0xE4, 0x0D, 0x00, 0x01, 0x00, 0x00,
    0x00, 0x00, 0x01, 0x00, 0x12, 0xEE, 0xFF, 0xEC, 0x10, 0x00, 0x02, 0x00, 0x0E, 0xEB, 0xFC, 0xFC,
    0xFC, 0xFC, 0xEB, 0x0E, 0x00, 0x00, 0x00, 0x0D, 0xEC, 0xFF, 0xEE, 0x12, 0x00, 0x01, 0x00, 0x00,
    0x00, 0x00, 0x01, 0x00, 0x12, 0xEE, 0xFF, 0xEC, 0x10, 0x00, 0x02, 0x00, 0x0E, 0xEB, 0xFC, 0xFC,
    0xFC, 0xFC, 0xEB, 0x0E, 0x01, 0x06, 0x04, 0x10, 0xEC, 0xFF, 0xEE, 0x12, 0x00, 0x01, 0x00, 0x00,
    0x00, 0x00, 0x01, 0x00, 0x0D, 0xE4, 0xFF, 0xF6, 0x24, 0x00, 0x02, 0x03, 0x00, 0x8A, 0xFF, 0xFF,
    0xFF, 0xFF, 0x8A, 0x00, 0x03, 0x02, 0x00, 0x24, 0xF6, 0xFF, 0xE4, 0x0D, 0x00, 0x01, 0x00, 0x00,
    0x00, 0x00, 0x00, 0x03, 0x00, 0xAF, 0xFE, 0xFF, 0x65, 0x00, 0x04, 0x00, 0x02, 0x01, 0x8C, 0xE4,
    0xE4, 0x8C, 0x01, 0x02, 0x00, 0x04, 0x00, 0x65, 0xFF, 0xFE, 0xAF, 0x00, 0x03, 0x00, 0x00, 0x00,
    0x00, 0x00, 0x00, 0x04, 0x00, 0x71, 0xFF, 0xFE, 0xCB, 0x00, 0x04, 0x00, 0x00, 0x00, 0x00, 0x0B,
    0x0B, 0x00, 0x00, 0x00, 0x00, 0x04, 0x00, 0xCB, 0xFE, 0xFF, 0x71, 0x00, 0x04, 0x00, 0x00, 0x00,
    0x00, 0x00, 0x00, 0x01, 0x01, 0x17, 0xED, 0xFC, 0xFF, 0x6B, 0x00, 0x06, 0x00, 0x00, 0x03, 0x00,
    0x00, 0x03, 0x00, 0x00, 0x06, 0x00, 0x6B, 0xFF, 0xFC, 0xED, 0x17, 0x01, 0x01, 0x00, 0x00, 0x00,
    0x00, 0x00, 0x00, 0x00, 0x03, 0x00, 0x7B, 0xFF, 0xFA, 0xF3, 0x36, 0x00, 0x02, 0x04, 0x02, 0x02,
    0x02, 0x02, 0x04, 0x02, 0x00, 0x36, 0xF3, 0xFA, 0xFF, 0x7B, 0x00, 0x03, 0x00, 0x00, 0x00, 0x00,
    0x00, 0x00, 0x00, 0x00, 0x01, 0x02, 0x06, 0xC6, 0xFF, 0xFB, 0xF1, 0x6D, 0x00, 0x00, 0x00, 0x00,
    0x00, 0x00, 0x00, 0x00, 0x6D, 0xF1, 0xFB, 0xFF, 0xC6, 0x06, 0x02, 0x01, 0x00, 0x00, 0x00, 0x00,
    0x00, 0x00, 0x00, 0x00, 0x00, 0x02, 0x00, 0x16, 0xE2, 0xFF, 0xFD, 0xFF, 0xC7, 0x65, 0x2A, 0x12,
    0x12, 0x2A, 0x65, 0xC7, 0xFF, 0xFD, 0xFF, 0xE2, 0x16, 0x00, 0x02, 0x00, 0x00, 0x00, 0x00, 0x00,
    0x00, 0x00, 0x00, 0x00, 0x00, 0x00, 0x02, 0x00, 0x1A, 0xC4, 0xFF, 0xFF, 0xFF, 0xFF, 0xFB, 0xED,
    0xED, 0xFB, 0xFF, 0xFF, 0xFF, 0xFF, 0xC4, 0x1A, 0x00, 0x02, 0x00, 0x00, 0x00, 0x00, 0x00, 0x00,
    0x00, 0x00, 0x00, 0x00, 0x00, 0x00, 0x00, 0x02, 0x00, 0x05, 0x7C, 0xE9, 0xFF, 0xFF, 0xFF, 0xFF,
    0xFF, 0xFF, 0xFF, 0xFF, 0xE9, 0x7C, 0x05, 0x00, 0x02, 0x00, 0x00, 0x00, 0x00, 0x00, 0x00, 0x00,
    0x00, 0x00, 0x00, 0x00, 0x00, 0x00, 0x00, 0x00, 0x01, 0x00, 0x00, 0x16, 0x70, 0xAD, 0xE1, 0xED,
    0xED, 0xE1, 0xAD, 0x70, 0x16, 0x00, 0x00, 0x01, 0x00, 0x00, 0x00, 0x00, 0x00, 0x00, 0x00, 0x00,
    0x00, 0x00, 0x00, 0x00, 0x00, 0x00, 0x00, 0x00, 0x00, 0x01, 0x03, 0x00, 0x00, 0x00, 0x09, 0x10,
    0x10, 0x09, 0x00, 0x00, 0x00, 0x03, 0x01, 0x00, 0x00, 0x00, 0x00, 0x00, 0x00, 0x00, 0x00, 0x00,
    0x00, 0x00, 0x00, 0x00, 0x00, 0x00, 0x00, 0x00, 0x00, 0x00, 0x00, 0x01, 0x04, 0x03, 0x00, 0x00,
    0x00, 0x00, 0x03, 0x04, 0x01, 0x00, 0x00, 0x00, 0x00, 0x00, 0x00, 0x00, 0x00, 0x00, 0x00, 0x00,
    0x00, 0x00, 0x00, 0x00, 0x00, 0x00, 0x00, 0x00, 0x00, 0x00, 0x00, 0x00, 0x00, 0x00, 0x01, 0x01,
    0x01, 0x01, 0x00, 0x00, 0x00, 0x00, 0x00, 0x00, 0x00, 0x00, 0x00, 0x00, 0x00, 0x00, 0x00, 0x00,
    0x00, 0x00, 0x00, 0x00, 0x00, 0x00, 0x00, 0x00, 0x00, 0x00, 0x00, 0x00, 0x00, 0x00, 0x00, 0x00,
    0x00, 0x00, 0x00, 0x00, 0x00, 0x00, 0x00, 0x00, 0x00, 0x00, 0x00, 0x00, 0x00, 0x00, 0x00, 0x00,
    0x00, 0x00, 0x00, 0x00, 0x00, 0x00, 0x00, 0x00, 0x00, 0x00, 0x00, 0x00, 0x00, 0x00, 0x00, 0x00,
    0x00, 0x00, 0x00, 0x00, 0x00, 0x00, 0x00, 0x00, 0x00, 0x00, 0x00, 0x00, 0x00, 0x00, 0x00, 0x00,
};

const lv_image_dsc_t kit_icon_dial_a8 = {
    .header.magic = LV_IMAGE_HEADER_MAGIC,
    .header.cf = LV_COLOR_FORMAT_A8,
    .header.flags = 0,
    .header.w = 32,
    .header.h = 32,
    .header.stride = 32,
    .data_size = sizeof(kit_icon_dial_a8_map),
    .data = kit_icon_dial_a8_map,
};

static const uint8_t kit_icon_soundbox_a8_map[] = {
    0x00, 0x00, 0x00, 0x00, 0x00, 0x00, 0x00, 0x00, 0x00, 0x00, 0x00, 0x00, 0x00, 0x00, 0x00, 0x00,
    0x00, 0x00, 0x00, 0x00, 0x00, 0x00, 0x00, 0x00, 0x00, 0x00, 0x00, 0x00, 0x00, 0x00, 0x00, 0x00,
    0x00, 0x00, 0x00, 0x00, 0x00, 0x01, 0x01, 0x01, 0x01, 0x00, 0x00, 0x00, 0x00, 0x00, 0x01, 0x01,
    0x01, 0x01, 0x00, 0x00, 0x00, 0x00, 0x00, 0x01, 0x01, 0x01, 0x01, 0x00, 0x00, 0x00, 0x00, 0x00,
    0x00, 0x00, 0x00, 0x00, 0x02, 0x00, 0x00, 0x00, 0x00, 0x02, 0x00, 0x00, 0x00, 0x02, 0x00, 0x00,
    0x00, 0x00, 0x02, 0x00, 0x00, 0x00, 0x02, 0x00, 0x00, 0x00, 0x00, 0x02, 0x00, 0x00, 0x00, 0x00,
    0x00, 0x00, 0x00, 0x01, 0x00, 0x02, 0x11, 0x11, 0x02, 0x00, 0x01, 0x00, 0x01, 0x00, 0x02, 0x11,
    0x11, 0x02, 0x00, 0x01, 0x00, 0x01, 0x00, 0x02, 0x11, 0x11, 0x02, 0x00, 0x01, 0x00, 0x00, 0x00,
    0x00, 0x00, 0x02, 0x00, 0x35, 0xD2, 0xED, 0xED, 0xD2, 0x35, 0x00, 0x04, 0x00, 0x35, 0xD2, 0xED,
    0xED, 0xD2, 0x35, 0x00, 0x04, 0x00, 0x35, 0xD2, 0xED, 0xED, 0xD2, 0x35, 0x00, 0x02, 0x00, 0x00,
    0x00, 0x01, 0x01, 0x08, 0xD9, 0xFF, 0xFF, 0xFF, 0xFF, 0xD9, 0x09, 0x03, 0x09, 0xD9, 0xFF, 0xFF,
    0xFF, 0xFF, 0xD9, 0x09, 0x03, 0x09, 0xD9, 0xFF, 0xFF, 0xFF, 0xFF, 0xD9, 0x08, 0x01, 0x01, 0x00,
    0x00, 0x01, 0x00, 0x12, 0xF0, 0xFD, 0xFD, 0xFD, 0xFD, 0xF0, 0x13, 0x00, 0x13, 0xF0, 0xFD, 0xFD,
    0xFD, 0xFD, 0xF0, 0x13, 0x00, 0x13, 0xF0, 0xFD, 0xFD, 0xFD, 0xFD, 0xF0, 0x12, 0x00, 0x01, 0x00,
    0x00, 0x01, 0x00, 0x12, 0xF0, 0xFD, 0xFD, 0xFD, 0xFD, 0xF0, 0x13, 0x00, 0x13, 0xF0, 0xFD, 0xFD,
    0xFD, 0xFD, 0xF0, 0x13, 0x00, 0x13, 0xF0, 0xFD, 0xFD, 0xFD, 0xFD, 0xF0, 0x12, 0x00, 0x01, 0x00,
    0x00, 0x01, 0x01, 0x08, 0xD9, 0xFF, 0xFF, 0xFF, 0xFF, 0xD9, 0x09, 0x03, 0x09, 0xD9, 0xFF, 0xFF,
    0xFF, 0xFF, 0xD9, 0x09, 0x03, 0x09, 0xD9, 0xFF, 0xFF, 0xFF, 0xFF, 0xD9, 0x08, 0x01, 0x01, 0x00,
    0x00, 0x00, 0x02, 0x00, 0x35, 0xD2, 0xED, 0xED, 0xD2, 0x35, 0x00, 0x04, 0x00, 0x35, 0xD2, 0xED,
    0xED, 0xD2, 0x35, 0x00, 0x04, 0x00, 0x35, 0xD2, 0xED, 0xED, 0xD2, 0x35, 0x00, 0x02, 0x00, 0x00,
    0x00, 0x00, 0x00, 0x01, 0x00, 0x03, 0x12, 0x12, 0x03, 0x00, 0x01, 0x00, 0x01, 0x00, 0x03, 0x12,
    0x12, 0x03, 0x00, 0x01, 0x00, 0x01, 0x00, 0x03, 0x12, 0x12, 0x03, 0x00, 0x01, 0x00, 0x00, 0x00,
    0x00, 0x00, 0x00, 0x00, 0x04, 0x00, 0x00, 0x00, 0x00, 0x04, 0x00, 0x00, 0x00, 0x04, 0x00, 0x00,
    0x00, 0x00, 0x04, 0x00, 0x00, 0x00, 0x04, 0x00, 0x00, 0x00, 0x00, 0x04, 0x00, 0x00, 0x00, 0x00,
    0x00, 0x00, 0x00, 0x01, 0x00, 0x03, 0x12, 0x12, 0x03, 0x00, 0x01, 0x00, 0x01, 0x00, 0x03, 0x12,
    0x12, 0x03, 0x00, 0x01, 0x00, 0x01, 0x00, 0x03, 0x12, 0x12, 0x03, 0x00, 0x01, 0x00, 0x00, 0x00,
    0x00, 0x00, 0x02, 0x00, 0x35, 0xD2, 0xED, 0xED, 0xD2, 0x35, 0x00, 0x04, 0x00, 0x35, 0xD2, 0xED,
    0xED, 0xD2, 0x35, 0x00, 0x04, 0x00, 0x35, 0xD2, 0xED, 0xED, 0xD2, 0x35, 0x00, 0x02, 0x00, 0x00,
    0x00, 0x01, 0x01, 0x08, 0xD9, 0xFF, 0xFF, 0xFF, 0xFF, 0xD9, 0x09, 0x03, 0x09, 0xD9, 0xFF, 0xFF,
    0xFF, 0xFF, 0xD9, 0x09, 0x03, 0x09, 0xD9, 0xFF, 0xFF, 0xFF, 0xFF, 0xD9, 0x08, 0x01, 0x01, 0x00,
    0x00, 0x01, 0x00, 0x12, 0xF0, 0xFD, 0xFD, 0xFD, 0xFD, 0xF0, 0x13, 0x00, 0x13, 0xF0, 0xFD, 0xFD,
    0xFD, 0xFD, 0xF0, 0x13, 0x00, 0x13, 0xF0, 0xFD, 0xFD, 0xFD, 0xFD, 0xF0, 0x12, 0x00, 0x01, 0x00,
    0x00, 0x01, 0x00, 0x12, 0xF0, 0xFD, 0xFD, 0xFD, 0xFD, 0xF0, 0x13, 0x00, 0x13, 0xF0, 0xFD, 0xFD,
    0xFD, 0xFD, 0xF0, 0x13, 0x00, 0x13, 0xF0, 0xFD, 0xFD, 0xFD, 0xFD, 0xF0, 0x12, 0x00, 0x01, 0x00,
    0x00, 0x01, 0x01, 0x08, 0xD9, 0xFF, 0xFF, 0xFF, 0xFF, 0xD9, 0x09, 0x03, 0x09, 0xD9, 0xFF, 0xFF,
    0xFF, 0xFF, 0xD9, 0x09, 0x03, 0x09, 0xD9, 0xFF, 0xFF, 0xFF, 0xFF, 0xD9, 0x08, 0x01, 0x01, 0x00,
    0x00, 0x00, 0x02, 0x00, 0x35, 0xD2, 0xED, 0xED, 0xD2, 0x35, 0x00, 0x04, 0x00, 0x35, 0xD2, 0xED,
    0xED, 0xD2, 0x35, 0x00, 0x04, 0x00, 0x35, 0xD2, 0xED, 0xED, 0xD2, 0x35, 0x00, 0x02, 0x00, 0x00,
    0x00, 0x00, 0x00, 0x01, 0x00, 0x03, 0x12, 0x12, 0x03, 0x00, 0x01, 0x00, 0x01, 0x00, 0x03, 0x12,
    0x12, 0x03, 0x00, 0x01, 0x00, 0x01, 0x00, 0x03, 0x12, 0x12, 0x03, 0x00, 0x01, 0x00, 0x00, 0x00,
    0x00, 0x00, 0x00, 0x00, 0x04, 0x00, 0x00, 0x00, 0x00, 0x04, 0x00, 0x00, 0x00, 0x04, 0x00, 0x00,
    0x00, 0x00, 0x04, 0x00, 0x00, 0x00, 0x04, 0x00, 0x00, 0x00, 0x00, 0x04, 0x00, 0x00, 0x00, 0x00,
    0x00, 0x00, 0x00, 0x01, 0x00, 0x03, 0x12, 0x12, 0x03, 0x00, 0x01, 0x00, 0x01, 0x00, 0x03, 0x12,
    0x12, 0x03, 0x00, 0x01, 0x00, 0x01, 0x00, 0x03, 0x12, 0x12, 0x03, 0x00, 0x01, 0x00, 0x00, 0x00,
    0x00, 0x00, 0x02, 0x00, 0x35, 0xD2, 0xED, 0xED, 0xD2, 0x35, 0x00, 0x04, 0x00, 0x35, 0xD2, 0xED,
    0xED, 0xD2, 0x35, 0x00, 0x04, 0x00, 0x35, 0xD2, 0xED, 0xED, 0xD2, 0x35, 0x00, 0x02, 0x00, 0x00,
    0x00, 0x01, 0x01, 0x08, 0xD9, 0xFF, 0xFF, 0xFF, 0xFF, 0xD9, 0x09, 0x03, 0x09, 0xD9, 0xFF, 0xFF,
    0xFF, 0xFF, 0xD9, 0x09, 0x03, 0x09, 0xD9, 0xFF, 0xFF, 0xFF, 0xFF, 0xD9, 0x08, 0x01, 0x01, 0x00,
    0x00, 0x01, 0x00, 0x12, 0xF0, 0xFD, 0xFD, 0xFD, 0xFD, 0xF0, 0x13, 0x00, 0x13, 0xF0, 0xFD, 0xFD,
    0xFD, 0xFD, 0xF0, 0x13, 0x00, 0x13, 0xF0, 0xFD, 0xFD, 0xFD, 0xFD, 0xF0, 0x12, 0x00, 0x01, 0x00,
    0x00, 0x01, 0x00, 0x12, 0xF0, 0xFD, 0xFD, 0xFD, 0xFD, 0xF0, 0x13, 0x00, 0x13, 0xF0, 0xFD, 0xFD,
    0xFD, 0xFD, 0xF0, 0x13, 0x00, 0x13, 0xF0, 0xFD, 0xFD, 0xFD, 0xFD, 0xF0, 0x12, 0x00, 0x01, 0x00,
    0x00, 0x01, 0x01, 0x08, 0xD9, 0xFF, 0xFF, 0xFF, 0xFF, 0xD9, 0x09, 0x03, 0x09, 0xD9, 0xFF, 0xFF,
    0xFF, 0xFF, 0xD9, 0x09, 0x03, 0x09, 0xD9, 0xFF, 0xFF, 0xFF, 0xFF, 0xD9, 0x08, 0x01, 0x01, 0x00,
    0x00, 0x00, 0x02, 0x00, 0x35, 0xD2, 0xED, 0xED, 0xD2, 0x35, 0x00, 0x04, 0x00, 0x35, 0xD2, 0xED,
    0xED, 0xD2, 0x35, 0x00, 0x04, 0x00, 0x35, 0xD2, 0xED, 0xED, 0xD2, 0x35, 0x00, 0x02, 0x00, 0x00,
    0x00, 0x00, 0x00, 0x01, 0x00, 0x02, 0x11, 0x11, 0x02, 0x00, 0x01, 0x00, 0x01, 0x00, 0x02, 0x11,
    0x11, 0x02, 0x00, 0x01, 0x00, 0x01, 0x00, 0x02, 0x11, 0x11, 0x02, 0x00, 0x01, 0x00, 0x00, 0x00,
    0x00, 0x00, 0x00, 0x00, 0x02, 0x00, 0x00, 0x00, 0x00, 0x02, 0x00, 0x00, 0x00, 0x02, 0x00, 0x00,
    0x00, 0x00, 0x02, 0x00, 0x00, 0x00, 0x02, 0x00, 0x00, 0x00, 0x00, 0x02, 0x00, 0x00, 0x00, 0x00,
    0x00, 0x00, 0x00, 0x00, 0x00, 0x01, 0x01, 0x01, 0x01, 0x00, 0x00, 0x00, 0x00, 0x00, 0x01, 0x01,
    0x01, 0x01, 0x00, 0x00, 0x00, 0x00, 0x00, 0x01, 0x01, 0x01, 0x01, 0x00, 0x00, 0x00, 0x00, 0x00,
    0x00, 0x00, 0x00, 0x00, 0x00, 0x00, 0x00, 0x00, 0x00, 0x00, 0x00, 0x00, 0x00, 0x00, 0x00, 0x00,
    0x00, 0x00, 0x00, 0x00, 0x00, 0x00, 0x00, 0x00, 0x00, 0x00, 0x00, 0x00, 0x00, 0x00, 0x00, 0x00,
};

const lv_image_dsc_t kit_icon_soundbox_a8 = {
    .header.magic = LV_IMAGE_HEADER_MAGIC,
    .header.cf = LV_COLOR_FORMAT_A8,
    .header.flags = 0,
    .header.w = 32,
    .header.h = 32,
    .header.stride = 32,
    .data_size = sizeof(kit_icon_soundbox_a8_map),
    .data = kit_icon_soundbox_a8_map,
};

static const uint8_t kit_icon_external_a8_map[] = {
    0x00, 0x00, 0x00, 0x00, 0x00, 0x00, 0x00, 0x00, 0x00, 0x00, 0x00, 0x00, 0x00, 0x00, 0x00, 0x00,
    0x00, 0x00, 0x00, 0x00, 0x00, 0x00, 0x00, 0x00, 0x00, 0x00, 0x00, 0x00, 0x00, 0x00, 0x00, 0x00,
    0x00, 0x00, 0x00, 0x00, 0x00, 0x00, 0x00, 0x00, 0x00, 0x00, 0x00, 0x00, 0x00, 0x00, 0x00, 0x00,
    0x00, 0x00, 0x00, 0x00, 0x00, 0x00, 0x00, 0x00, 0x00, 0x00, 0x00, 0x00, 0x00, 0x00, 0x00, 0x00,
    0x00, 0x00, 0x00, 0x00, 0x00, 0x00, 0x00, 0x00, 0x00, 0x00, 0x00, 0x00, 0x00, 0x00, 0x00, 0x00,
    0x00, 0x00, 0x00, 0x00, 0x00, 0x00, 0x00, 0x00, 0x00, 0x00, 0x00, 0x00, 0x00, 0x00, 0x00, 0x00,
    0x00, 0x00, 0x00, 0x00, 0x00, 0x00, 0x00, 0x00, 0x00, 0x01, 0x01, 0x01, 0x01, 0x01, 0x01, 0x01,
    0x01, 0x01, 0x01, 0x01, 0x01, 0x01, 0x01, 0x00, 0x00, 0x00, 0x00, 0x00, 0x00, 0x00, 0x00, 0x00,
    0x00, 0x00, 0x00, 0x00, 0x00, 0x00, 0x00, 0x01, 0x03, 0x00, 0x00, 0x00, 0x00, 0x00, 0x00, 0x00,
    0x00, 0x00, 0x00, 0x00, 0x00, 0x00, 0x00, 0x03, 0x01, 0x00, 0x00, 0x00, 0x00, 0x00, 0x00, 0x00,
    0x00, 0x00, 0x00, 0x00, 0x00, 0x00, 0x01, 0x00, 0x00, 0x0A, 0x10, 0x10, 0x11, 0x11, 0x11, 0x11,
    0x11, 0x11, 0x11, 0x11, 0x10, 0x10, 0x0A, 0x00, 0x00, 0x01, 0x00, 0x00, 0x00, 0x00, 0x00, 0x00,
    0x00, 0x00, 0x00, 0x00, 0x00, 0x01, 0x00, 0x1A, 0x9B, 0xE1, 0xEC, 0xED, 0xED, 0xED, 0xED, 0xED,
    0xED, 0xED, 0xED, 0xED, 0xED, 0xEC, 0xE1, 0x9B, 0x1A, 0x00, 0x01, 0x00, 0x00, 0x00, 0x00, 0x00,
    0x00, 0x00, 0x00, 0x00, 0x01, 0x01, 0x19, 0xE1, 0xFF, 0xFF, 0xFF, 0xFF, 0xFF, 0xFF, 0xFF, 0xFF,
    0xFF, 0xFF, 0xFF, 0xFF, 0xFF, 0xFF, 0xFF, 0xFF, 0xE1, 0x19, 0x01, 0x01, 0x00, 0x00, 0x00, 0x00,
    0x00, 0x00, 0x00, 0x00, 0x03, 0x00, 0x9C, 0xFF, 0xFA, 0xFC, 0xED, 0xEE, 0xED, 0xED, 0xED, 0xED,
    0xED, 0xED, 0xED, 0xED, 0xEE, 0xED, 0xFC, 0xFA, 0xFF, 0x9C, 0x00, 0x03, 0x00, 0x00, 0x00, 0x00,
    0x00, 0x00, 0x00, 0x01, 0x00, 0x0D, 0xE6, 0xFE, 0xF6, 0x41, 0x11, 0x13, 0x11, 0x11, 0x11, 0x11,
    0x11, 0x11, 0x11, 0x11, 0x13, 0x11, 0x41, 0xF6, 0xFE, 0xE6, 0x0D, 0x00, 0x01, 0x00, 0x00, 0x00,
    0x00, 0x00, 0x00, 0x01, 0x00, 0x12, 0xEE, 0xFF, 0xEB, 0x0A, 0x00, 0x00, 0x00, 0x00, 0x00, 0x00,
    0x00, 0x00, 0x00, 0x00, 0x00, 0x00, 0x0A, 0xEB, 0xFF, 0xEE, 0x12, 0x00, 0x01, 0x00, 0x00, 0x00,
    0x00, 0x00, 0x00, 0x01, 0x00, 0x11, 0xEC, 0xFF, 0xEF, 0x0B, 0x0B, 0x0D, 0x00, 0x02, 0x00, 0x0C,
    0x0C, 0x00, 0x02, 0x00, 0x0D, 0x0B, 0x0B, 0xEF, 0xFF, 0xEC, 0x11, 0x00, 0x01, 0x00, 0x00, 0x00,
    0x00, 0x00, 0x00, 0x01, 0x00, 0x11, 0xED, 0xFF, 0xE2, 0x4E, 0xE4, 0xE5, 0x43, 0x01, 0x43, 0xE5,
    0xE5, 0x43, 0x01, 0x43, 0xE5, 0xE4, 0x4E, 0xE2, 0xFF, 0xED, 0x11, 0x00, 0x01, 0x00, 0x00, 0x00,
    0x00, 0x00, 0x00, 0x01, 0x00, 0x11, 0xED, 0xFF, 0xD9, 0x97, 0xFF, 0xFF, 0x8B, 0x00, 0x8B, 0xFF,
    0xFF, 0x8B, 0x00, 0x8B, 0xFF, 0xFF, 0x97, 0xD9, 0xFF, 0xED, 0x11, 0x00, 0x01, 0x00, 0x00, 0x00,
    0x00, 0x00, 0x00, 0x01, 0x00, 0x11, 0xED, 0xFF, 0xDA, 0x8F, 0xFD, 0xFE, 0x83, 0x00, 0x83, 0xFD,
    0xFD, 0x83, 0x00, 0x83, 0xFE, 0xFD, 0x8F, 0xDA, 0xFF, 0xED, 0x11, 0x00, 0x01, 0x00, 0x00, 0x00,
    0x00, 0x00, 0x00, 0x01, 0x00, 0x11, 0xED, 0xFF, 0xDA, 0x90, 0xFF, 0xFF, 0x84, 0x00, 0x84, 0xFF,
    0xFF, 0x84, 0x00, 0x84, 0xFF, 0xFF, 0x90, 0xDA, 0xFF, 0xED, 0x11, 0x00, 0x01, 0x00, 0x00, 0x00,
    0x00, 0x00, 0x00, 0x01, 0x00, 0x11, 0xED, 0xFF, 0xDA, 0x90, 0xFF, 0xFF, 0x84, 0x00, 0x84, 0xFF,
    0xFF, 0x84, 0x00, 0x84, 0xFF, 0xFF, 0x90, 0xDA, 0xFF, 0xED, 0x11, 0x00, 0x01, 0x00, 0x00, 0x00,
    0x00, 0x00, 0x00, 0x01, 0x00, 0x11, 0xED, 0xFF, 0xDA, 0x8F, 0xFD, 0xFE, 0x83, 0x00, 0x83, 0xFD,
    0xFD, 0x83, 0x00, 0x83, 0xFE, 0xFD, 0x8F, 0xDA, 0xFF, 0xED, 0x11, 0x00, 0x01, 0x00, 0x00, 0x00,
    0x00, 0x00, 0x00, 0x01, 0x00, 0x11, 0xED, 0xFF, 0xD9, 0x97, 0xFF, 0xFF, 0x8B, 0x00, 0x8B, 0xFF,
    0xFF, 0x8B, 0x00, 0x8B, 0xFF, 0xFF, 0x97, 0xD9, 0xFF, 0xED, 0x11, 0x00, 0x01, 0x00, 0x00, 0x00,
    0x00, 0x00, 0x00, 0x01, 0x00, 0x11, 0xED, 0xFF, 0xE2, 0x4E, 0xE4, 0xE5, 0x43, 0x01, 0x43, 0xE5,
    0xE5, 0x43, 0x01, 0x43, 0xE5, 0xE4, 0x4E, 0xE2, 0xFF, 0xED, 0x11, 0x00, 0x01, 0x00, 0x00, 0x00,
    0x00, 0x00, 0x00, 0x01, 0x00, 0x11, 0xEC, 0xFF, 0xEF, 0x0B, 0x0B, 0x0D, 0x00, 0x02, 0x00, 0x0C,
    0x0C, 0x00, 0x02, 0x00, 0x0D, 0x0B, 0x0B, 0xEF, 0xFF, 0xEC, 0x11, 0x00, 0x01, 0x00, 0x00, 0x00,
    0x00, 0x00, 0x00, 0x01, 0x00, 0x12, 0xEE, 0xFF, 0xEB, 0x0A, 0x00, 0x00, 0x00, 0x00, 0x00, 0x00,
    0x00, 0x00, 0x00, 0x00, 0x00, 0x00, 0x0A, 0xEB, 0xFF, 0xEE, 0x12, 0x00, 0x01, 0x00, 0x00, 0x00,
    0x00, 0x00, 0x00, 0x01, 0x00, 0x0D, 0xE6, 0xFE, 0xF6, 0x41, 0x11, 0x13, 0x11, 0x11, 0x11, 0x11,
    0x11, 0x11, 0x11, 0x11, 0x13, 0x11, 0x41, 0xF6, 0xFE, 0xE6, 0x0D, 0x00, 0x01, 0x00, 0x00, 0x00,
    0x00, 0x00, 0x00, 0x00, 0x03, 0x00, 0x9C, 0xFF, 0xFA, 0xFC, 0xED, 0xEE, 0xED, 0xED, 0xED, 0xED,
    0xED, 0xED, 0xED, 0xED, 0xEE, 0xED, 0xFC, 0xFA, 0xFF, 0x9C, 0x00, 0x03, 0x00, 0x00, 0x00, 0x00,
    0x00, 0x00, 0x00, 0x00, 0x01, 0x01, 0x19, 0xE1, 0xFF, 0xFF, 0xFF, 0xFF, 0xFF, 0xFF, 0xFF, 0xFF,
    0xFF, 0xFF, 0xFF, 0xFF, 0xFF, 0xFF, 0xFF, 0xFF, 0xE1, 0x19, 0x01, 0x01, 0x00, 0x00, 0x00, 0x00,
    0x00, 0x00, 0x00, 0x00, 0x00, 0x01, 0x00, 0x1A, 0x9B, 0xE1, 0xEC, 0xED, 0xED, 0xED, 0xED, 0xED,
    0xED, 0xED, 0xED, 0xED, 0xED, 0xEC, 0xE1, 0x9B, 0x1A, 0x00, 0x01, 0x00, 0x00, 0x00, 0x00, 0x00,
    0x00, 0x00, 0x00, 0x00, 0x00, 0x00, 0x01, 0x00, 0x00, 0x0A, 0x10, 0x10, 0x11, 0x11, 0x11, 0x11,
    0x11, 0x11, 0x11, 0x11, 0x10, 0x10, 0x0A, 0x00, 0x00, 0x01, 0x00, 0x00, 0x00, 0x00, 0x00, 0x00,
    0x00, 0x00, 0x00, 0x00, 0x00, 0x00, 0x00, 0x01, 0x03, 0x00, 0x00, 0x00, 0x00, 0x00, 0x00, 0x00,
    0x00, 0x00, 0x00, 0x00, 0x00, 0x00, 0x00, 0x03, 0x01, 0x00, 0x00, 0x00, 0x00, 0x00, 0x00, 0x00,
    0x00, 0x00, 0x00, 0x00, 0x00, 0x00, 0x00, 0x00, 0x00, 0x01, 0x01, 0x01, 0x01, 0x01, 0x01, 0x01,
    0x01, 0x01, 0x01, 0x01, 0x01, 0x01, 0x01, 0x00, 0x00, 0x00, 0x00, 0x00, 0x00, 0x00, 0x00, 0x00,
    0x00, 0x00, 0x00, 0x00, 0x00, 0x00, 0x00, 0x00, 0x00, 0x00, 0x00, 0x00, 0x00, 0x00, 0x00, 0x00,
    0x00, 0x00, 0x00, 0x00, 0x00, 0x00, 0x00, 0x00, 0x00, 0x00, 0x00, 0x00, 0x00, 0x00, 0x00, 0x00,
    0x00, 0x00, 0x00, 0x00, 0x00, 0x00, 0x00, 0x00, 0x00, 0x00, 0x00, 0x00, 0x00, 0x00, 0x00, 0x00,
    0x00, 0x00, 0x00, 0x00, 0x00, 0x00, 0x00, 0x00, 0x00, 0x00, 0x00, 0x00, 0x00, 0x00, 0x00, 0x00,
    0x00, 0x00, 0x00, 0x00, 0x00, 0x00, 0x00, 0x00, 0x00, 0x00, 0x00, 0x00, 0x00, 0x00, 0x00, 0x00,
    0x00, 0x00, 0x00, 0x00, 0x00, 0x00, 0x00, 0x00, 0x00, 0x00, 0x00, 0x00, 0x00, 0x00, 0x00, 0x00,
};

const lv_image_dsc_t kit_icon_external_a8 = {
    .header.magic = LV_IMAGE_HEADER_MAGIC,
    .header.cf = LV_COLOR_FORMAT_A8,
    .header.flags = 0,
    .header.w = 32,
    .header.h = 32,
    .header.stride = 32,
    .data_size = sizeof(kit_icon_external_a8_map),
    .data = kit_icon_external_a8_map,
};
