/*******************************************************************************
 * Size: 20 px
 * Bpp: 4
 * Opts: --no-compress --no-prefilter --bpp 4 --format lvgl --force-fast-kern-format --size 20 --font SpaceMono-Bold.ttf -r 0x20-0x7F,0xA0-0xFF,0x2022 --font fa.woff -r 61452,61458,61515,61543,61640,61656,61657,61658,61671,61713 -o kit_mono_20.c
 ******************************************************************************/

#include "lvgl.h"

#ifndef KIT_MONO_20
#define KIT_MONO_20 1
#endif

#if KIT_MONO_20

/*-----------------
 *    BITMAPS
 *----------------*/

/*Store the image of the glyphs*/
static LV_ATTRIBUTE_LARGE_CONST const uint8_t glyph_bitmap[] = {
    /* U+0020 " " */

    /* U+0021 "!" */
    0x3f, 0xf7, 0x3, 0xff, 0x70, 0x3f, 0xf7, 0x3,
    0xff, 0x70, 0x3f, 0xf7, 0x3, 0xff, 0x70, 0x3f,
    0xf7, 0x3, 0xff, 0x70, 0x3f, 0xf7, 0x1, 0x99,
    0x30, 0x19, 0xa2, 0x9, 0xff, 0xd0, 0xbf, 0xfe,
    0x3, 0xde, 0x50,

    /* U+0022 "\"" */
    0x5, 0xed, 0x20, 0xbf, 0x90, 0xf, 0xff, 0xb7,
    0xff, 0xf3, 0xe, 0xff, 0x95, 0xff, 0xf2, 0x2,
    0xfc, 0x10, 0xaf, 0x60, 0x0, 0xfa, 0x0, 0x6f,
    0x30, 0x0, 0xfa, 0x0, 0x6f, 0x30,

    /* U+0023 "#" */
    0x0, 0x23, 0x10, 0x33, 0x0, 0x0, 0xc, 0xf5,
    0x2f, 0xf0, 0x0, 0x0, 0xcf, 0x52, 0xff, 0x0,
    0xd, 0xff, 0xff, 0xff, 0xff, 0xf1, 0xdf, 0xff,
    0xff, 0xff, 0xff, 0x11, 0x1d, 0xf6, 0x3f, 0xf2,
    0x10, 0x11, 0xdf, 0x63, 0xff, 0x21, 0xd, 0xff,
    0xff, 0xff, 0xff, 0xf1, 0xdf, 0xff, 0xff, 0xff,
    0xff, 0x10, 0xc, 0xf5, 0x2f, 0xf0, 0x0, 0x0,
    0xcf, 0x52, 0xff, 0x0, 0x0,

    /* U+0024 "$" */
    0x0, 0x8, 0xa0, 0x0, 0x0, 0x2, 0xef, 0x30,
    0x0, 0x1c, 0xff, 0xff, 0xb1, 0x9, 0xff, 0xff,
    0xff, 0x90, 0xcf, 0x9d, 0xf8, 0xfe, 0x9, 0xff,
    0xff, 0x40, 0x0, 0x1d, 0xff, 0xff, 0xe4, 0x0,
    0x14, 0xef, 0xef, 0xe0, 0xef, 0x6d, 0xf4, 0xff,
    0x1a, 0xfe, 0xef, 0xbf, 0xf0, 0x2e, 0xff, 0xff,
    0xf8, 0x0, 0x18, 0xff, 0xb5, 0x0, 0x0, 0xd,
    0xf1, 0x0, 0x0,

    /* U+0025 "%" */
    0x3, 0xcf, 0xe7, 0x0, 0x0, 0x0, 0x1e, 0xfb,
    0xef, 0x60, 0x0, 0x0, 0x5f, 0x80, 0x2f, 0xb0,
    0x0, 0x0, 0x3f, 0xb0, 0x5f, 0xa0, 0x0, 0x10,
    0xb, 0xff, 0xff, 0x30, 0x4c, 0xd0, 0x0, 0x69,
    0x82, 0x5c, 0xff, 0x90, 0x0, 0x0, 0x5d, 0xff,
    0x92, 0x0, 0x0, 0x5d, 0xff, 0x91, 0x0, 0x0,
    0xc, 0xff, 0x91, 0x4c, 0xfd, 0x40, 0x6, 0x91,
    0x2, 0xff, 0xbf, 0xf3, 0x0, 0x0, 0x7, 0xf6,
    0x5, 0xf8, 0x0, 0x0, 0x7, 0xf6, 0x5, 0xf8,
    0x0, 0x0, 0x2, 0xff, 0xbf, 0xf3, 0x0, 0x0,
    0x0, 0x4c, 0xfd, 0x40,

    /* U+0026 "&" */
    0x0, 0x5c, 0xff, 0xf2, 0x0, 0x0, 0x6, 0xff,
    0xff, 0xf2, 0x0, 0x0, 0xe, 0xff, 0x75, 0x50,
    0x0, 0x0, 0x2f, 0xf7, 0x0, 0x0, 0x0, 0x0,
    0x1f, 0xf6, 0x0, 0x8, 0xff, 0x0, 0xc, 0xfc,
    0x20, 0x8, 0xff, 0x0, 0x1, 0xbf, 0xff, 0xff,
    0xff, 0xfd, 0x0, 0x4e, 0xff, 0xff, 0xff, 0xfd,
    0x8, 0xff, 0x97, 0x7c, 0xff, 0x76, 0xf, 0xf7,
    0x0, 0x8, 0xff, 0x0, 0x2f, 0xf7, 0x0, 0x8,
    0xff, 0x0, 0xf, 0xfe, 0x75, 0x5b, 0xff, 0x0,
    0x7, 0xff, 0xff, 0xff, 0xff, 0x0, 0x0, 0x5c,
    0xef, 0xff, 0xff, 0x0,

    /* U+0027 "'" */
    0x3d, 0xe5, 0xbf, 0xfe, 0x9f, 0xfd, 0x1c, 0xf2,
    0xa, 0xe0, 0xa, 0xe0,

    /* U+0028 "(" */
    0x0, 0x1, 0x7c, 0xef, 0x60, 0x4, 0xef, 0xff,
    0xf6, 0x4, 0xff, 0xfe, 0x97, 0x30, 0xdf, 0xf7,
    0x0, 0x0, 0x5f, 0xf9, 0x0, 0x0, 0x9, 0xff,
    0x20, 0x0, 0x0, 0xbf, 0xf0, 0x0, 0x0, 0xc,
    0xfd, 0x0, 0x0, 0x0, 0xcf, 0xd0, 0x0, 0x0,
    0xc, 0xfd, 0x0, 0x0, 0x0, 0xcf, 0xd0, 0x0,
    0x0, 0xc, 0xfd, 0x0, 0x0, 0x0, 0xcf, 0xd0,
    0x0, 0x0, 0xb, 0xff, 0x0, 0x0, 0x0, 0x9f,
    0xf2, 0x0, 0x0, 0x5, 0xff, 0x90, 0x0, 0x0,
    0xd, 0xff, 0x70, 0x0, 0x0, 0x4f, 0xff, 0xd9,
    0x73, 0x0, 0x4e, 0xff, 0xff, 0x60, 0x0, 0x17,
    0xce, 0xf6,

    /* U+0029 ")" */
    0x2f, 0xfc, 0x82, 0x0, 0x2, 0xff, 0xff, 0xf7,
    0x0, 0x17, 0x9c, 0xff, 0xf7, 0x0, 0x0, 0x4,
    0xff, 0xf2, 0x0, 0x0, 0x5, 0xff, 0x80, 0x0,
    0x0, 0xe, 0xfd, 0x0, 0x0, 0x0, 0xbf, 0xe0,
    0x0, 0x0, 0x9, 0xff, 0x0, 0x0, 0x0, 0x9f,
    0xf0, 0x0, 0x0, 0x9, 0xff, 0x0, 0x0, 0x0,
    0x9f, 0xf0, 0x0, 0x0, 0x9, 0xff, 0x0, 0x0,
    0x0, 0x9f, 0xf0, 0x0, 0x0, 0xb, 0xfe, 0x0,
    0x0, 0x0, 0xef, 0xc0, 0x0, 0x0, 0x5f, 0xf8,
    0x0, 0x0, 0x4f, 0xff, 0x21, 0x78, 0xcf, 0xff,
    0x70, 0x2f, 0xff, 0xff, 0x70, 0x2, 0xff, 0xc8,
    0x20, 0x0,

    /* U+002A "*" */
    0x0, 0x0, 0x9b, 0x0, 0x0, 0x0, 0x4a, 0xd,
    0xf1, 0x87, 0x0, 0xc, 0xfb, 0xbf, 0x8f, 0xe1,
    0x0, 0xb, 0xfa, 0xbf, 0xd2, 0x0, 0xbe, 0xca,
    0xff, 0xcb, 0xee, 0x1d, 0xfe, 0xbf, 0xfc, 0xdf,
    0xf1, 0x0, 0x9f, 0xbc, 0xfb, 0x10, 0x0, 0xaf,
    0xdb, 0xe9, 0xfd, 0x10, 0x7, 0xd1, 0xdf, 0x1b,
    0xa0, 0x0, 0x0, 0xd, 0xf1, 0x0, 0x0,

    /* U+002B "+" */
    0x0, 0x0, 0x33, 0x0, 0x0, 0x0, 0x0, 0xff,
    0x40, 0x0, 0x0, 0x0, 0xff, 0x40, 0x0, 0x3,
    0x33, 0xff, 0x73, 0x31, 0x1f, 0xff, 0xff, 0xff,
    0xf4, 0x1f, 0xff, 0xff, 0xff, 0xf4, 0x0, 0x0,
    0xff, 0x40, 0x0, 0x0, 0x0, 0xff, 0x40, 0x0,
    0x0, 0x0, 0xff, 0x40, 0x0,

    /* U+002C "," */
    0x18, 0xa2, 0x9, 0xff, 0xd0, 0xbf, 0xff, 0x2,
    0xdf, 0xf0, 0x0, 0xaf, 0x0, 0xff, 0xc0, 0x8,
    0x71, 0x0,

    /* U+002D "-" */
    0x33, 0x33, 0x33, 0xf, 0xff, 0xff, 0xf3, 0xff,
    0xff, 0xff, 0x30,

    /* U+002E "." */
    0x19, 0xa2, 0x9, 0xff, 0xd0, 0xbf, 0xfe, 0x3,
    0xde, 0x50,

    /* U+002F "/" */
    0x0, 0x0, 0x0, 0x0, 0x0, 0x0, 0x0, 0x0,
    0x3f, 0xb1, 0x0, 0x0, 0x0, 0x9f, 0xe0, 0x0,
    0x0, 0x0, 0xef, 0x90, 0x0, 0x0, 0x3, 0xff,
    0x40, 0x0, 0x0, 0x9, 0xfe, 0x0, 0x0, 0x0,
    0xe, 0xf9, 0x0, 0x0, 0x0, 0x4f, 0xf4, 0x0,
    0x0, 0x0, 0x9f, 0xe0, 0x0, 0x0, 0x0, 0xef,
    0x90, 0x0, 0x0, 0x4, 0xff, 0x40, 0x0, 0x0,
    0x9, 0xfe, 0x0, 0x0, 0x0, 0xe, 0xf9, 0x0,
    0x0, 0x0, 0x4f, 0xf4, 0x0, 0x0, 0x0, 0x9f,
    0xe0, 0x0, 0x0, 0x0, 0xef, 0x90, 0x0, 0x0,
    0x4, 0xff, 0x40, 0x0, 0x0, 0x9, 0xfe, 0x0,
    0x0, 0x0, 0xd, 0xf9, 0x0, 0x0, 0x0, 0x0,
    0x32, 0x0, 0x0, 0x0,

    /* U+0030 "0" */
    0x0, 0x6, 0xcf, 0xfd, 0x80, 0x0, 0x0, 0xaf,
    0xff, 0xff, 0xfd, 0x0, 0x6, 0xff, 0xd7, 0x6c,
    0xff, 0x90, 0xc, 0xff, 0x10, 0x0, 0xcf, 0xf0,
    0xf, 0xfb, 0x0, 0x0, 0x7f, 0xf3, 0xf, 0xf9,
    0x2d, 0xe4, 0x5f, 0xf4, 0xf, 0xf9, 0x8f, 0xfb,
    0x5f, 0xf4, 0xf, 0xf9, 0x4f, 0xf7, 0x5f, 0xf4,
    0xf, 0xf9, 0x2, 0x30, 0x5f, 0xf4, 0xf, 0xfb,
    0x0, 0x0, 0x7f, 0xf3, 0xc, 0xff, 0x10, 0x0,
    0xcf, 0xf0, 0x6, 0xff, 0xd7, 0x6b, 0xff, 0xa0,
    0x0, 0xbf, 0xff, 0xff, 0xfd, 0x10, 0x0, 0x6,
    0xcf, 0xfd, 0x80, 0x0,

    /* U+0031 "1" */
    0x6, 0xff, 0xff, 0xe0, 0x0, 0x0, 0xaf, 0xec,
    0xfe, 0x0, 0x0, 0xe, 0xf9, 0xbf, 0xe0, 0x0,
    0x3, 0xff, 0x5b, 0xfe, 0x0, 0x0, 0x8f, 0xf0,
    0xbf, 0xe0, 0x0, 0xc, 0xfc, 0xb, 0xfe, 0x0,
    0x0, 0x22, 0x10, 0xbf, 0xe0, 0x0, 0x0, 0x0,
    0xb, 0xfe, 0x0, 0x0, 0x0, 0x0, 0xbf, 0xe0,
    0x0, 0x0, 0x0, 0xb, 0xfe, 0x0, 0x0, 0x0,
    0x0, 0xbf, 0xe0, 0x0, 0x5, 0x77, 0x7d, 0xff,
    0x77, 0x73, 0xbf, 0xff, 0xff, 0xff, 0xff, 0x6b,
    0xff, 0xff, 0xff, 0xff, 0xf6,

    /* U+0032 "2" */
    0x0, 0x4b, 0xef, 0xd9, 0x10, 0x0, 0x7f, 0xff,
    0xff, 0xfe, 0x30, 0x3f, 0xff, 0xa8, 0xcf, 0xfd,
    0x9, 0xff, 0x40, 0x0, 0xaf, 0xf2, 0xcf, 0xe0,
    0x0, 0x6, 0xff, 0x3b, 0xeb, 0x0, 0x0, 0xbf,
    0xf1, 0x0, 0x0, 0x26, 0xcf, 0xfc, 0x0, 0x6,
    0xdf, 0xff, 0xfe, 0x20, 0xb, 0xff, 0xff, 0xe8,
    0x10, 0x5, 0xff, 0xe7, 0x20, 0x0, 0x0, 0x9f,
    0xf2, 0x0, 0x0, 0x0, 0xb, 0xff, 0x77, 0x77,
    0x77, 0x71, 0xbf, 0xff, 0xff, 0xff, 0xff, 0x2b,
    0xff, 0xff, 0xff, 0xff, 0xf2,

    /* U+0033 "3" */
    0xbf, 0xff, 0xff, 0xff, 0xf6, 0xb, 0xff, 0xff,
    0xff, 0xff, 0x60, 0x57, 0x77, 0x77, 0x7e, 0xf6,
    0x0, 0x0, 0x6, 0xae, 0xff, 0x60, 0x0, 0x3,
    0xff, 0xff, 0xa2, 0x0, 0x0, 0x3f, 0xd5, 0x0,
    0x0, 0x0, 0x3, 0xff, 0xfe, 0x70, 0x0, 0x0,
    0x3f, 0xff, 0xff, 0x70, 0x56, 0x40, 0x0, 0x4e,
    0xff, 0xd, 0xfd, 0x0, 0x0, 0x9f, 0xf1, 0xaf,
    0xf3, 0x0, 0xc, 0xff, 0x4, 0xff, 0xf9, 0x8c,
    0xff, 0xb0, 0x8, 0xff, 0xff, 0xff, 0xe2, 0x0,
    0x4, 0xbe, 0xfe, 0x91, 0x0,

    /* U+0034 "4" */
    0x0, 0x0, 0x9f, 0xff, 0xfa, 0x0, 0x0, 0x1,
    0xff, 0xaf, 0xfa, 0x0, 0x0, 0x9, 0xff, 0x1f,
    0xfa, 0x0, 0x0, 0x1f, 0xf8, 0xf, 0xfa, 0x0,
    0x0, 0x9f, 0xf1, 0xf, 0xfa, 0x0, 0x1, 0xff,
    0x90, 0xf, 0xfa, 0x0, 0x9, 0xff, 0x10, 0xf,
    0xfa, 0x0, 0x1f, 0xf9, 0x0, 0xf, 0xfa, 0x0,
    0x3f, 0xf2, 0x0, 0xf, 0xfa, 0x0, 0x3f, 0xff,
    0xff, 0xff, 0xff, 0xfb, 0x3f, 0xff, 0xff, 0xff,
    0xff, 0xfb, 0x17, 0x77, 0x77, 0x7f, 0xfc, 0x75,
    0x0, 0x0, 0x0, 0xf, 0xfa, 0x0, 0x0, 0x0,
    0x0, 0xf, 0xfa, 0x0,

    /* U+0035 "5" */
    0xbf, 0xff, 0xff, 0xff, 0xfb, 0xb, 0xff, 0xff,
    0xff, 0xff, 0xb0, 0xbf, 0xf7, 0x77, 0x77, 0x75,
    0xb, 0xff, 0x0, 0x0, 0x0, 0x0, 0xbf, 0xf0,
    0x7d, 0xfd, 0x70, 0xb, 0xff, 0x7f, 0xff, 0xff,
    0xa0, 0xbf, 0xff, 0xf9, 0x8f, 0xff, 0x33, 0x44,
    0x43, 0x0, 0x5f, 0xf8, 0x45, 0x30, 0x0, 0x0,
    0xff, 0x9e, 0xfc, 0x0, 0x0, 0x1f, 0xf8, 0xbf,
    0xf3, 0x0, 0x8, 0xff, 0x55, 0xff, 0xf9, 0x8c,
    0xff, 0xd0, 0xa, 0xff, 0xff, 0xff, 0xe3, 0x0,
    0x5, 0xbe, 0xfd, 0x91, 0x0,

    /* U+0036 "6" */
    0x0, 0x4b, 0xef, 0xd7, 0x0, 0x0, 0x8f, 0xff,
    0xff, 0xfd, 0x10, 0x4f, 0xfe, 0x98, 0xcf, 0xf8,
    0xb, 0xff, 0x20, 0x0, 0xce, 0xb0, 0xdf, 0xc0,
    0x26, 0x62, 0x0, 0xd, 0xfc, 0x6f, 0xff, 0xf9,
    0x0, 0xdf, 0xff, 0xff, 0xff, 0xf7, 0xd, 0xff,
    0xa1, 0x17, 0xff, 0xd0, 0xdf, 0xe0, 0x0, 0xb,
    0xff, 0xd, 0xfd, 0x0, 0x0, 0x9f, 0xf0, 0xbf,
    0xf2, 0x0, 0xe, 0xfe, 0x5, 0xff, 0xf9, 0x8d,
    0xff, 0x80, 0x9, 0xff, 0xff, 0xff, 0xc0, 0x0,
    0x5, 0xbe, 0xfd, 0x70, 0x0,

    /* U+0037 "7" */
    0xcf, 0xff, 0xff, 0xff, 0xff, 0xc, 0xff, 0xff,
    0xff, 0xff, 0xf0, 0x57, 0x77, 0x77, 0x7a, 0xff,
    0x0, 0x0, 0x0, 0x0, 0xcf, 0xf0, 0x0, 0x0,
    0x0, 0x7f, 0xfc, 0x0, 0x0, 0x0, 0x3f, 0xff,
    0x20, 0x0, 0x0, 0xd, 0xff, 0x60, 0x0, 0x0,
    0x8, 0xff, 0xb0, 0x0, 0x0, 0x3, 0xff, 0xe1,
    0x0, 0x0, 0x0, 0xdf, 0xf5, 0x0, 0x0, 0x0,
    0x8f, 0xfa, 0x0, 0x0, 0x0, 0x2f, 0xfe, 0x10,
    0x0, 0x0, 0x9, 0xff, 0x60, 0x0, 0x0, 0x0,
    0xbf, 0xf2, 0x0, 0x0, 0x0,

    /* U+0038 "8" */
    0x0, 0x6c, 0xff, 0xd8, 0x10, 0x0, 0xcf, 0xff,
    0xff, 0xfe, 0x20, 0x6f, 0xfe, 0x98, 0xdf, 0xfa,
    0x9, 0xff, 0x30, 0x0, 0xef, 0xd0, 0x7f, 0xf3,
    0x0, 0xe, 0xfb, 0x1, 0xef, 0xe9, 0x8d, 0xff,
    0x30, 0x1, 0xbf, 0xff, 0xfe, 0x30, 0x0, 0x9f,
    0xff, 0xff, 0xfb, 0x10, 0x9f, 0xf6, 0x10, 0x4e,
    0xfc, 0xe, 0xfb, 0x0, 0x0, 0x7f, 0xf2, 0xff,
    0xd0, 0x0, 0xa, 0xff, 0x2b, 0xff, 0xd8, 0x8c,
    0xff, 0xe0, 0x2e, 0xff, 0xff, 0xff, 0xf4, 0x0,
    0x18, 0xdf, 0xfd, 0x92, 0x0,

    /* U+0039 "9" */
    0x0, 0x5c, 0xef, 0xd7, 0x0, 0x0, 0xaf, 0xff,
    0xff, 0xfd, 0x10, 0x6f, 0xfe, 0x98, 0xdf, 0xf9,
    0xb, 0xff, 0x20, 0x0, 0xdf, 0xf0, 0xdf, 0xd0,
    0x0, 0x9, 0xff, 0x1c, 0xff, 0x20, 0x0, 0xdf,
    0xf1, 0x7f, 0xfe, 0x98, 0xdf, 0xff, 0x10, 0xdf,
    0xff, 0xff, 0xcf, 0xf1, 0x1, 0x9e, 0xfd, 0x48,
    0xff, 0x11, 0x33, 0x0, 0x0, 0x9f, 0xf1, 0x8f,
    0xf3, 0x0, 0xe, 0xff, 0x3, 0xff, 0xe9, 0x8d,
    0xff, 0x90, 0x9, 0xff, 0xff, 0xff, 0xd0, 0x0,
    0x5, 0xbe, 0xfd, 0x70, 0x0,

    /* U+003A ":" */
    0x3d, 0xe5, 0xb, 0xff, 0xe0, 0x9f, 0xfd, 0x1,
    0x9a, 0x20, 0x0, 0x0, 0x0, 0x0, 0x0, 0x19,
    0xa2, 0x9, 0xff, 0xd0, 0xbf, 0xfe, 0x3, 0xde,
    0x50,

    /* U+003B ";" */
    0x3d, 0xe5, 0xb, 0xff, 0xe0, 0x9f, 0xfd, 0x1,
    0x9a, 0x20, 0x0, 0x0, 0x0, 0x0, 0x0, 0x19,
    0xa2, 0x9, 0xff, 0xd0, 0xbf, 0xff, 0x3, 0xdf,
    0xf0, 0x0, 0xaf, 0x0, 0xff, 0xc0, 0x8, 0x71,
    0x0,

    /* U+003C "<" */
    0x0, 0x0, 0x0, 0x0, 0x0, 0x0, 0x0, 0x2,
    0x6a, 0xf4, 0x1, 0x59, 0xdf, 0xff, 0xf4, 0xf,
    0xff, 0xff, 0xea, 0x61, 0x1f, 0xfb, 0x72, 0x0,
    0x0, 0x1f, 0xc6, 0x20, 0x0, 0x0, 0x1f, 0xff,
    0xfe, 0xa6, 0x10, 0x5, 0x9d, 0xff, 0xff, 0xf4,
    0x0, 0x0, 0x26, 0xbf, 0xf4, 0x0, 0x0, 0x0,
    0x0, 0x31,

    /* U+003D "=" */
    0x1f, 0xff, 0xff, 0xff, 0xf4, 0x1f, 0xff, 0xff,
    0xff, 0xf4, 0x3, 0x33, 0x33, 0x33, 0x31, 0x3,
    0x33, 0x33, 0x33, 0x31, 0x1f, 0xff, 0xff, 0xff,
    0xf4, 0x1f, 0xff, 0xff, 0xff, 0xf4,

    /* U+003E ">" */
    0x0, 0x0, 0x0, 0x0, 0x0, 0x1f, 0xb7, 0x30,
    0x0, 0x0, 0x1f, 0xff, 0xfe, 0xa6, 0x10, 0x5,
    0x9d, 0xff, 0xff, 0xf4, 0x0, 0x0, 0x16, 0xae,
    0xf4, 0x0, 0x0, 0x1, 0x5b, 0xf4, 0x1, 0x59,
    0xdf, 0xff, 0xf4, 0xf, 0xff, 0xff, 0xea, 0x61,
    0x1f, 0xfc, 0x73, 0x0, 0x0, 0x4, 0x0, 0x0,
    0x0, 0x0,

    /* U+003F "?" */
    0x0, 0x4b, 0xef, 0xd8, 0x0, 0x0, 0x7f, 0xff,
    0xff, 0xfd, 0x10, 0x3f, 0xff, 0x98, 0xcf, 0xf9,
    0x9, 0xff, 0x40, 0x0, 0xdf, 0xf0, 0xaf, 0xf0,
    0x0, 0xa, 0xff, 0x3, 0x54, 0x0, 0x4, 0xff,
    0xe0, 0x0, 0x2, 0xdf, 0xff, 0xf7, 0x0, 0x0,
    0x9f, 0xff, 0xf9, 0x0, 0x0, 0xa, 0xff, 0x41,
    0x0, 0x0, 0x0, 0x57, 0x60, 0x0, 0x0, 0x0,
    0x5, 0xa7, 0x0, 0x0, 0x0, 0x2, 0xff, 0xf5,
    0x0, 0x0, 0x0, 0x3f, 0xff, 0x60, 0x0, 0x0,
    0x0, 0x9f, 0xb0, 0x0, 0x0,

    /* U+0040 "@" */
    0x4, 0x55, 0x55, 0x55, 0x30, 0x0, 0xc, 0xff,
    0xff, 0xff, 0xfe, 0x50, 0xc, 0xff, 0xff, 0xff,
    0xff, 0xf4, 0x0, 0x0, 0x0, 0x1, 0x7f, 0xfa,
    0x2, 0xcf, 0xd4, 0xbb, 0x1c, 0xfb, 0x1e, 0xff,
    0xff, 0xff, 0x2a, 0xfc, 0x7f, 0xf8, 0x4d, 0xff,
    0x2a, 0xfc, 0xaf, 0xd0, 0x6, 0xff, 0x2a, 0xfc,
    0xbf, 0xb0, 0x4, 0xff, 0x2a, 0xfc, 0xaf, 0xd0,
    0x6, 0xff, 0x2a, 0xfc, 0x7f, 0xf8, 0x4d, 0xff,
    0x7c, 0xfc, 0x1f, 0xff, 0xfe, 0xff, 0xff, 0xfb,
    0x3, 0xcf, 0xc1, 0xbf, 0xff, 0xd3,

    /* U+0041 "A" */
    0x0, 0x7, 0xff, 0xff, 0xb0, 0x0, 0x0, 0xb,
    0xfe, 0xbf, 0xf0, 0x0, 0x0, 0xf, 0xfa, 0x6f,
    0xf3, 0x0, 0x0, 0x3f, 0xf7, 0x3f, 0xf6, 0x0,
    0x0, 0x6f, 0xf3, 0xf, 0xfa, 0x0, 0x0, 0xaf,
    0xf0, 0xc, 0xfe, 0x0, 0x0, 0xef, 0xc0, 0x8,
    0xff, 0x20, 0x2, 0xff, 0x80, 0x5, 0xff, 0x60,
    0x6, 0xff, 0xa7, 0x78, 0xff, 0x90, 0xa, 0xff,
    0xff, 0xff, 0xff, 0xd0, 0xd, 0xff, 0xff, 0xff,
    0xff, 0xf1, 0x1f, 0xf9, 0x0, 0x0, 0x6f, 0xf5,
    0x5f, 0xf6, 0x0, 0x0, 0x2f, 0xf9, 0x9f, 0xf2,
    0x0, 0x0, 0xe, 0xfd,

    /* U+0042 "B" */
    0x1f, 0xff, 0xff, 0xff, 0xc6, 0x0, 0x1f, 0xff,
    0xff, 0xff, 0xff, 0x70, 0x7, 0xef, 0xe7, 0x79,
    0xff, 0xf0, 0x0, 0xcf, 0xe0, 0x0, 0x7f, 0xf2,
    0x0, 0xcf, 0xe0, 0x0, 0x5f, 0xf2, 0x0, 0xcf,
    0xe0, 0x2, 0xcf, 0xd0, 0x0, 0xcf, 0xff, 0xff,
    0xfc, 0x20, 0x0, 0xcf, 0xff, 0xff, 0xe5, 0x0,
    0x0, 0xcf, 0xe7, 0x79, 0xff, 0x80, 0x0, 0xcf,
    0xe0, 0x0, 0x6f, 0xf1, 0x0, 0xcf, 0xe0, 0x0,
    0x6f, 0xf2, 0x7, 0xef, 0xe7, 0x79, 0xff, 0xf0,
    0x1f, 0xff, 0xff, 0xff, 0xff, 0x80, 0x1f, 0xff,
    0xff, 0xff, 0xc5, 0x0,

    /* U+0043 "C" */
    0x0, 0x5, 0xcf, 0xfd, 0x91, 0x0, 0x0, 0xaf,
    0xff, 0xff, 0xfe, 0x20, 0x5, 0xff, 0xe7, 0x6b,
    0xff, 0xb0, 0xc, 0xff, 0x10, 0x0, 0xbf, 0xf1,
    0xf, 0xfb, 0x0, 0x0, 0x7f, 0xf3, 0xf, 0xf9,
    0x0, 0x0, 0x25, 0x51, 0xf, 0xf9, 0x0, 0x0,
    0x0, 0x0, 0xf, 0xf9, 0x0, 0x0, 0x0, 0x0,
    0xf, 0xf9, 0x0, 0x0, 0x25, 0x51, 0xf, 0xfb,
    0x0, 0x0, 0x7f, 0xf3, 0xc, 0xff, 0x10, 0x0,
    0xaf, 0xf1, 0x6, 0xff, 0xd7, 0x6a, 0xff, 0xc0,
    0x0, 0xaf, 0xff, 0xff, 0xfe, 0x20, 0x0, 0x6,
    0xcf, 0xfd, 0x91, 0x0,

    /* U+0044 "D" */
    0x1f, 0xff, 0xff, 0xfd, 0x91, 0x0, 0x1f, 0xff,
    0xff, 0xff, 0xfe, 0x20, 0x7, 0xef, 0xe7, 0x8d,
    0xff, 0xa0, 0x0, 0xcf, 0xe0, 0x0, 0xdf, 0xf0,
    0x0, 0xcf, 0xe0, 0x0, 0x9f, 0xf1, 0x0, 0xcf,
    0xe0, 0x0, 0x8f, 0xf2, 0x0, 0xcf, 0xe0, 0x0,
    0x8f, 0xf2, 0x0, 0xcf, 0xe0, 0x0, 0x8f, 0xf2,
    0x0, 0xcf, 0xe0, 0x0, 0x8f, 0xf2, 0x0, 0xcf,
    0xe0, 0x0, 0x9f, 0xf1, 0x0, 0xcf, 0xe0, 0x0,
    0xef, 0xf0, 0x7, 0xef, 0xe7, 0x8d, 0xff, 0xa0,
    0x1f, 0xff, 0xff, 0xff, 0xfe, 0x20, 0x1f, 0xff,
    0xff, 0xfd, 0x91, 0x0,

    /* U+0045 "E" */
    0x5f, 0xff, 0xff, 0xff, 0xf7, 0x5f, 0xff, 0xff,
    0xff, 0xf7, 0x5f, 0xf9, 0x77, 0x77, 0x73, 0x5f,
    0xf4, 0x0, 0x0, 0x0, 0x5f, 0xf4, 0x0, 0x0,
    0x0, 0x5f, 0xf4, 0x0, 0x0, 0x0, 0x5f, 0xff,
    0xff, 0xff, 0xf3, 0x5f, 0xff, 0xff, 0xff, 0xf3,
    0x5f, 0xf9, 0x77, 0x77, 0x71, 0x5f, 0xf4, 0x0,
    0x0, 0x0, 0x5f, 0xf4, 0x0, 0x0, 0x0, 0x5f,
    0xf9, 0x77, 0x77, 0x75, 0x5f, 0xff, 0xff, 0xff,
    0xfb, 0x5f, 0xff, 0xff, 0xff, 0xfb,

    /* U+0046 "F" */
    0x3f, 0xff, 0xff, 0xff, 0xfb, 0x3f, 0xff, 0xff,
    0xff, 0xfb, 0x3f, 0xfa, 0x77, 0x77, 0x75, 0x3f,
    0xf6, 0x0, 0x0, 0x0, 0x3f, 0xf6, 0x0, 0x0,
    0x0, 0x3f, 0xf6, 0x0, 0x0, 0x0, 0x3f, 0xff,
    0xff, 0xff, 0xf9, 0x3f, 0xff, 0xff, 0xff, 0xf9,
    0x3f, 0xfa, 0x77, 0x77, 0x74, 0x3f, 0xf6, 0x0,
    0x0, 0x0, 0x3f, 0xf6, 0x0, 0x0, 0x0, 0x3f,
    0xf6, 0x0, 0x0, 0x0, 0x3f, 0xf6, 0x0, 0x0,
    0x0, 0x3f, 0xf6, 0x0, 0x0, 0x0,

    /* U+0047 "G" */
    0x0, 0x6, 0xce, 0xfd, 0x70, 0x0, 0x0, 0xaf,
    0xff, 0xff, 0xfc, 0x0, 0x6, 0xff, 0xe9, 0x8d,
    0xff, 0x90, 0xd, 0xfe, 0x10, 0x0, 0xdf, 0xf0,
    0xf, 0xfa, 0x0, 0x0, 0x8f, 0xf2, 0x1f, 0xf8,
    0x0, 0x0, 0x13, 0x30, 0x2f, 0xf8, 0x0, 0x0,
    0x0, 0x0, 0x2f, 0xf8, 0xc, 0xff, 0xff, 0xf3,
    0x1f, 0xf8, 0xc, 0xff, 0xff, 0xf3, 0xf, 0xfa,
    0x5, 0x77, 0xbf, 0xf3, 0xd, 0xff, 0x10, 0x0,
    0xbf, 0xf3, 0x7, 0xff, 0xe9, 0x8c, 0xff, 0xf3,
    0x0, 0xcf, 0xff, 0xff, 0x9f, 0xf3, 0x0, 0x8,
    0xdf, 0xe7, 0x3f, 0xf3,

    /* U+0048 "H" */
    0xcf, 0xd0, 0x0, 0xa, 0xff, 0xc, 0xfd, 0x0,
    0x0, 0xaf, 0xf0, 0xcf, 0xd0, 0x0, 0xa, 0xff,
    0xc, 0xfd, 0x0, 0x0, 0xaf, 0xf0, 0xcf, 0xd0,
    0x0, 0xa, 0xff, 0xc, 0xfd, 0x0, 0x0, 0xaf,
    0xf0, 0xcf, 0xff, 0xff, 0xff, 0xff, 0xc, 0xff,
    0xff, 0xff, 0xff, 0xf0, 0xcf, 0xe7, 0x77, 0x7c,
    0xff, 0xc, 0xfd, 0x0, 0x0, 0xaf, 0xf0, 0xcf,
    0xd0, 0x0, 0xa, 0xff, 0xc, 0xfd, 0x0, 0x0,
    0xaf, 0xf0, 0xcf, 0xd0, 0x0, 0xa, 0xff, 0xc,
    0xfd, 0x0, 0x0, 0xaf, 0xf0,

    /* U+0049 "I" */
    0x9f, 0xff, 0xff, 0xff, 0xfc, 0x9f, 0xff, 0xff,
    0xff, 0xfc, 0x47, 0x79, 0xff, 0xb7, 0x75, 0x0,
    0x3, 0xff, 0x70, 0x0, 0x0, 0x3, 0xff, 0x70,
    0x0, 0x0, 0x3, 0xff, 0x70, 0x0, 0x0, 0x3,
    0xff, 0x70, 0x0, 0x0, 0x3, 0xff, 0x70, 0x0,
    0x0, 0x3, 0xff, 0x70, 0x0, 0x0, 0x3, 0xff,
    0x70, 0x0, 0x0, 0x3, 0xff, 0x70, 0x0, 0x47,
    0x79, 0xff, 0xb7, 0x75, 0x9f, 0xff, 0xff, 0xff,
    0xfc, 0x9f, 0xff, 0xff, 0xff, 0xfc,

    /* U+004A "J" */
    0x0, 0x0, 0xb, 0xff, 0xff, 0x80, 0x0, 0x0,
    0xbf, 0xff, 0xf8, 0x0, 0x0, 0x4, 0x9f, 0xf9,
    0x30, 0x0, 0x0, 0x4, 0xff, 0x50, 0x0, 0x0,
    0x0, 0x4f, 0xf5, 0x0, 0x0, 0x0, 0x4, 0xff,
    0x50, 0x0, 0x0, 0x0, 0x4f, 0xf5, 0x0, 0x0,
    0x0, 0x4, 0xff, 0x50, 0x8b, 0x90, 0x0, 0x4f,
    0xf5, 0xc, 0xfd, 0x0, 0x4, 0xff, 0x50, 0xbf,
    0xf1, 0x0, 0x8f, 0xf4, 0x6, 0xff, 0xd7, 0x9f,
    0xff, 0x0, 0xc, 0xff, 0xff, 0xff, 0x60, 0x0,
    0x7, 0xdf, 0xfc, 0x50, 0x0,

    /* U+004B "K" */
    0x7f, 0xf3, 0x0, 0xd, 0xff, 0x37, 0xff, 0x30,
    0x7, 0xff, 0x90, 0x7f, 0xf3, 0x1, 0xff, 0xe0,
    0x7, 0xff, 0x30, 0xbf, 0xf5, 0x0, 0x7f, 0xf3,
    0x5f, 0xfb, 0x0, 0x7, 0xff, 0x3e, 0xff, 0x20,
    0x0, 0x7f, 0xff, 0xff, 0x70, 0x0, 0x7, 0xff,
    0xff, 0xf3, 0x0, 0x0, 0x7f, 0xf9, 0xff, 0xd0,
    0x0, 0x7, 0xff, 0x38, 0xff, 0x90, 0x0, 0x7f,
    0xf3, 0xd, 0xff, 0x40, 0x7, 0xff, 0x30, 0x2f,
    0xfe, 0x10, 0x7f, 0xf3, 0x0, 0x7f, 0xfa, 0x7,
    0xff, 0x30, 0x0, 0xcf, 0xf5,

    /* U+004C "L" */
    0x5f, 0xf4, 0x0, 0x0, 0x0, 0x5f, 0xf4, 0x0,
    0x0, 0x0, 0x5f, 0xf4, 0x0, 0x0, 0x0, 0x5f,
    0xf4, 0x0, 0x0, 0x0, 0x5f, 0xf4, 0x0, 0x0,
    0x0, 0x5f, 0xf4, 0x0, 0x0, 0x0, 0x5f, 0xf4,
    0x0, 0x0, 0x0, 0x5f, 0xf4, 0x0, 0x0, 0x0,
    0x5f, 0xf4, 0x0, 0x0, 0x0, 0x5f, 0xf4, 0x0,
    0x0, 0x0, 0x5f, 0xf4, 0x0, 0x0, 0x0, 0x5f,
    0xf9, 0x77, 0x77, 0x74, 0x5f, 0xff, 0xff, 0xff,
    0xfa, 0x5f, 0xff, 0xff, 0xff, 0xfa,

    /* U+004D "M" */
    0x9f, 0xff, 0xf1, 0xe, 0xff, 0xfc, 0x9f, 0xcf,
    0xf3, 0xf, 0xfb, 0xfc, 0x9f, 0xad, 0xf4, 0xf,
    0xf8, 0xfc, 0x9f, 0xcb, 0xf5, 0x1f, 0xf8, 0xfc,
    0x9f, 0xda, 0xf6, 0x2f, 0xe9, 0xfc, 0x9f, 0xd9,
    0xf7, 0x4f, 0xd9, 0xfc, 0x9f, 0xd7, 0xf9, 0x5f,
    0xb9, 0xfc, 0x9f, 0xd6, 0xfa, 0x6f, 0xa9, 0xfc,
    0x9f, 0xd5, 0xfb, 0x7f, 0x99, 0xfc, 0x9f, 0xd3,
    0xfc, 0x9f, 0x79, 0xfc, 0x9f, 0xd2, 0xfd, 0xaf,
    0x69, 0xfc, 0x9f, 0xd0, 0xfe, 0xaf, 0x59, 0xfc,
    0x9f, 0xd0, 0xfe, 0xcf, 0x39, 0xfc, 0x9f, 0xd0,
    0xef, 0xff, 0x29, 0xfc,

    /* U+004E "N" */
    0xcf, 0xff, 0xf7, 0xa, 0xff, 0xc, 0xfe, 0xdf,
    0x90, 0xaf, 0xf0, 0xcf, 0xda, 0xfb, 0xa, 0xff,
    0xc, 0xfd, 0x7f, 0xd0, 0xaf, 0xf0, 0xcf, 0xd5,
    0xff, 0xa, 0xff, 0xc, 0xfd, 0x3f, 0xf1, 0xaf,
    0xf0, 0xcf, 0xd1, 0xff, 0x3a, 0xff, 0xc, 0xfd,
    0xf, 0xf5, 0xaf, 0xf0, 0xcf, 0xd0, 0xdf, 0x7a,
    0xff, 0xc, 0xfd, 0xb, 0xf9, 0xaf, 0xf0, 0xcf,
    0xd0, 0x9f, 0xba, 0xff, 0xc, 0xfd, 0x7, 0xfd,
    0xaf, 0xf0, 0xcf, 0xd0, 0x5f, 0xfb, 0xff, 0xc,
    0xfd, 0x3, 0xff, 0xff, 0xf0,

    /* U+004F "O" */
    0x0, 0x6, 0xcf, 0xfd, 0x80, 0x0, 0x0, 0xaf,
    0xff, 0xff, 0xfd, 0x0, 0x6, 0xff, 0xd7, 0x6c,
    0xff, 0x90, 0xc, 0xff, 0x10, 0x0, 0xcf, 0xf0,
    0xf, 0xfb, 0x0, 0x0, 0x7f, 0xf3, 0xf, 0xf9,
    0x0, 0x0, 0x5f, 0xf4, 0xf, 0xf9, 0x0, 0x0,
    0x5f, 0xf4, 0xf, 0xf9, 0x0, 0x0, 0x5f, 0xf4,
    0xf, 0xf9, 0x0, 0x0, 0x5f, 0xf4, 0xf, 0xfb,
    0x0, 0x0, 0x7f, 0xf3, 0xc, 0xff, 0x10, 0x0,
    0xcf, 0xf0, 0x6, 0xff, 0xd7, 0x6b, 0xff, 0xa0,
    0x0, 0xbf, 0xff, 0xff, 0xfd, 0x10, 0x0, 0x6,
    0xcf, 0xfd, 0x80, 0x0,

    /* U+0050 "P" */
    0x9f, 0xff, 0xff, 0xeb, 0x30, 0x9, 0xff, 0xff,
    0xff, 0xff, 0x40, 0x9f, 0xf8, 0x77, 0xaf, 0xfd,
    0x9, 0xff, 0x10, 0x0, 0xaf, 0xf1, 0x9f, 0xf1,
    0x0, 0x7, 0xff, 0x39, 0xff, 0x10, 0x0, 0xaf,
    0xf1, 0x9f, 0xf8, 0x77, 0xaf, 0xfc, 0x9, 0xff,
    0xff, 0xff, 0xff, 0x30, 0x9f, 0xff, 0xff, 0xeb,
    0x30, 0x9, 0xff, 0x10, 0x0, 0x0, 0x0, 0x9f,
    0xf1, 0x0, 0x0, 0x0, 0x9, 0xff, 0x10, 0x0,
    0x0, 0x0, 0x9f, 0xf1, 0x0, 0x0, 0x0, 0x9,
    0xff, 0x10, 0x0, 0x0, 0x0,

    /* U+0051 "Q" */
    0x0, 0x6, 0xcf, 0xfd, 0x70, 0x0, 0x0, 0xaf,
    0xff, 0xff, 0xfc, 0x0, 0x5, 0xff, 0xd7, 0x6c,
    0xff, 0x90, 0xc, 0xff, 0x10, 0x0, 0xdf, 0xf0,
    0xf, 0xfb, 0x0, 0x0, 0x7f, 0xf3, 0xf, 0xf9,
    0x0, 0x0, 0x5f, 0xf4, 0xf, 0xf9, 0x0, 0x0,
    0x5f, 0xf4, 0xf, 0xf9, 0x0, 0x0, 0x5f, 0xf4,
    0xf, 0xf9, 0x0, 0x0, 0x5f, 0xf4, 0xf, 0xfa,
    0x0, 0x0, 0x7f, 0xf3, 0xd, 0xfe, 0x0, 0x0,
    0xbf, 0xf1, 0x7, 0xff, 0xa3, 0x38, 0xff, 0xb0,
    0x0, 0xdf, 0xff, 0xff, 0xff, 0x20, 0x0, 0x1a,
    0xff, 0xff, 0xb2, 0x0, 0x0, 0x0, 0x2f, 0xf7,
    0x0, 0x0, 0x0, 0x0, 0x1f, 0xff, 0xf2, 0x0,
    0x0, 0x0, 0xc, 0xff, 0xf2, 0x0, 0x0, 0x0,
    0x0, 0x45, 0x50, 0x0,

    /* U+0052 "R" */
    0x8f, 0xff, 0xff, 0xeb, 0x40, 0x8, 0xff, 0xff,
    0xff, 0xff, 0x50, 0x8f, 0xf8, 0x77, 0xbf, 0xfe,
    0x8, 0xff, 0x10, 0x0, 0xaf, 0xf2, 0x8f, 0xf1,
    0x0, 0x7, 0xff, 0x38, 0xff, 0x10, 0x0, 0xaf,
    0xf0, 0x8f, 0xf8, 0x77, 0xaf, 0xf7, 0x8, 0xff,
    0xff, 0xff, 0xf9, 0x0, 0x8f, 0xff, 0xff, 0xff,
    0xf8, 0x8, 0xff, 0x10, 0x1, 0xef, 0xd0, 0x8f,
    0xf1, 0x0, 0xc, 0xfd, 0x8, 0xff, 0x10, 0x0,
    0xcf, 0xd0, 0x8f, 0xf1, 0x0, 0xc, 0xfd, 0x8,
    0xff, 0x10, 0x0, 0xcf, 0xd0,

    /* U+0053 "S" */
    0x0, 0x7, 0xcf, 0xfd, 0x81, 0x0, 0x0, 0xcf,
    0xff, 0xff, 0xfe, 0x10, 0x7, 0xff, 0xd8, 0x8d,
    0xff, 0xb0, 0xb, 0xff, 0x0, 0x0, 0xcf, 0xf0,
    0xb, 0xff, 0x20, 0x0, 0x6d, 0xd2, 0x7, 0xff,
    0xe9, 0x52, 0x0, 0x0, 0x0, 0xaf, 0xff, 0xff,
    0xd7, 0x0, 0x0, 0x3, 0x9d, 0xff, 0xff, 0xa0,
    0x28, 0x82, 0x0, 0x15, 0xef, 0xf3, 0x3f, 0xf7,
    0x0, 0x0, 0x6f, 0xf6, 0x1f, 0xfd, 0x0, 0x0,
    0x7f, 0xf5, 0xa, 0xff, 0xe8, 0x7a, 0xff, 0xf1,
    0x1, 0xdf, 0xff, 0xff, 0xff, 0x60, 0x0, 0x7,
    0xce, 0xfe, 0xa3, 0x0,

    /* U+0054 "T" */
    0xef, 0xff, 0xff, 0xff, 0xff, 0x2e, 0xff, 0xff,
    0xff, 0xff, 0xf2, 0x67, 0x79, 0xff, 0xb7, 0x77,
    0x10, 0x0, 0x3f, 0xf7, 0x0, 0x0, 0x0, 0x3,
    0xff, 0x70, 0x0, 0x0, 0x0, 0x3f, 0xf7, 0x0,
    0x0, 0x0, 0x3, 0xff, 0x70, 0x0, 0x0, 0x0,
    0x3f, 0xf7, 0x0, 0x0, 0x0, 0x3, 0xff, 0x70,
    0x0, 0x0, 0x0, 0x3f, 0xf7, 0x0, 0x0, 0x0,
    0x3, 0xff, 0x70, 0x0, 0x0, 0x0, 0x3f, 0xf7,
    0x0, 0x0, 0x0, 0x3, 0xff, 0x70, 0x0, 0x0,
    0x0, 0x3f, 0xf7, 0x0, 0x0,

    /* U+0055 "U" */
    0xef, 0xb0, 0x0, 0x7, 0xff, 0x2e, 0xfb, 0x0,
    0x0, 0x7f, 0xf2, 0xef, 0xb0, 0x0, 0x7, 0xff,
    0x2e, 0xfb, 0x0, 0x0, 0x7f, 0xf2, 0xef, 0xb0,
    0x0, 0x7, 0xff, 0x2e, 0xfb, 0x0, 0x0, 0x7f,
    0xf2, 0xef, 0xb0, 0x0, 0x7, 0xff, 0x2e, 0xfb,
    0x0, 0x0, 0x7f, 0xf2, 0xef, 0xb0, 0x0, 0x7,
    0xff, 0x2e, 0xfc, 0x0, 0x0, 0x8f, 0xf1, 0xbf,
    0xf2, 0x0, 0xd, 0xff, 0x6, 0xff, 0xe8, 0x7c,
    0xff, 0xa0, 0xb, 0xff, 0xff, 0xff, 0xe1, 0x0,
    0x7, 0xcf, 0xfd, 0x91, 0x0,

    /* U+0056 "V" */
    0x6f, 0xf4, 0x0, 0x0, 0x1f, 0xfa, 0x2f, 0xf8,
    0x0, 0x0, 0x4f, 0xf6, 0xf, 0xfb, 0x0, 0x0,
    0x7f, 0xf3, 0xb, 0xff, 0x0, 0x0, 0xbf, 0xf0,
    0x8, 0xff, 0x20, 0x0, 0xef, 0xb0, 0x4, 0xff,
    0x60, 0x2, 0xff, 0x80, 0x0, 0xff, 0x90, 0x5,
    0xff, 0x40, 0x0, 0xdf, 0xd0, 0x9, 0xff, 0x10,
    0x0, 0x9f, 0xf0, 0xc, 0xfd, 0x0, 0x0, 0x6f,
    0xf3, 0xf, 0xf9, 0x0, 0x0, 0x2f, 0xf7, 0x3f,
    0xf6, 0x0, 0x0, 0xe, 0xfa, 0x7f, 0xf2, 0x0,
    0x0, 0xb, 0xfe, 0xbf, 0xe0, 0x0, 0x0, 0x7,
    0xff, 0xff, 0xb0, 0x0,

    /* U+0057 "W" */
    0xdf, 0x90, 0xff, 0xff, 0x45, 0xff, 0xc, 0xf9,
    0x1f, 0xec, 0xf5, 0x5f, 0xf0, 0xcf, 0xa2, 0xfe,
    0xaf, 0x66, 0xff, 0xb, 0xfa, 0x3f, 0xda, 0xf7,
    0x6f, 0xf0, 0xbf, 0xb4, 0xfc, 0x9f, 0x87, 0xfe,
    0xa, 0xfb, 0x5f, 0xb8, 0xf9, 0x7f, 0xe0, 0x9f,
    0xc6, 0xfa, 0x7f, 0x98, 0xfd, 0x9, 0xfc, 0x7f,
    0x96, 0xfa, 0x8f, 0xd0, 0x8f, 0xc8, 0xf9, 0x5f,
    0xb9, 0xfc, 0x8, 0xfd, 0x9f, 0x84, 0xfc, 0x9f,
    0xb0, 0x7f, 0xda, 0xf7, 0x3f, 0xda, 0xfb, 0x7,
    0xfe, 0xaf, 0x62, 0xfe, 0xaf, 0xa0, 0x6f, 0xfd,
    0xf5, 0x1f, 0xfd, 0xfa, 0x6, 0xff, 0xff, 0x40,
    0xff, 0xff, 0x90,

    /* U+0058 "X" */
    0x2f, 0xfb, 0x0, 0x0, 0x7f, 0xf5, 0xb, 0xff,
    0x10, 0x0, 0xdf, 0xe0, 0x5, 0xff, 0x70, 0x4,
    0xff, 0x80, 0x0, 0xef, 0xe0, 0xa, 0xff, 0x20,
    0x0, 0x8f, 0xf4, 0x1f, 0xfb, 0x0, 0x0, 0x1f,
    0xfa, 0x7f, 0xf5, 0x0, 0x0, 0xa, 0xff, 0xff,
    0xe0, 0x0, 0x0, 0x8, 0xff, 0xff, 0xc0, 0x0,
    0x0, 0xe, 0xfd, 0xbf, 0xf2, 0x0, 0x0, 0x5f,
    0xf6, 0x3f, 0xf9, 0x0, 0x0, 0xcf, 0xf0, 0xc,
    0xff, 0x10, 0x4, 0xff, 0x90, 0x5, 0xff, 0x70,
    0xb, 0xff, 0x20, 0x0, 0xef, 0xe0, 0x2f, 0xfb,
    0x0, 0x0, 0x7f, 0xf5,

    /* U+0059 "Y" */
    0x9f, 0xf4, 0x0, 0x0, 0x1f, 0xfd, 0x2, 0xff,
    0xb0, 0x0, 0x7, 0xff, 0x60, 0xb, 0xff, 0x10,
    0x0, 0xdf, 0xe0, 0x0, 0x4f, 0xf8, 0x0, 0x4f,
    0xf8, 0x0, 0x0, 0xdf, 0xe0, 0xb, 0xff, 0x10,
    0x0, 0x6, 0xff, 0x62, 0xff, 0xa0, 0x0, 0x0,
    0xe, 0xfc, 0x9f, 0xf3, 0x0, 0x0, 0x0, 0x8f,
    0xff, 0xfc, 0x0, 0x0, 0x0, 0x1, 0xff, 0xff,
    0x50, 0x0, 0x0, 0x0, 0x4, 0xff, 0x80, 0x0,
    0x0, 0x0, 0x0, 0x3f, 0xf7, 0x0, 0x0, 0x0,
    0x0, 0x3, 0xff, 0x70, 0x0, 0x0, 0x0, 0x0,
    0x3f, 0xf7, 0x0, 0x0, 0x0, 0x0, 0x3, 0xff,
    0x70, 0x0, 0x0,

    /* U+005A "Z" */
    0xf, 0xff, 0xff, 0xff, 0xff, 0xf0, 0xf, 0xff,
    0xff, 0xff, 0xff, 0xf0, 0x7, 0x77, 0x77, 0x77,
    0x8f, 0xf0, 0x0, 0x0, 0x0, 0x1, 0xcf, 0xf0,
    0x0, 0x0, 0x0, 0x2e, 0xff, 0xb0, 0x0, 0x0,
    0x4, 0xff, 0xf9, 0x0, 0x0, 0x0, 0x6f, 0xff,
    0x70, 0x0, 0x0, 0x8, 0xff, 0xf5, 0x0, 0x0,
    0x0, 0xaf, 0xfe, 0x30, 0x0, 0x0, 0xc, 0xff,
    0xd2, 0x0, 0x0, 0x0, 0x1f, 0xfc, 0x10, 0x0,
    0x0, 0x0, 0x1f, 0xf8, 0x77, 0x77, 0x77, 0x71,
    0x1f, 0xff, 0xff, 0xff, 0xff, 0xf4, 0x1f, 0xff,
    0xff, 0xff, 0xff, 0xf4,

    /* U+005B "[" */
    0x8, 0xff, 0xf6, 0x2f, 0xff, 0xf6, 0x4f, 0xf9,
    0x52, 0x4f, 0xf3, 0x0, 0x4f, 0xf3, 0x0, 0x4f,
    0xf3, 0x0, 0x4f, 0xf3, 0x0, 0x4f, 0xf3, 0x0,
    0x4f, 0xf3, 0x0, 0x4f, 0xf3, 0x0, 0x4f, 0xf3,
    0x0, 0x4f, 0xf3, 0x0, 0x4f, 0xf3, 0x0, 0x4f,
    0xf3, 0x0, 0x4f, 0xf3, 0x0, 0x4f, 0xf3, 0x0,
    0x4f, 0xf3, 0x0, 0x4f, 0xf9, 0x52, 0x2f, 0xff,
    0xf6, 0x8, 0xff, 0xf6,

    /* U+005C "\\" */
    0x0, 0x0, 0x0, 0x0, 0x0, 0x9, 0xe7, 0x0,
    0x0, 0x0, 0xb, 0xfd, 0x0, 0x0, 0x0, 0x5,
    0xff, 0x20, 0x0, 0x0, 0x0, 0xff, 0x70, 0x0,
    0x0, 0x0, 0xbf, 0xd0, 0x0, 0x0, 0x0, 0x5f,
    0xf2, 0x0, 0x0, 0x0, 0xf, 0xf7, 0x0, 0x0,
    0x0, 0xb, 0xfd, 0x0, 0x0, 0x0, 0x5, 0xff,
    0x20, 0x0, 0x0, 0x0, 0xff, 0x80, 0x0, 0x0,
    0x0, 0xbf, 0xd0, 0x0, 0x0, 0x0, 0x5f, 0xf2,
    0x0, 0x0, 0x0, 0xf, 0xf8, 0x0, 0x0, 0x0,
    0xb, 0xfd, 0x0, 0x0, 0x0, 0x5, 0xff, 0x20,
    0x0, 0x0, 0x0, 0xff, 0x80, 0x0, 0x0, 0x0,
    0xbf, 0xd0, 0x0, 0x0, 0x0, 0x5f, 0xf1, 0x0,
    0x0, 0x0, 0x4, 0x0,

    /* U+005D "]" */
    0x2f, 0xff, 0xb0, 0x2f, 0xff, 0xf6, 0x5, 0x7f,
    0xf8, 0x0, 0xf, 0xf8, 0x0, 0xf, 0xf8, 0x0,
    0xf, 0xf8, 0x0, 0xf, 0xf8, 0x0, 0xf, 0xf8,
    0x0, 0xf, 0xf8, 0x0, 0xf, 0xf8, 0x0, 0xf,
    0xf8, 0x0, 0xf, 0xf8, 0x0, 0xf, 0xf8, 0x0,
    0xf, 0xf8, 0x0, 0xf, 0xf8, 0x0, 0xf, 0xf8,
    0x0, 0xf, 0xf8, 0x5, 0x7f, 0xf8, 0x2f, 0xff,
    0xf6, 0x2f, 0xff, 0xb0,

    /* U+005E "^" */
    0x0, 0x1, 0x11, 0x10, 0x0, 0x0, 0x4f, 0xff,
    0xf8, 0x0, 0x0, 0xcf, 0xda, 0xff, 0x10, 0x4,
    0xff, 0x52, 0xff, 0x80, 0xc, 0xfe, 0x0, 0xaf,
    0xf1, 0x5f, 0xf7, 0x0, 0x3f, 0xf8, 0x23, 0x30,
    0x0, 0x3, 0x33,

    /* U+005F "_" */
    0x23, 0x33, 0x33, 0x33, 0x33, 0xc, 0xff, 0xff,
    0xff, 0xff, 0xf0, 0xcf, 0xff, 0xff, 0xff, 0xff,
    0x0,

    /* U+0060 "`" */
    0x5a, 0xa0, 0x1e, 0xf6, 0x6, 0xfc,

    /* U+0061 "a" */
    0x0, 0x2a, 0xef, 0xc4, 0xdf, 0xb0, 0x2, 0xef,
    0xff, 0xff, 0xff, 0xb0, 0xb, 0xff, 0xb6, 0x8e,
    0xff, 0xb0, 0xf, 0xfa, 0x0, 0x3, 0xff, 0xb0,
    0x2f, 0xf5, 0x0, 0x0, 0xef, 0xb0, 0x2f, 0xf5,
    0x0, 0x0, 0xef, 0xb0, 0xf, 0xfb, 0x0, 0x3,
    0xff, 0xb0, 0xb, 0xff, 0xb6, 0x8e, 0xff, 0xd3,
    0x2, 0xef, 0xff, 0xfc, 0xaf, 0xf9, 0x0, 0x1a,
    0xef, 0xb1, 0x3e, 0xf9,

    /* U+0062 "b" */
    0xdf, 0xa0, 0x0, 0x0, 0x0, 0xd, 0xfa, 0x0,
    0x0, 0x0, 0x0, 0xdf, 0xa0, 0x0, 0x0, 0x0,
    0xd, 0xfa, 0x0, 0x0, 0x0, 0x0, 0xdf, 0xa4,
    0xcf, 0xfb, 0x30, 0xd, 0xff, 0xff, 0xff, 0xff,
    0x50, 0xdf, 0xfe, 0x86, 0xaf, 0xfe, 0xd, 0xff,
    0x20, 0x0, 0x7f, 0xf4, 0xdf, 0xb0, 0x0, 0x2,
    0xff, 0x6d, 0xfb, 0x0, 0x0, 0x2f, 0xf6, 0xdf,
    0xf2, 0x0, 0x7, 0xff, 0x4d, 0xff, 0xe8, 0x6a,
    0xff, 0xf0, 0xdf, 0xaa, 0xff, 0xff, 0xf5, 0xd,
    0xfa, 0x9, 0xef, 0xc4, 0x0,

    /* U+0063 "c" */
    0x0, 0x4b, 0xef, 0xd9, 0x10, 0x0, 0x8f, 0xff,
    0xff, 0xfe, 0x10, 0x5f, 0xfe, 0x76, 0xaf, 0xfc,
    0xb, 0xfe, 0x10, 0x0, 0x9f, 0xe1, 0xef, 0xa0,
    0x0, 0x1, 0x30, 0xe, 0xfa, 0x0, 0x0, 0x12,
    0x0, 0xcf, 0xe1, 0x0, 0x9, 0xfe, 0x16, 0xff,
    0xd7, 0x6a, 0xff, 0xc0, 0xa, 0xff, 0xff, 0xff,
    0xe2, 0x0, 0x5, 0xbe, 0xfe, 0x91, 0x0,

    /* U+0064 "d" */
    0x0, 0x0, 0x0, 0x0, 0x5f, 0xf3, 0x0, 0x0,
    0x0, 0x0, 0x5f, 0xf3, 0x0, 0x0, 0x0, 0x0,
    0x5f, 0xf3, 0x0, 0x0, 0x0, 0x0, 0x5f, 0xf3,
    0x0, 0x19, 0xef, 0xe8, 0x5f, 0xf3, 0x1, 0xdf,
    0xff, 0xff, 0xff, 0xf3, 0x9, 0xff, 0xc7, 0x6c,
    0xff, 0xf3, 0xf, 0xfd, 0x0, 0x0, 0xbf, 0xf3,
    0x1f, 0xf7, 0x0, 0x0, 0x6f, 0xf3, 0x1f, 0xf7,
    0x0, 0x0, 0x6f, 0xf3, 0xf, 0xfd, 0x0, 0x0,
    0xbf, 0xf3, 0xa, 0xff, 0xc7, 0x6c, 0xff, 0xf3,
    0x1, 0xef, 0xff, 0xff, 0x6f, 0xf3, 0x0, 0x1a,
    0xef, 0xc3, 0x5f, 0xf3,

    /* U+0065 "e" */
    0x0, 0x4b, 0xef, 0xd7, 0x0, 0x0, 0x7f, 0xff,
    0xff, 0xfb, 0x0, 0x3f, 0xfd, 0x54, 0x9f, 0xf7,
    0x9, 0xff, 0x21, 0x11, 0xbf, 0xe0, 0xcf, 0xff,
    0xff, 0xff, 0xff, 0xc, 0xff, 0xff, 0xff, 0xff,
    0xf1, 0x9f, 0xe0, 0x0, 0x1, 0x0, 0x3, 0xff,
    0xd7, 0x69, 0xfb, 0x20, 0x8, 0xff, 0xff, 0xff,
    0xd1, 0x0, 0x4, 0xbe, 0xfd, 0x91, 0x0,

    /* U+0066 "f" */
    0x0, 0x1, 0xcf, 0xff, 0xf5, 0x0, 0x9, 0xff,
    0xff, 0xf5, 0x0, 0xb, 0xfe, 0x55, 0x51, 0x0,
    0xb, 0xfd, 0x0, 0x0, 0x8f, 0xff, 0xff, 0xff,
    0xfb, 0x8f, 0xff, 0xff, 0xff, 0xfb, 0x25, 0x5c,
    0xfe, 0x55, 0x53, 0x0, 0xb, 0xfd, 0x0, 0x0,
    0x0, 0xb, 0xfd, 0x0, 0x0, 0x0, 0xb, 0xfd,
    0x0, 0x0, 0x0, 0xb, 0xfd, 0x0, 0x0, 0x0,
    0xb, 0xfd, 0x0, 0x0, 0x0, 0xb, 0xfd, 0x0,
    0x0, 0x0, 0xb, 0xfd, 0x0, 0x0,

    /* U+0067 "g" */
    0x0, 0x19, 0xef, 0xc3, 0x5f, 0xf2, 0x1, 0xef,
    0xff, 0xfe, 0x6f, 0xf2, 0xa, 0xff, 0xc7, 0x7c,
    0xff, 0xf2, 0xf, 0xfc, 0x0, 0x0, 0xcf, 0xf2,
    0x1f, 0xf6, 0x0, 0x0, 0x6f, 0xf2, 0x1f, 0xf6,
    0x0, 0x0, 0x6f, 0xf2, 0xf, 0xfc, 0x0, 0x0,
    0xcf, 0xf2, 0xa, 0xff, 0xc7, 0x7c, 0xff, 0xf2,
    0x2, 0xef, 0xff, 0xff, 0xff, 0xf2, 0x0, 0x2a,
    0xef, 0xe8, 0x6f, 0xf2, 0x0, 0x0, 0x0, 0x0,
    0x5f, 0xf2, 0x0, 0x5, 0x55, 0x55, 0xaf, 0xf2,
    0x0, 0x1f, 0xff, 0xff, 0xff, 0xf2, 0x0, 0x1f,
    0xff, 0xff, 0xff, 0xa0,

    /* U+0068 "h" */
    0x6f, 0xf2, 0x0, 0x0, 0x0, 0x6f, 0xf2, 0x0,
    0x0, 0x0, 0x6f, 0xf2, 0x0, 0x0, 0x0, 0x6f,
    0xf2, 0x0, 0x0, 0x0, 0x6f, 0xf2, 0x6d, 0xfc,
    0x40, 0x6f, 0xf7, 0xff, 0xff, 0xf4, 0x6f, 0xff,
    0x64, 0xaf, 0xfa, 0x6f, 0xf6, 0x0, 0xd, 0xfd,
    0x6f, 0xf2, 0x0, 0xb, 0xfd, 0x6f, 0xf2, 0x0,
    0xb, 0xfd, 0x6f, 0xf2, 0x0, 0xb, 0xfd, 0x6f,
    0xf2, 0x0, 0xb, 0xfd, 0x6f, 0xf2, 0x0, 0xb,
    0xfd, 0x6f, 0xf2, 0x0, 0xb, 0xfd,

    /* U+0069 "i" */
    0x0, 0x1, 0xcf, 0x80, 0x0, 0x0, 0x7, 0xff,
    0xf2, 0x0, 0x0, 0x6, 0xff, 0xf1, 0x0, 0x0,
    0x0, 0x7a, 0x40, 0x0, 0x0, 0x0, 0x0, 0x0,
    0x0, 0xf, 0xff, 0xff, 0xa0, 0x0, 0xf, 0xff,
    0xff, 0xa0, 0x0, 0x5, 0x55, 0xff, 0xa0, 0x0,
    0x0, 0x0, 0xef, 0xa0, 0x0, 0x0, 0x0, 0xef,
    0xa0, 0x0, 0x0, 0x0, 0xef, 0xa0, 0x0, 0x0,
    0x0, 0xef, 0xa0, 0x0, 0x15, 0x55, 0xff, 0xc5,
    0x52, 0x4f, 0xff, 0xff, 0xff, 0xf8, 0x4f, 0xff,
    0xff, 0xff, 0xf8,

    /* U+006A "j" */
    0x0, 0x0, 0x9f, 0xb0, 0x0, 0x3, 0xff, 0xf6,
    0x0, 0x2, 0xff, 0xf5, 0x0, 0x0, 0x5b, 0x70,
    0x0, 0x0, 0x0, 0x0, 0x7f, 0xff, 0xff, 0xe0,
    0x7f, 0xff, 0xff, 0xe0, 0x25, 0x55, 0xcf, 0xe0,
    0x0, 0x0, 0xaf, 0xe0, 0x0, 0x0, 0xaf, 0xe0,
    0x0, 0x0, 0xaf, 0xe0, 0x0, 0x0, 0xaf, 0xe0,
    0x0, 0x0, 0xaf, 0xe0, 0x0, 0x0, 0xaf, 0xe0,
    0x0, 0x0, 0xaf, 0xe0, 0x0, 0x0, 0xaf, 0xe0,
    0x45, 0x55, 0xdf, 0xd0, 0xdf, 0xff, 0xff, 0xc0,
    0xdf, 0xff, 0xfe, 0x40,

    /* U+006B "k" */
    0xaf, 0xe0, 0x0, 0x0, 0x0, 0xaf, 0xe0, 0x0,
    0x0, 0x0, 0xaf, 0xe0, 0x0, 0x0, 0x0, 0xaf,
    0xe0, 0x0, 0x0, 0x0, 0xaf, 0xe0, 0x5, 0xff,
    0x80, 0xaf, 0xe0, 0x1e, 0xfd, 0x0, 0xaf, 0xe0,
    0xaf, 0xf3, 0x0, 0xaf, 0xe4, 0xff, 0x80, 0x0,
    0xaf, 0xff, 0xfd, 0x0, 0x0, 0xaf, 0xff, 0xfb,
    0x0, 0x0, 0xaf, 0xe9, 0xff, 0x60, 0x0, 0xaf,
    0xe0, 0xbf, 0xf3, 0x0, 0xaf, 0xe0, 0x1e, 0xfd,
    0x10, 0xaf, 0xe0, 0x3, 0xff, 0xb0,

    /* U+006C "l" */
    0x6f, 0xff, 0xff, 0x80, 0x0, 0x6f, 0xff, 0xff,
    0x80, 0x0, 0x25, 0x55, 0xff, 0x80, 0x0, 0x0,
    0x0, 0xff, 0x80, 0x0, 0x0, 0x0, 0xff, 0x80,
    0x0, 0x0, 0x0, 0xff, 0x80, 0x0, 0x0, 0x0,
    0xff, 0x80, 0x0, 0x0, 0x0, 0xff, 0x80, 0x0,
    0x0, 0x0, 0xff, 0x80, 0x0, 0x0, 0x0, 0xff,
    0x80, 0x0, 0x0, 0x0, 0xff, 0x80, 0x0, 0x25,
    0x55, 0xff, 0xa5, 0x54, 0x8f, 0xff, 0xff, 0xff,
    0xfb, 0x8f, 0xff, 0xff, 0xff, 0xfb,

    /* U+006D "m" */
    0x4f, 0xf5, 0xcf, 0x82, 0xdf, 0x90, 0x4f, 0xfe,
    0xff, 0xfe, 0xff, 0xf5, 0x4f, 0xfb, 0x9f, 0xfc,
    0x8f, 0xf7, 0x4f, 0xf3, 0x2f, 0xf6, 0xf, 0xf8,
    0x4f, 0xf3, 0x2f, 0xf6, 0xf, 0xf8, 0x4f, 0xf3,
    0x2f, 0xf6, 0xf, 0xf8, 0x4f, 0xf3, 0x2f, 0xf6,
    0xf, 0xf8, 0x4f, 0xf3, 0x2f, 0xf6, 0xf, 0xf8,
    0x4f, 0xf3, 0x2f, 0xf6, 0xf, 0xf8, 0x4f, 0xf3,
    0x2f, 0xf6, 0xf, 0xf8,

    /* U+006E "n" */
    0x7f, 0xf1, 0x7e, 0xfc, 0x40, 0x7f, 0xfa, 0xff,
    0xff, 0xf3, 0x7f, 0xff, 0x64, 0xaf, 0xf9, 0x7f,
    0xf6, 0x0, 0xe, 0xfc, 0x7f, 0xf2, 0x0, 0xb,
    0xfc, 0x7f, 0xf1, 0x0, 0xb, 0xfc, 0x7f, 0xf1,
    0x0, 0xb, 0xfc, 0x7f, 0xf1, 0x0, 0xb, 0xfc,
    0x7f, 0xf1, 0x0, 0xb, 0xfc, 0x7f, 0xf1, 0x0,
    0xb, 0xfc,

    /* U+006F "o" */
    0x0, 0x5, 0xbe, 0xfc, 0x70, 0x0, 0x0, 0xaf,
    0xff, 0xff, 0xfd, 0x10, 0x6, 0xff, 0xd7, 0x6b,
    0xff, 0xa0, 0xd, 0xfd, 0x0, 0x0, 0xaf, 0xf1,
    0xf, 0xf8, 0x0, 0x0, 0x4f, 0xf3, 0xf, 0xf8,
    0x0, 0x0, 0x4f, 0xf3, 0xd, 0xfd, 0x0, 0x0,
    0xaf, 0xf1, 0x6, 0xff, 0xd7, 0x6b, 0xff, 0xa0,
    0x0, 0xaf, 0xff, 0xff, 0xfd, 0x10, 0x0, 0x5,
    0xbe, 0xfc, 0x70, 0x0,

    /* U+0070 "p" */
    0xff, 0x91, 0xae, 0xeb, 0x30, 0xf, 0xf9, 0xcf,
    0xff, 0xff, 0x30, 0xff, 0xfe, 0x76, 0xbf, 0xfd,
    0xf, 0xfe, 0x10, 0x0, 0x9f, 0xf3, 0xff, 0xa0,
    0x0, 0x3, 0xff, 0x5f, 0xfa, 0x0, 0x0, 0x3f,
    0xf5, 0xff, 0xe1, 0x0, 0x9, 0xff, 0x3f, 0xff,
    0xe7, 0x6b, 0xff, 0xd0, 0xff, 0xff, 0xff, 0xff,
    0xf4, 0xf, 0xf9, 0x5d, 0xff, 0xb3, 0x0, 0xff,
    0x90, 0x0, 0x0, 0x0, 0xf, 0xf9, 0x0, 0x0,
    0x0, 0x0, 0xff, 0x90, 0x0, 0x0, 0x0, 0xf,
    0xf9, 0x0, 0x0, 0x0, 0x0,

    /* U+0071 "q" */
    0x0, 0x19, 0xef, 0xc3, 0x5f, 0xf3, 0x1, 0xdf,
    0xff, 0xff, 0x6f, 0xf3, 0x9, 0xff, 0xc7, 0x6c,
    0xff, 0xf3, 0xf, 0xfd, 0x0, 0x0, 0xbf, 0xf3,
    0x1f, 0xf7, 0x0, 0x0, 0x6f, 0xf3, 0x1f, 0xf7,
    0x0, 0x0, 0x6f, 0xf3, 0xf, 0xfd, 0x0, 0x0,
    0xbf, 0xf3, 0xa, 0xff, 0xc7, 0x6c, 0xff, 0xf3,
    0x1, 0xef, 0xff, 0xff, 0xff, 0xf3, 0x0, 0x1a,
    0xef, 0xe8, 0x5f, 0xf3, 0x0, 0x0, 0x0, 0x0,
    0x5f, 0xf3, 0x0, 0x0, 0x0, 0x0, 0x5f, 0xf3,
    0x0, 0x0, 0x0, 0x0, 0x5f, 0xf3, 0x0, 0x0,
    0x0, 0x0, 0x5f, 0xf3,

    /* U+0072 "r" */
    0xe, 0xff, 0xf4, 0x7e, 0xfb, 0x20, 0xe, 0xff,
    0xfa, 0xff, 0xff, 0xe1, 0x5, 0x6f, 0xff, 0x85,
    0xcf, 0xf5, 0x0, 0x2f, 0xf9, 0x0, 0x3f, 0xf7,
    0x0, 0x2f, 0xf6, 0x0, 0x1, 0x0, 0x0, 0x2f,
    0xf6, 0x0, 0x0, 0x0, 0x0, 0x2f, 0xf6, 0x0,
    0x0, 0x0, 0x5, 0x7f, 0xf9, 0x53, 0x0, 0x0,
    0x2f, 0xff, 0xff, 0xfb, 0x0, 0x0, 0x2f, 0xff,
    0xff, 0xfb, 0x0, 0x0,

    /* U+0073 "s" */
    0x0, 0x4c, 0xff, 0xc5, 0x0, 0x5, 0xff, 0xff,
    0xff, 0x70, 0xb, 0xfe, 0x55, 0xdf, 0xa0, 0xa,
    0xfe, 0x41, 0x11, 0x0, 0x3, 0xff, 0xff, 0xea,
    0x20, 0x0, 0x29, 0xce, 0xff, 0xe1, 0x3, 0x83,
    0x0, 0x4f, 0xf6, 0xf, 0xfe, 0x64, 0x8f, 0xf6,
    0x6, 0xff, 0xff, 0xff, 0xe1, 0x0, 0x4b, 0xef,
    0xd9, 0x10,

    /* U+0074 "t" */
    0x0, 0xc, 0xfb, 0x0, 0x0, 0x0, 0xc, 0xfb,
    0x0, 0x0, 0x0, 0xc, 0xfb, 0x0, 0x0, 0x0,
    0xc, 0xfb, 0x0, 0x0, 0xbf, 0xff, 0xff, 0xff,
    0xf5, 0xbf, 0xff, 0xff, 0xff, 0xf5, 0x35, 0x5d,
    0xfd, 0x55, 0x51, 0x0, 0xc, 0xfb, 0x0, 0x0,
    0x0, 0xc, 0xfb, 0x0, 0x0, 0x0, 0xc, 0xfb,
    0x0, 0x0, 0x0, 0xc, 0xfb, 0x0, 0x0, 0x0,
    0xc, 0xfe, 0x55, 0x50, 0x0, 0xc, 0xff, 0xff,
    0xf0, 0x0, 0x5, 0xff, 0xff, 0xf0,

    /* U+0075 "u" */
    0x7f, 0xf1, 0x0, 0xb, 0xfc, 0x7f, 0xf1, 0x0,
    0xb, 0xfc, 0x7f, 0xf1, 0x0, 0xb, 0xfc, 0x7f,
    0xf1, 0x0, 0xb, 0xfc, 0x7f, 0xf1, 0x0, 0xb,
    0xfc, 0x7f, 0xf1, 0x0, 0xc, 0xfc, 0x6f, 0xf4,
    0x0, 0xf, 0xfc, 0x3f, 0xfd, 0x54, 0xbf, 0xfc,
    0xc, 0xff, 0xff, 0xdd, 0xfc, 0x1, 0xae, 0xfb,
    0x2b, 0xfc,

    /* U+0076 "v" */
    0xf, 0xfb, 0x0, 0x0, 0x8f, 0xf3, 0xb, 0xff,
    0x0, 0x0, 0xcf, 0xe0, 0x6, 0xff, 0x30, 0x0,
    0xff, 0xa0, 0x2, 0xff, 0x80, 0x4, 0xff, 0x50,
    0x0, 0xdf, 0xc0, 0x9, 0xff, 0x10, 0x0, 0x9f,
    0xf0, 0xd, 0xfc, 0x0, 0x0, 0x4f, 0xf4, 0x1f,
    0xf7, 0x0, 0x0, 0xf, 0xf9, 0x5f, 0xf3, 0x0,
    0x0, 0xb, 0xfd, 0xaf, 0xe0, 0x0, 0x0, 0x7,
    0xff, 0xff, 0xa0, 0x0,

    /* U+0077 "w" */
    0xaf, 0xa0, 0xff, 0xff, 0x36, 0xfe, 0x9f, 0xb0,
    0xfe, 0xbf, 0x47, 0xfd, 0x8f, 0xc1, 0xfd, 0xaf,
    0x58, 0xfc, 0x7f, 0xd2, 0xfc, 0x8f, 0x69, 0xfb,
    0x6f, 0xe4, 0xfb, 0x7f, 0x7a, 0xfa, 0x5f, 0xf5,
    0xfa, 0x6f, 0x9b, 0xf9, 0x4f, 0xf6, 0xf9, 0x5f,
    0xac, 0xf8, 0x3f, 0xf7, 0xf7, 0x4f, 0xbc, 0xf7,
    0x2f, 0xf9, 0xf6, 0x3f, 0xcd, 0xf6, 0x1f, 0xff,
    0xf5, 0x1f, 0xff, 0xf5,

    /* U+0078 "x" */
    0x7f, 0xf5, 0x0, 0x1f, 0xfa, 0x0, 0xef, 0xc0,
    0x8, 0xff, 0x30, 0x7, 0xff, 0x31, 0xff, 0xb0,
    0x0, 0x1f, 0xfb, 0x7f, 0xf3, 0x0, 0x0, 0x8f,
    0xff, 0xfc, 0x0, 0x0, 0x6, 0xff, 0xff, 0xa0,
    0x0, 0x0, 0xef, 0xdb, 0xff, 0x20, 0x0, 0x7f,
    0xf5, 0x2f, 0xfb, 0x0, 0x1e, 0xfd, 0x0, 0x9f,
    0xf3, 0x8, 0xff, 0x50, 0x1, 0xff, 0xc0,

    /* U+0079 "y" */
    0x7f, 0xf1, 0x0, 0xb, 0xfc, 0x7f, 0xf1, 0x0,
    0xb, 0xfc, 0x7f, 0xf1, 0x0, 0xb, 0xfc, 0x7f,
    0xf1, 0x0, 0xb, 0xfc, 0x7f, 0xf1, 0x0, 0xb,
    0xfc, 0x7f, 0xf1, 0x0, 0xc, 0xfc, 0x6f, 0xf4,
    0x0, 0xf, 0xfc, 0x3f, 0xfd, 0x54, 0xbf, 0xfc,
    0xc, 0xff, 0xff, 0xcc, 0xfc, 0x1, 0xae, 0xfb,
    0x2b, 0xfc, 0x0, 0x0, 0x0, 0xb, 0xfc, 0x0,
    0x35, 0x55, 0x5e, 0xfc, 0x0, 0xaf, 0xff, 0xff,
    0xfc, 0x0, 0xaf, 0xff, 0xff, 0xf5,

    /* U+007A "z" */
    0x1f, 0xff, 0xff, 0xff, 0xf3, 0x1f, 0xff, 0xff,
    0xff, 0xf3, 0x4, 0x44, 0x44, 0x5f, 0xf3, 0x0,
    0x0, 0x19, 0xff, 0xf3, 0x0, 0x19, 0xff, 0xfe,
    0x70, 0x9, 0xff, 0xfe, 0x70, 0x0, 0x3f, 0xff,
    0x70, 0x0, 0x0, 0x3f, 0xf6, 0x55, 0x55, 0x52,
    0x3f, 0xff, 0xff, 0xff, 0xf7, 0x3f, 0xff, 0xff,
    0xff, 0xf7,

    /* U+007B "{" */
    0x0, 0x3d, 0xff, 0xc0, 0xc, 0xff, 0xfc, 0x0,
    0xdf, 0xd5, 0x40, 0xe, 0xfa, 0x0, 0x0, 0xef,
    0xa0, 0x0, 0xe, 0xfa, 0x0, 0x0, 0xef, 0xa0,
    0x0, 0xe, 0xfa, 0x0, 0x0, 0xef, 0xa0, 0xb,
    0xff, 0xf5, 0x0, 0xbf, 0xf7, 0x0, 0x8, 0xdf,
    0xf7, 0x0, 0x0, 0xef, 0xa0, 0x0, 0xe, 0xfa,
    0x0, 0x0, 0xef, 0xa0, 0x0, 0xe, 0xfa, 0x0,
    0x0, 0xef, 0xa0, 0x0, 0xe, 0xfd, 0x54, 0x0,
    0xcf, 0xff, 0xc0, 0x4, 0xdf, 0xfc,

    /* U+007C "|" */
    0x1d, 0xd4, 0x1f, 0xf5, 0x1f, 0xf5, 0x1f, 0xf5,
    0x1f, 0xf5, 0x1f, 0xf5, 0x1f, 0xf5, 0x1f, 0xf5,
    0x1f, 0xf5, 0x1f, 0xf5, 0x1f, 0xf5, 0x1f, 0xf5,
    0x1f, 0xf5, 0x1f, 0xf5, 0x1f, 0xf5, 0x1f, 0xf5,
    0x1f, 0xf5, 0x1f, 0xf5, 0x1f, 0xf5, 0x1f, 0xf5,

    /* U+007D "}" */
    0x9f, 0xfe, 0x60, 0x9, 0xff, 0xff, 0x0, 0x35,
    0xbf, 0xf1, 0x0, 0x6, 0xff, 0x20, 0x0, 0x6f,
    0xf2, 0x0, 0x6, 0xff, 0x20, 0x0, 0x6f, 0xf2,
    0x0, 0x6, 0xff, 0x20, 0x0, 0x6f, 0xf3, 0x0,
    0x2, 0xff, 0xfe, 0x0, 0x5, 0xef, 0xe0, 0x4,
    0xff, 0xeb, 0x0, 0x6f, 0xf2, 0x0, 0x6, 0xff,
    0x20, 0x0, 0x6f, 0xf2, 0x0, 0x6, 0xff, 0x20,
    0x0, 0x6f, 0xf2, 0x3, 0x5b, 0xff, 0x20, 0x9f,
    0xff, 0xf0, 0x9, 0xff, 0xe6, 0x0,

    /* U+007E "~" */
    0x0, 0x0, 0x0, 0x0, 0x0, 0x0, 0x0, 0x8,
    0xef, 0x70, 0x2c, 0x90, 0x2, 0xcf, 0xff, 0xfc,
    0xff, 0xf2, 0xe, 0xff, 0xcf, 0xff, 0xfe, 0x30,
    0x6, 0xf5, 0x4, 0xde, 0xa1, 0x0, 0x0, 0x10,
    0x0, 0x0, 0x0, 0x0,

    /* U+00A0 " " */

    /* U+00A1 "¡" */
    0x3d, 0xe5, 0xb, 0xff, 0xe0, 0x9f, 0xfd, 0x1,
    0x9a, 0x20, 0x19, 0x93, 0x3, 0xff, 0x70, 0x3f,
    0xf7, 0x3, 0xff, 0x70, 0x3f, 0xf7, 0x3, 0xff,
    0x70, 0x3f, 0xf7, 0x3, 0xff, 0x70, 0x3f, 0xf7,
    0x3, 0xff, 0x70,

    /* U+00A2 "¢" */
    0x0, 0x0, 0x7a, 0x20, 0x0, 0x0, 0x0, 0x2c,
    0xf6, 0x0, 0x0, 0x1, 0xaf, 0xff, 0xfe, 0x50,
    0x0, 0xdf, 0xff, 0xff, 0xff, 0x40, 0x6f, 0xf5,
    0xbf, 0x3b, 0xfd, 0xb, 0xfa, 0xb, 0xf3, 0x3a,
    0x60, 0xdf, 0x70, 0xbf, 0x30, 0x0, 0xc, 0xf8,
    0xb, 0xf3, 0x14, 0x0, 0x9f, 0xd0, 0xbf, 0x38,
    0xff, 0x2, 0xff, 0xdd, 0xfa, 0xff, 0x90, 0x5,
    0xff, 0xff, 0xff, 0xb0, 0x0, 0x2, 0x8e, 0xfb,
    0x50, 0x0, 0x0, 0x0, 0xbf, 0x30, 0x0, 0x0,

    /* U+00A3 "£" */
    0x0, 0x3c, 0xfd, 0x70, 0x0, 0x2f, 0xff, 0xff,
    0x80, 0x8, 0xfd, 0x38, 0xff, 0x0, 0xaf, 0x90,
    0x2f, 0xf2, 0xb, 0xf9, 0x0, 0x0, 0xe, 0xff,
    0xff, 0x0, 0x0, 0xcf, 0xff, 0xe0, 0x0, 0x1,
    0xbf, 0x91, 0x11, 0x10, 0xef, 0xff, 0xff, 0xfe,
    0xe, 0xff, 0xff, 0xff, 0xe0,

    /* U+00A4 "¤" */
    0x0, 0x20, 0x0, 0x0, 0x1, 0x10, 0xb, 0xf6,
    0xae, 0xfc, 0x6d, 0xd1, 0x1c, 0xff, 0xff, 0xff,
    0xff, 0xe3, 0x4, 0xff, 0xa3, 0x28, 0xff, 0x70,
    0x9, 0xfb, 0x0, 0x0, 0x7f, 0xd0, 0xc, 0xf5,
    0x0, 0x0, 0x1f, 0xf0, 0xd, 0xf5, 0x0, 0x0,
    0x1f, 0xf0, 0xa, 0xfb, 0x0, 0x0, 0x7f, 0xd0,
    0x4, 0xff, 0xb3, 0x28, 0xff, 0x70, 0x1c, 0xff,
    0xff, 0xff, 0xff, 0xe3, 0xb, 0xf6, 0xbe, 0xfc,
    0x6d, 0xd1, 0x0, 0x20, 0x0, 0x0, 0x1, 0x10,

    /* U+00A5 "¥" */
    0x18, 0x83, 0x0, 0x28, 0x83, 0xd, 0xfd, 0x0,
    0x9f, 0xf1, 0x5, 0xff, 0x41, 0xff, 0x90, 0x0,
    0xdf, 0xb7, 0xff, 0x10, 0x9, 0xff, 0xff, 0xff,
    0xd0, 0xb, 0xff, 0xff, 0xff, 0xf0, 0x0, 0x2,
    0xff, 0x60, 0x0, 0xb, 0xff, 0xff, 0xff, 0xf0,
    0x9, 0xee, 0xff, 0xee, 0xd0, 0x0, 0x2, 0xff,
    0x60, 0x0,

    /* U+00A6 "¦" */
    0xc, 0xc3, 0x1f, 0xf5, 0x1f, 0xf5, 0x1f, 0xf5,
    0x1f, 0xf5, 0x1f, 0xf5, 0x1f, 0xf5, 0x1f, 0xf5,
    0x1f, 0xf5, 0x0, 0x0, 0x0, 0x0, 0xc, 0xc3,
    0x1f, 0xf5, 0x1f, 0xf5, 0x1f, 0xf5, 0x1f, 0xf5,
    0x1f, 0xf5, 0x1f, 0xf5, 0x1f, 0xf5, 0x1f, 0xf5,

    /* U+00A7 "§" */
    0x7, 0xef, 0xb1, 0x2, 0xfe, 0xbf, 0xa0, 0x4f,
    0xc3, 0x43, 0x3, 0xff, 0xfe, 0x50, 0x6f, 0xa7,
    0xfe, 0x2, 0xff, 0xdf, 0xf0, 0x2, 0x8d, 0xfc,
    0x8, 0xf5, 0x1f, 0xd0, 0x3f, 0xff, 0xf8, 0x0,
    0x28, 0x96, 0x0,

    /* U+00A8 "¨" */
    0x3, 0xa8, 0x0, 0x6a, 0x60, 0xf, 0xff, 0x73,
    0xff, 0xf3, 0x1f, 0xff, 0x85, 0xff, 0xf5, 0x7,
    0xfc, 0x10, 0xaf, 0xa0,

    /* U+00A9 "©" */
    0x0, 0x5, 0xbe, 0xfc, 0x60, 0x0, 0x0, 0x9f,
    0xe9, 0x9c, 0xfc, 0x10, 0x8, 0xf8, 0x0, 0x0,
    0x5f, 0xb0, 0x1f, 0xb0, 0x7f, 0xf9, 0x7, 0xf4,
    0x5f, 0x40, 0xfb, 0x9f, 0x30, 0xf9, 0x6f, 0x21,
    0xf7, 0x14, 0x10, 0xea, 0x5f, 0x40, 0xf9, 0x7f,
    0x30, 0xf9, 0x1f, 0xb0, 0xaf, 0xfc, 0x7, 0xf4,
    0x8, 0xf8, 0x3, 0x30, 0x5f, 0xb0, 0x0, 0xaf,
    0xe9, 0x9c, 0xfc, 0x10, 0x0, 0x5, 0xbf, 0xfc,
    0x70, 0x0,

    /* U+00AA "ª" */
    0x2, 0xcf, 0xcf, 0xb0, 0xd, 0xfa, 0xdf, 0xb0,
    0x2f, 0x80, 0x1f, 0xb0, 0x2f, 0x90, 0x1f, 0xb0,
    0xe, 0xfb, 0xef, 0xe4, 0x3, 0xcf, 0x8a, 0xf7,

    /* U+00AB "«" */
    0x0, 0x0, 0x7, 0x0, 0x0, 0x34, 0x0, 0x5,
    0xee, 0x0, 0x1a, 0xf6, 0x2, 0xbf, 0xfe, 0x6,
    0xff, 0xf6, 0x1f, 0xff, 0xc4, 0x9f, 0xff, 0x81,
    0x2f, 0xe5, 0x0, 0xaf, 0xa2, 0x0, 0x2f, 0xb1,
    0x0, 0xaf, 0x50, 0x0, 0x2f, 0xff, 0x80, 0xaf,
    0xfd, 0x40, 0x6, 0xef, 0xfd, 0x2b, 0xff, 0xf5,
    0x0, 0x1a, 0xfe, 0x0, 0x5e, 0xf6, 0x0, 0x0,
    0x3b, 0x0, 0x0, 0x86,

    /* U+00AC "¬" */
    0x3, 0x33, 0x33, 0x33, 0x31, 0x1f, 0xff, 0xff,
    0xff, 0xf4, 0x1f, 0xff, 0xff, 0xff, 0xf4, 0x0,
    0x0, 0x0, 0xf, 0xf4, 0x0, 0x0, 0x0, 0xf,
    0xf4, 0x0, 0x0, 0x0, 0x7, 0x82,

    /* U+00AE "®" */
    0x0, 0x5, 0xbe, 0xfc, 0x60, 0x0, 0x0, 0x9f,
    0xe9, 0x9c, 0xfc, 0x10, 0x8, 0xf8, 0x11, 0x10,
    0x5f, 0xb0, 0x1f, 0xb0, 0xbf, 0xfc, 0x7, 0xf4,
    0x5f, 0x40, 0xbe, 0xaf, 0x30, 0xf9, 0x6f, 0x20,
    0xbf, 0xfb, 0x0, 0xea, 0x5f, 0x40, 0xbe, 0xae,
    0x10, 0xf9, 0x1f, 0xb0, 0xbe, 0x6f, 0x27, 0xf4,
    0x8, 0xf8, 0x67, 0x38, 0x6f, 0xb0, 0x0, 0xaf,
    0xe9, 0x9c, 0xfc, 0x10, 0x0, 0x5, 0xbf, 0xfc,
    0x70, 0x0,

    /* U+00AF "¯" */
    0xdf, 0xff, 0xff, 0x1d, 0xff, 0xff, 0xf1,

    /* U+00B0 "°" */
    0x0, 0x0, 0x10, 0x0, 0x0, 0xaf, 0xfc, 0x20,
    0xa, 0xff, 0xff, 0xd0, 0xf, 0xf5, 0x2f, 0xf3,
    0xe, 0xf7, 0x4f, 0xf2, 0x8, 0xff, 0xff, 0xc0,
    0x0, 0x8e, 0xfa, 0x10,

    /* U+00B1 "±" */
    0x0, 0x0, 0xff, 0x40, 0x0, 0x0, 0x0, 0xff,
    0x40, 0x0, 0x0, 0x0, 0xff, 0x40, 0x0, 0x1f,
    0xff, 0xff, 0xff, 0xf4, 0x1f, 0xff, 0xff, 0xff,
    0xf4, 0x3, 0x33, 0xff, 0x73, 0x31, 0x0, 0x0,
    0xff, 0x40, 0x0, 0x0, 0x0, 0xcc, 0x30, 0x0,
    0x3, 0x33, 0x33, 0x33, 0x31, 0x1f, 0xff, 0xff,
    0xff, 0xf4, 0x1f, 0xff, 0xff, 0xff, 0xf4,

    /* U+00B2 "²" */
    0x4d, 0xf9, 0xe, 0xda, 0xf3, 0x25, 0xaf, 0x29,
    0xfd, 0x60, 0xfd, 0x77, 0x1f, 0xff, 0xf4,

    /* U+00B3 "³" */
    0xdf, 0xff, 0x5, 0x7d, 0xf0, 0x7, 0xf8, 0x1,
    0x3a, 0xf2, 0xed, 0xaf, 0x35, 0xef, 0x90,

    /* U+00B4 "´" */
    0x2, 0xaa, 0x30, 0x8f, 0xd0, 0xe, 0xf3, 0x0,

    /* U+00B5 "µ" */
    0x8f, 0xf0, 0x0, 0xc, 0xfb, 0x8f, 0xf0, 0x0,
    0xc, 0xfb, 0x8f, 0xf0, 0x0, 0xc, 0xfb, 0x8f,
    0xf0, 0x0, 0xc, 0xfb, 0x8f, 0xf0, 0x0, 0xc,
    0xfb, 0x8f, 0xf0, 0x0, 0xc, 0xfb, 0x8f, 0xf3,
    0x0, 0xf, 0xfb, 0x8f, 0xfd, 0x54, 0xbf, 0xfb,
    0x8f, 0xff, 0xff, 0xff, 0xfb, 0x8f, 0xf7, 0xef,
    0x9d, 0xfb, 0x8f, 0xf0, 0x0, 0x0, 0x0, 0x8f,
    0xf0, 0x0, 0x0, 0x0, 0x8f, 0xf0, 0x0, 0x0,
    0x0, 0x8f, 0xf0, 0x0, 0x0, 0x0,

    /* U+00B6 "¶" */
    0x8, 0xef, 0xff, 0xff, 0x27, 0xff, 0xff, 0xff,
    0xf2, 0xdf, 0x5c, 0xf6, 0xff, 0x2d, 0xf5, 0xcf,
    0x6f, 0xf2, 0x7f, 0xff, 0xf6, 0xff, 0x20, 0x8e,
    0xff, 0x6f, 0xf2, 0x0, 0xc, 0xf6, 0xff, 0x20,
    0x0, 0xcf, 0x6f, 0xf2, 0x0, 0xc, 0xf6, 0xff,
    0x20, 0x0, 0xcf, 0x6f, 0xf2,

    /* U+00B7 "·" */
    0x18, 0xa2, 0x9, 0xff, 0xd0, 0xbf, 0xfe, 0x3,
    0xde, 0x50,

    /* U+00B8 "¸" */
    0x7e, 0x66, 0xb, 0xfe, 0xf7, 0x4, 0x4f, 0x91,
    0xff, 0xf3, 0x2, 0x41, 0x0,

    /* U+00B9 "¹" */
    0x4, 0xef, 0x30, 0xf, 0xff, 0x30, 0xa, 0x6f,
    0x30, 0x0, 0x5f, 0x30, 0x6, 0xaf, 0x94, 0xe,
    0xff, 0xfa,

    /* U+00BA "º" */
    0x8, 0xef, 0xa1, 0x7, 0xfc, 0xaf, 0xb0, 0xce,
    0x0, 0xaf, 0xc, 0xe0, 0xa, 0xf0, 0x7f, 0xca,
    0xfb, 0x0, 0x8e, 0xfa, 0x10,

    /* U+00BB "»" */
    0x16, 0x0, 0x0, 0x62, 0x0, 0x0, 0x2f, 0xc3,
    0x0, 0xaf, 0x80, 0x0, 0x2f, 0xff, 0x91, 0xaf,
    0xfd, 0x40, 0x6, 0xef, 0xfd, 0x2b, 0xff, 0xf5,
    0x0, 0x8, 0xfe, 0x0, 0x3c, 0xf6, 0x0, 0x3,
    0xee, 0x0, 0x8, 0xf6, 0x2, 0xbf, 0xfe, 0x6,
    0xef, 0xf6, 0x2f, 0xff, 0xd3, 0x9f, 0xff, 0x90,
    0x2f, 0xf7, 0x0, 0xaf, 0xc2, 0x0, 0x2a, 0x10,
    0x0, 0x86, 0x0, 0x0,

    /* U+00BC "¼" */
    0x19, 0xb3, 0x0, 0x0, 0x0, 0xd, 0xff, 0x40,
    0x0, 0x0, 0x0, 0xd7, 0xf4, 0x0, 0x0, 0x0,
    0x1, 0x4f, 0x40, 0x0, 0x0, 0x0, 0x15, 0xf5,
    0x10, 0x0, 0x27, 0xd, 0xff, 0xfb, 0x4, 0xbf,
    0xf3, 0x44, 0x45, 0x9d, 0xff, 0xc5, 0x0, 0x18,
    0xef, 0xfa, 0x30, 0x0, 0x7f, 0xfe, 0x81, 0x1e,
    0xec, 0x4, 0xc5, 0x0, 0x8, 0xec, 0xd0, 0x0,
    0x0, 0x0, 0xe9, 0xbd, 0x0, 0x0, 0x0, 0x4f,
    0x4b, 0xd1, 0x0, 0x0, 0x4, 0xff, 0xff, 0xb0,
    0x0, 0x0, 0x14, 0x4c, 0xe3, 0x0, 0x0, 0x0,
    0x0, 0x33, 0x0,

    /* U+00BD "½" */
    0x2, 0x30, 0x0, 0x0, 0x0, 0x8, 0xff, 0x30,
    0x0, 0x0, 0x0, 0xfb, 0xf3, 0x0, 0x0, 0x0,
    0x3, 0x5f, 0x30, 0x0, 0x0, 0x0, 0x16, 0xf5,
    0x10, 0x0, 0x15, 0xe, 0xff, 0xfb, 0x0, 0x7f,
    0xf3, 0x44, 0x44, 0x37, 0xef, 0xe6, 0x0, 0x0,
    0x6e, 0xfe, 0x70, 0x0, 0x5, 0xdf, 0xf8, 0x0,
    0x10, 0x9, 0xff, 0x91, 0x4, 0xef, 0xc1, 0x3a,
    0x20, 0x0, 0xdd, 0x8f, 0x50, 0x0, 0x0, 0x1,
    0x7d, 0xd2, 0x0, 0x0, 0x0, 0xbe, 0x62, 0x0,
    0x0, 0x0, 0xe, 0xff, 0xf5, 0x0, 0x0, 0x0,
    0x44, 0x44, 0x10,

    /* U+00BE "¾" */
    0x1, 0x11, 0x10, 0x0, 0x0, 0x0, 0xe, 0xff,
    0xf0, 0x0, 0x0, 0x0, 0x4, 0x7e, 0xd0, 0x0,
    0x0, 0x0, 0x0, 0x6f, 0x90, 0x0, 0x0, 0x0,
    0xc, 0x87, 0xf2, 0x0, 0x4, 0x70, 0xa, 0xff,
    0xd0, 0x6, 0xdf, 0xf1, 0x0, 0x33, 0x17, 0xef,
    0xf9, 0x20, 0x0, 0x29, 0xff, 0xe7, 0x10, 0x0,
    0x9, 0xff, 0xd6, 0x3, 0xee, 0xa0, 0x6, 0xb4,
    0x0, 0xa, 0xdd, 0xb0, 0x0, 0x0, 0x0, 0x1f,
    0x6d, 0xb0, 0x0, 0x0, 0x0, 0x6f, 0x2d, 0xb0,
    0x0, 0x0, 0x0, 0x7f, 0xff, 0xf9, 0x0, 0x0,
    0x0, 0x14, 0x4e, 0xc2, 0x0, 0x0, 0x0, 0x0,
    0x3, 0x30,

    /* U+00BF "¿" */
    0x0, 0x0, 0x8f, 0xc1, 0x0, 0x0, 0x2, 0xff,
    0xf7, 0x0, 0x0, 0x1, 0xff, 0xf6, 0x0, 0x0,
    0x0, 0x4a, 0x80, 0x0, 0x0, 0x0, 0x47, 0x70,
    0x0, 0x0, 0x3, 0xcf, 0xf0, 0x0, 0x5, 0xef,
    0xff, 0xe0, 0x0, 0x2f, 0xff, 0xfe, 0x50, 0x0,
    0x9f, 0xf7, 0x0, 0x3, 0x54, 0xbf, 0xf0, 0x0,
    0xb, 0xff, 0xaf, 0xf2, 0x0, 0x1e, 0xfd, 0x4f,
    0xfe, 0x88, 0xef, 0xf8, 0xa, 0xff, 0xff, 0xff,
    0xc0, 0x0, 0x6c, 0xff, 0xc7, 0x0,

    /* U+00C0 "À" */
    0x0, 0x4, 0xff, 0x40, 0x0, 0x0, 0x0, 0x0,
    0xaf, 0xa0, 0x0, 0x0, 0x0, 0x0, 0x1a, 0xa0,
    0x0, 0x0, 0x0, 0x0, 0x0, 0x0, 0x0, 0x0,
    0x0, 0x7, 0xff, 0xff, 0xb0, 0x0, 0x0, 0xb,
    0xfe, 0xbf, 0xf0, 0x0, 0x0, 0xf, 0xfa, 0x6f,
    0xf3, 0x0, 0x0, 0x3f, 0xf7, 0x3f, 0xf6, 0x0,
    0x0, 0x6f, 0xf3, 0xf, 0xfa, 0x0, 0x0, 0xaf,
    0xf0, 0xc, 0xfe, 0x0, 0x0, 0xef, 0xc0, 0x8,
    0xff, 0x20, 0x2, 0xff, 0x80, 0x5, 0xff, 0x60,
    0x6, 0xff, 0xa7, 0x78, 0xff, 0x90, 0xa, 0xff,
    0xff, 0xff, 0xff, 0xd0, 0xd, 0xff, 0xff, 0xff,
    0xff, 0xf1, 0x1f, 0xf9, 0x0, 0x0, 0x6f, 0xf5,
    0x5f, 0xf6, 0x0, 0x0, 0x2f, 0xf9, 0x9f, 0xf2,
    0x0, 0x0, 0xe, 0xfd,

    /* U+00C1 "Á" */
    0x0, 0x0, 0x1, 0xff, 0x70, 0x0, 0x0, 0x0,
    0x7, 0xfd, 0x0, 0x0, 0x0, 0x0, 0x8, 0xa3,
    0x0, 0x0, 0x0, 0x0, 0x0, 0x0, 0x0, 0x0,
    0x0, 0x7, 0xff, 0xff, 0xb0, 0x0, 0x0, 0xb,
    0xfe, 0xbf, 0xf0, 0x0, 0x0, 0xf, 0xfa, 0x6f,
    0xf3, 0x0, 0x0, 0x3f, 0xf7, 0x3f, 0xf6, 0x0,
    0x0, 0x6f, 0xf3, 0xf, 0xfa, 0x0, 0x0, 0xaf,
    0xf0, 0xc, 0xfe, 0x0, 0x0, 0xef, 0xc0, 0x8,
    0xff, 0x20, 0x2, 0xff, 0x80, 0x5, 0xff, 0x60,
    0x6, 0xff, 0xa7, 0x78, 0xff, 0x90, 0xa, 0xff,
    0xff, 0xff, 0xff, 0xd0, 0xd, 0xff, 0xff, 0xff,
    0xff, 0xf1, 0x1f, 0xf9, 0x0, 0x0, 0x6f, 0xf5,
    0x5f, 0xf6, 0x0, 0x0, 0x2f, 0xf9, 0x9f, 0xf2,
    0x0, 0x0, 0xe, 0xfd,

    /* U+00C2 "Â" */
    0x0, 0x0, 0xdf, 0xff, 0x20, 0x0, 0x0, 0x8,
    0xfb, 0x7f, 0xc0, 0x0, 0x0, 0xa, 0xa3, 0xa,
    0xa3, 0x0, 0x0, 0x0, 0x0, 0x0, 0x0, 0x0,
    0x0, 0x7, 0xff, 0xff, 0xb0, 0x0, 0x0, 0xb,
    0xfe, 0xbf, 0xf0, 0x0, 0x0, 0xf, 0xfa, 0x6f,
    0xf3, 0x0, 0x0, 0x3f, 0xf7, 0x3f, 0xf6, 0x0,
    0x0, 0x6f, 0xf3, 0xf, 0xfa, 0x0, 0x0, 0xaf,
    0xf0, 0xc, 0xfe, 0x0, 0x0, 0xef, 0xc0, 0x8,
    0xff, 0x20, 0x2, 0xff, 0x80, 0x5, 0xff, 0x60,
    0x6, 0xff, 0xa7, 0x78, 0xff, 0x90, 0xa, 0xff,
    0xff, 0xff, 0xff, 0xd0, 0xd, 0xff, 0xff, 0xff,
    0xff, 0xf1, 0x1f, 0xf9, 0x0, 0x0, 0x6f, 0xf5,
    0x5f, 0xf6, 0x0, 0x0, 0x2f, 0xf9, 0x9f, 0xf2,
    0x0, 0x0, 0xe, 0xfd,

    /* U+00C3 "Ã" */
    0x0, 0x0, 0x0, 0x0, 0x0, 0x0, 0x0, 0x7,
    0xff, 0x62, 0xd7, 0x0, 0x0, 0x5f, 0xff, 0xff,
    0xf9, 0x0, 0x0, 0x4e, 0x43, 0xef, 0xa0, 0x0,
    0x0, 0x0, 0x0, 0x1, 0x0, 0x0, 0x0, 0x7,
    0xff, 0xff, 0xb0, 0x0, 0x0, 0xb, 0xfe, 0xbf,
    0xf0, 0x0, 0x0, 0xf, 0xfa, 0x6f, 0xf3, 0x0,
    0x0, 0x3f, 0xf7, 0x3f, 0xf6, 0x0, 0x0, 0x6f,
    0xf3, 0xf, 0xfa, 0x0, 0x0, 0xaf, 0xf0, 0xc,
    0xfe, 0x0, 0x0, 0xef, 0xc0, 0x8, 0xff, 0x20,
    0x2, 0xff, 0x80, 0x5, 0xff, 0x60, 0x6, 0xff,
    0xa7, 0x78, 0xff, 0x90, 0xa, 0xff, 0xff, 0xff,
    0xff, 0xd0, 0xd, 0xff, 0xff, 0xff, 0xff, 0xf1,
    0x1f, 0xf9, 0x0, 0x0, 0x6f, 0xf5, 0x5f, 0xf6,
    0x0, 0x0, 0x2f, 0xf9, 0x9f, 0xf2, 0x0, 0x0,
    0xe, 0xfd,

    /* U+00C4 "Ä" */
    0x0, 0x3a, 0x80, 0x6, 0xa6, 0x0, 0x0, 0xff,
    0xf7, 0x3f, 0xff, 0x30, 0x1, 0xff, 0xf8, 0x5f,
    0xff, 0x50, 0x0, 0x7f, 0xc1, 0xa, 0xfa, 0x0,
    0x0, 0x0, 0x0, 0x0, 0x0, 0x0, 0x0, 0x7,
    0xff, 0xff, 0xb0, 0x0, 0x0, 0xb, 0xfe, 0xbf,
    0xf0, 0x0, 0x0, 0xf, 0xfa, 0x6f, 0xf3, 0x0,
    0x0, 0x3f, 0xf7, 0x3f, 0xf6, 0x0, 0x0, 0x6f,
    0xf3, 0xf, 0xfa, 0x0, 0x0, 0xaf, 0xf0, 0xc,
    0xfe, 0x0, 0x0, 0xef, 0xc0, 0x8, 0xff, 0x20,
    0x2, 0xff, 0x80, 0x5, 0xff, 0x60, 0x6, 0xff,
    0xa7, 0x78, 0xff, 0x90, 0xa, 0xff, 0xff, 0xff,
    0xff, 0xd0, 0xd, 0xff, 0xff, 0xff, 0xff, 0xf1,
    0x1f, 0xf9, 0x0, 0x0, 0x6f, 0xf5, 0x5f, 0xf6,
    0x0, 0x0, 0x2f, 0xf9, 0x9f, 0xf2, 0x0, 0x0,
    0xe, 0xfd,

    /* U+00C5 "Å" */
    0x0, 0x0, 0x5, 0x61, 0x0, 0x0, 0x0, 0x0,
    0xaf, 0xfd, 0x0, 0x0, 0x0, 0x0, 0xfa, 0x6f,
    0x30, 0x0, 0x0, 0x0, 0xde, 0xcf, 0x10, 0x0,
    0x0, 0x0, 0x3d, 0xe6, 0x0, 0x0, 0x0, 0x0,
    0x0, 0x0, 0x0, 0x0, 0x0, 0x7, 0xff, 0xff,
    0xb0, 0x0, 0x0, 0xb, 0xfe, 0xbf, 0xf0, 0x0,
    0x0, 0xf, 0xfa, 0x6f, 0xf3, 0x0, 0x0, 0x3f,
    0xf7, 0x3f, 0xf6, 0x0, 0x0, 0x6f, 0xf3, 0xf,
    0xfa, 0x0, 0x0, 0xaf, 0xf0, 0xc, 0xfe, 0x0,
    0x0, 0xef, 0xc0, 0x8, 0xff, 0x20, 0x2, 0xff,
    0x80, 0x5, 0xff, 0x60, 0x6, 0xff, 0xa7, 0x78,
    0xff, 0x90, 0xa, 0xff, 0xff, 0xff, 0xff, 0xd0,
    0xd, 0xff, 0xff, 0xff, 0xff, 0xf1, 0x1f, 0xf9,
    0x0, 0x0, 0x6f, 0xf5, 0x5f, 0xf6, 0x0, 0x0,
    0x2f, 0xf9, 0x9f, 0xf2, 0x0, 0x0, 0xe, 0xfd,

    /* U+00C6 "Æ" */
    0x0, 0xc, 0xff, 0xff, 0xff, 0xfc, 0x0, 0xf,
    0xff, 0xff, 0xff, 0xfc, 0x0, 0x4f, 0xfc, 0xff,
    0xa7, 0x75, 0x0, 0x7f, 0xf6, 0xff, 0x50, 0x0,
    0x0, 0xbf, 0xe4, 0xff, 0x50, 0x0, 0x0, 0xff,
    0xa4, 0xff, 0x50, 0x0, 0x3, 0xff, 0x74, 0xff,
    0xff, 0xfb, 0x7, 0xff, 0x34, 0xff, 0xff, 0xfb,
    0xb, 0xff, 0x79, 0xff, 0xa7, 0x75, 0xe, 0xff,
    0xff, 0xff, 0x50, 0x0, 0x2f, 0xff, 0xff, 0xff,
    0x50, 0x0, 0x6f, 0xf5, 0x4, 0xff, 0xa7, 0x76,
    0xaf, 0xf1, 0x4, 0xff, 0xff, 0xfe, 0xef, 0xe0,
    0x4, 0xff, 0xff, 0xfe,

    /* U+00C7 "Ç" */
    0x0, 0x5, 0xcf, 0xfd, 0x91, 0x0, 0x0, 0x9f,
    0xff, 0xff, 0xfe, 0x20, 0x5, 0xff, 0xe7, 0x6b,
    0xff, 0xb0, 0xb, 0xff, 0x20, 0x0, 0xcf, 0xf1,
    0xf, 0xfb, 0x0, 0x0, 0x7f, 0xf3, 0xf, 0xf9,
    0x0, 0x0, 0x27, 0x72, 0xf, 0xf9, 0x0, 0x0,
    0x0, 0x0, 0xf, 0xf9, 0x0, 0x0, 0x0, 0x0,
    0xf, 0xf9, 0x0, 0x0, 0x13, 0x30, 0xf, 0xfa,
    0x0, 0x0, 0x6f, 0xf4, 0xd, 0xfe, 0x0, 0x0,
    0x9f, 0xf2, 0x7, 0xff, 0xb3, 0x26, 0xff, 0xd0,
    0x0, 0xdf, 0xff, 0xff, 0xff, 0x40, 0x0, 0x19,
    0xff, 0xff, 0xd4, 0x0, 0x0, 0x0, 0xb, 0xd9,
    0x60, 0x0, 0x0, 0x0, 0xd, 0xfd, 0xf5, 0x0,
    0x0, 0x0, 0x0, 0x9a, 0xf6, 0x0, 0x0, 0x0,
    0x3, 0xef, 0xa0, 0x0,

    /* U+00C8 "È" */
    0x0, 0x4f, 0xf4, 0x0, 0x0, 0x0, 0xa, 0xfa,
    0x0, 0x0, 0x0, 0x1, 0xaa, 0x0, 0x0, 0x0,
    0x0, 0x0, 0x0, 0x0, 0x5f, 0xff, 0xff, 0xff,
    0xf7, 0x5f, 0xff, 0xff, 0xff, 0xf7, 0x5f, 0xf9,
    0x77, 0x77, 0x73, 0x5f, 0xf4, 0x0, 0x0, 0x0,
    0x5f, 0xf4, 0x0, 0x0, 0x0, 0x5f, 0xf4, 0x0,
    0x0, 0x0, 0x5f, 0xff, 0xff, 0xff, 0xf3, 0x5f,
    0xff, 0xff, 0xff, 0xf3, 0x5f, 0xf9, 0x77, 0x77,
    0x71, 0x5f, 0xf4, 0x0, 0x0, 0x0, 0x5f, 0xf4,
    0x0, 0x0, 0x0, 0x5f, 0xf9, 0x77, 0x77, 0x75,
    0x5f, 0xff, 0xff, 0xff, 0xfb, 0x5f, 0xff, 0xff,
    0xff, 0xfb,

    /* U+00C9 "É" */
    0x0, 0x0, 0x1f, 0xf7, 0x0, 0x0, 0x0, 0x7f,
    0xd0, 0x0, 0x0, 0x0, 0x8a, 0x30, 0x0, 0x0,
    0x0, 0x0, 0x0, 0x0, 0x5f, 0xff, 0xff, 0xff,
    0xf7, 0x5f, 0xff, 0xff, 0xff, 0xf7, 0x5f, 0xf9,
    0x77, 0x77, 0x73, 0x5f, 0xf4, 0x0, 0x0, 0x0,
    0x5f, 0xf4, 0x0, 0x0, 0x0, 0x5f, 0xf4, 0x0,
    0x0, 0x0, 0x5f, 0xff, 0xff, 0xff, 0xf3, 0x5f,
    0xff, 0xff, 0xff, 0xf3, 0x5f, 0xf9, 0x77, 0x77,
    0x71, 0x5f, 0xf4, 0x0, 0x0, 0x0, 0x5f, 0xf4,
    0x0, 0x0, 0x0, 0x5f, 0xf9, 0x77, 0x77, 0x75,
    0x5f, 0xff, 0xff, 0xff, 0xfb, 0x5f, 0xff, 0xff,
    0xff, 0xfb,

    /* U+00CA "Ê" */
    0x0, 0xd, 0xff, 0xf3, 0x0, 0x0, 0x8f, 0xb7,
    0xfc, 0x0, 0x0, 0xaa, 0x30, 0xaa, 0x30, 0x0,
    0x0, 0x0, 0x0, 0x0, 0x5f, 0xff, 0xff, 0xff,
    0xf7, 0x5f, 0xff, 0xff, 0xff, 0xf7, 0x5f, 0xf9,
    0x77, 0x77, 0x73, 0x5f, 0xf4, 0x0, 0x0, 0x0,
    0x5f, 0xf4, 0x0, 0x0, 0x0, 0x5f, 0xf4, 0x0,
    0x0, 0x0, 0x5f, 0xff, 0xff, 0xff, 0xf3, 0x5f,
    0xff, 0xff, 0xff, 0xf3, 0x5f, 0xf9, 0x77, 0x77,
    0x71, 0x5f, 0xf4, 0x0, 0x0, 0x0, 0x5f, 0xf4,
    0x0, 0x0, 0x0, 0x5f, 0xf9, 0x77, 0x77, 0x75,
    0x5f, 0xff, 0xff, 0xff, 0xfb, 0x5f, 0xff, 0xff,
    0xff, 0xfb,

    /* U+00CB "Ë" */
    0x3, 0xa8, 0x0, 0x5a, 0x60, 0xe, 0xff, 0x73,
    0xff, 0xf3, 0x1f, 0xff, 0x94, 0xff, 0xf5, 0x7,
    0xfc, 0x10, 0xaf, 0xa0, 0x0, 0x0, 0x0, 0x0,
    0x0, 0x5f, 0xff, 0xff, 0xff, 0xf7, 0x5f, 0xff,
    0xff, 0xff, 0xf7, 0x5f, 0xf9, 0x77, 0x77, 0x73,
    0x5f, 0xf4, 0x0, 0x0, 0x0, 0x5f, 0xf4, 0x0,
    0x0, 0x0, 0x5f, 0xf4, 0x0, 0x0, 0x0, 0x5f,
    0xff, 0xff, 0xff, 0xf3, 0x5f, 0xff, 0xff, 0xff,
    0xf3, 0x5f, 0xf9, 0x77, 0x77, 0x71, 0x5f, 0xf4,
    0x0, 0x0, 0x0, 0x5f, 0xf4, 0x0, 0x0, 0x0,
    0x5f, 0xf9, 0x77, 0x77, 0x75, 0x5f, 0xff, 0xff,
    0xff, 0xfb, 0x5f, 0xff, 0xff, 0xff, 0xfb,

    /* U+00CC "Ì" */
    0x0, 0x4f, 0xf4, 0x0, 0x0, 0x0, 0xa, 0xfa,
    0x0, 0x0, 0x0, 0x1, 0xaa, 0x0, 0x0, 0x0,
    0x0, 0x0, 0x0, 0x0, 0x9f, 0xff, 0xff, 0xff,
    0xfc, 0x9f, 0xff, 0xff, 0xff, 0xfc, 0x47, 0x79,
    0xff, 0xb7, 0x75, 0x0, 0x3, 0xff, 0x70, 0x0,
    0x0, 0x3, 0xff, 0x70, 0x0, 0x0, 0x3, 0xff,
    0x70, 0x0, 0x0, 0x3, 0xff, 0x70, 0x0, 0x0,
    0x3, 0xff, 0x70, 0x0, 0x0, 0x3, 0xff, 0x70,
    0x0, 0x0, 0x3, 0xff, 0x70, 0x0, 0x0, 0x3,
    0xff, 0x70, 0x0, 0x47, 0x79, 0xff, 0xb7, 0x75,
    0x9f, 0xff, 0xff, 0xff, 0xfc, 0x9f, 0xff, 0xff,
    0xff, 0xfc,

    /* U+00CD "Í" */
    0x0, 0x0, 0x1f, 0xf7, 0x0, 0x0, 0x0, 0x7f,
    0xd0, 0x0, 0x0, 0x0, 0x8a, 0x30, 0x0, 0x0,
    0x0, 0x0, 0x0, 0x0, 0x9f, 0xff, 0xff, 0xff,
    0xfc, 0x9f, 0xff, 0xff, 0xff, 0xfc, 0x47, 0x79,
    0xff, 0xb7, 0x75, 0x0, 0x3, 0xff, 0x70, 0x0,
    0x0, 0x3, 0xff, 0x70, 0x0, 0x0, 0x3, 0xff,
    0x70, 0x0, 0x0, 0x3, 0xff, 0x70, 0x0, 0x0,
    0x3, 0xff, 0x70, 0x0, 0x0, 0x3, 0xff, 0x70,
    0x0, 0x0, 0x3, 0xff, 0x70, 0x0, 0x0, 0x3,
    0xff, 0x70, 0x0, 0x47, 0x79, 0xff, 0xb7, 0x75,
    0x9f, 0xff, 0xff, 0xff, 0xfc, 0x9f, 0xff, 0xff,
    0xff, 0xfc,

    /* U+00CE "Î" */
    0x0, 0xd, 0xff, 0xf2, 0x0, 0x0, 0x8f, 0xb7,
    0xfc, 0x0, 0x0, 0xaa, 0x30, 0xaa, 0x30, 0x0,
    0x0, 0x0, 0x0, 0x0, 0x9f, 0xff, 0xff, 0xff,
    0xfc, 0x9f, 0xff, 0xff, 0xff, 0xfc, 0x47, 0x79,
    0xff, 0xb7, 0x75, 0x0, 0x3, 0xff, 0x70, 0x0,
    0x0, 0x3, 0xff, 0x70, 0x0, 0x0, 0x3, 0xff,
    0x70, 0x0, 0x0, 0x3, 0xff, 0x70, 0x0, 0x0,
    0x3, 0xff, 0x70, 0x0, 0x0, 0x3, 0xff, 0x70,
    0x0, 0x0, 0x3, 0xff, 0x70, 0x0, 0x0, 0x3,
    0xff, 0x70, 0x0, 0x47, 0x79, 0xff, 0xb7, 0x75,
    0x9f, 0xff, 0xff, 0xff, 0xfc, 0x9f, 0xff, 0xff,
    0xff, 0xfc,

    /* U+00CF "Ï" */
    0x3, 0xa8, 0x0, 0x6a, 0x60, 0xf, 0xff, 0x73,
    0xff, 0xf3, 0x1f, 0xff, 0x85, 0xff, 0xf5, 0x7,
    0xfc, 0x10, 0xaf, 0xa0, 0x0, 0x0, 0x0, 0x0,
    0x0, 0x9f, 0xff, 0xff, 0xff, 0xfc, 0x9f, 0xff,
    0xff, 0xff, 0xfc, 0x47, 0x79, 0xff, 0xb7, 0x75,
    0x0, 0x3, 0xff, 0x70, 0x0, 0x0, 0x3, 0xff,
    0x70, 0x0, 0x0, 0x3, 0xff, 0x70, 0x0, 0x0,
    0x3, 0xff, 0x70, 0x0, 0x0, 0x3, 0xff, 0x70,
    0x0, 0x0, 0x3, 0xff, 0x70, 0x0, 0x0, 0x3,
    0xff, 0x70, 0x0, 0x0, 0x3, 0xff, 0x70, 0x0,
    0x47, 0x79, 0xff, 0xb7, 0x75, 0x9f, 0xff, 0xff,
    0xff, 0xfc, 0x9f, 0xff, 0xff, 0xff, 0xfc,

    /* U+00D0 "Ð" */
    0x1f, 0xff, 0xff, 0xfd, 0x91, 0x0, 0x1f, 0xff,
    0xff, 0xff, 0xfe, 0x20, 0x7, 0xef, 0xe7, 0x8d,
    0xff, 0xa0, 0x0, 0xcf, 0xe0, 0x0, 0xdf, 0xf0,
    0x0, 0xcf, 0xe0, 0x0, 0x9f, 0xf1, 0x0, 0xcf,
    0xe0, 0x0, 0x8f, 0xf2, 0x1f, 0xff, 0xff, 0xd0,
    0x8f, 0xf2, 0x1f, 0xff, 0xff, 0xd0, 0x8f, 0xf2,
    0x5, 0xdf, 0xe5, 0x40, 0x8f, 0xf2, 0x0, 0xcf,
    0xe0, 0x0, 0x9f, 0xf1, 0x0, 0xcf, 0xe0, 0x0,
    0xdf, 0xf0, 0x7, 0xef, 0xe7, 0x8d, 0xff, 0xa0,
    0x1f, 0xff, 0xff, 0xff, 0xfe, 0x20, 0x1f, 0xff,
    0xff, 0xfd, 0x91, 0x0,

    /* U+00D1 "Ñ" */
    0x0, 0x0, 0x0, 0x0, 0x0, 0x0, 0x5, 0xff,
    0x71, 0xb9, 0x0, 0x3, 0xff, 0xff, 0xff, 0xc0,
    0x0, 0x2d, 0x62, 0xcf, 0xc1, 0x0, 0x0, 0x0,
    0x0, 0x10, 0x0, 0xc, 0xff, 0xff, 0x70, 0xaf,
    0xf0, 0xcf, 0xed, 0xf9, 0xa, 0xff, 0xc, 0xfd,
    0xaf, 0xb0, 0xaf, 0xf0, 0xcf, 0xd7, 0xfd, 0xa,
    0xff, 0xc, 0xfd, 0x5f, 0xf0, 0xaf, 0xf0, 0xcf,
    0xd3, 0xff, 0x1a, 0xff, 0xc, 0xfd, 0x1f, 0xf3,
    0xaf, 0xf0, 0xcf, 0xd0, 0xff, 0x5a, 0xff, 0xc,
    0xfd, 0xd, 0xf7, 0xaf, 0xf0, 0xcf, 0xd0, 0xbf,
    0x9a, 0xff, 0xc, 0xfd, 0x9, 0xfb, 0xaf, 0xf0,
    0xcf, 0xd0, 0x7f, 0xda, 0xff, 0xc, 0xfd, 0x5,
    0xff, 0xbf, 0xf0, 0xcf, 0xd0, 0x3f, 0xff, 0xff,
    0x0,

    /* U+00D2 "Ò" */
    0x0, 0x4, 0xff, 0x40, 0x0, 0x0, 0x0, 0x0,
    0xaf, 0xa0, 0x0, 0x0, 0x0, 0x0, 0x1a, 0xa0,
    0x0, 0x0, 0x0, 0x0, 0x0, 0x0, 0x0, 0x0,
    0x0, 0x6, 0xcf, 0xfd, 0x80, 0x0, 0x0, 0xaf,
    0xff, 0xff, 0xfd, 0x0, 0x6, 0xff, 0xd7, 0x6c,
    0xff, 0x90, 0xc, 0xff, 0x10, 0x0, 0xcf, 0xf0,
    0xf, 0xfb, 0x0, 0x0, 0x7f, 0xf3, 0xf, 0xf9,
    0x0, 0x0, 0x5f, 0xf4, 0xf, 0xf9, 0x0, 0x0,
    0x5f, 0xf4, 0xf, 0xf9, 0x0, 0x0, 0x5f, 0xf4,
    0xf, 0xf9, 0x0, 0x0, 0x5f, 0xf4, 0xf, 0xfb,
    0x0, 0x0, 0x7f, 0xf3, 0xc, 0xff, 0x10, 0x0,
    0xcf, 0xf0, 0x6, 0xff, 0xd7, 0x6b, 0xff, 0xa0,
    0x0, 0xbf, 0xff, 0xff, 0xfd, 0x10, 0x0, 0x6,
    0xcf, 0xfd, 0x80, 0x0,

    /* U+00D3 "Ó" */
    0x0, 0x0, 0x1, 0xff, 0x70, 0x0, 0x0, 0x0,
    0x7, 0xfd, 0x0, 0x0, 0x0, 0x0, 0x8, 0xa3,
    0x0, 0x0, 0x0, 0x0, 0x0, 0x0, 0x0, 0x0,
    0x0, 0x6, 0xcf, 0xfd, 0x80, 0x0, 0x0, 0xaf,
    0xff, 0xff, 0xfd, 0x0, 0x6, 0xff, 0xd7, 0x6c,
    0xff, 0x90, 0xc, 0xff, 0x10, 0x0, 0xcf, 0xf0,
    0xf, 0xfb, 0x0, 0x0, 0x7f, 0xf3, 0xf, 0xf9,
    0x0, 0x0, 0x5f, 0xf4, 0xf, 0xf9, 0x0, 0x0,
    0x5f, 0xf4, 0xf, 0xf9, 0x0, 0x0, 0x5f, 0xf4,
    0xf, 0xf9, 0x0, 0x0, 0x5f, 0xf4, 0xf, 0xfb,
    0x0, 0x0, 0x7f, 0xf3, 0xc, 0xff, 0x10, 0x0,
    0xcf, 0xf0, 0x6, 0xff, 0xd7, 0x6b, 0xff, 0xa0,
    0x0, 0xbf, 0xff, 0xff, 0xfd, 0x10, 0x0, 0x6,
    0xcf, 0xfd, 0x80, 0x0,

    /* U+00D4 "Ô" */
    0x0, 0x0, 0xdf, 0xff, 0x20, 0x0, 0x0, 0x8,
    0xfb, 0x7f, 0xc0, 0x0, 0x0, 0xa, 0xa3, 0xa,
    0xa3, 0x0, 0x0, 0x0, 0x0, 0x0, 0x0, 0x0,
    0x0, 0x6, 0xcf, 0xfd, 0x80, 0x0, 0x0, 0xaf,
    0xff, 0xff, 0xfd, 0x0, 0x6, 0xff, 0xd7, 0x6c,
    0xff, 0x90, 0xc, 0xff, 0x10, 0x0, 0xcf, 0xf0,
    0xf, 0xfb, 0x0, 0x0, 0x7f, 0xf3, 0xf, 0xf9,
    0x0, 0x0, 0x5f, 0xf4, 0xf, 0xf9, 0x0, 0x0,
    0x5f, 0xf4, 0xf, 0xf9, 0x0, 0x0, 0x5f, 0xf4,
    0xf, 0xf9, 0x0, 0x0, 0x5f, 0xf4, 0xf, 0xfb,
    0x0, 0x0, 0x7f, 0xf3, 0xc, 0xff, 0x10, 0x0,
    0xcf, 0xf0, 0x6, 0xff, 0xd7, 0x6b, 0xff, 0xa0,
    0x0, 0xbf, 0xff, 0xff, 0xfd, 0x10, 0x0, 0x6,
    0xcf, 0xfd, 0x80, 0x0,

    /* U+00D5 "Õ" */
    0x0, 0x0, 0x0, 0x0, 0x0, 0x0, 0x0, 0x7,
    0xff, 0x73, 0xd8, 0x0, 0x0, 0x5f, 0xff, 0xff,
    0xf8, 0x0, 0x0, 0x4e, 0x43, 0xcf, 0x80, 0x0,
    0x0, 0x0, 0x0, 0x0, 0x0, 0x0, 0x0, 0x6,
    0xcf, 0xfd, 0x80, 0x0, 0x0, 0xaf, 0xff, 0xff,
    0xfd, 0x0, 0x6, 0xff, 0xd7, 0x6c, 0xff, 0x90,
    0xc, 0xff, 0x10, 0x0, 0xcf, 0xf0, 0xf, 0xfb,
    0x0, 0x0, 0x7f, 0xf3, 0xf, 0xf9, 0x0, 0x0,
    0x5f, 0xf4, 0xf, 0xf9, 0x0, 0x0, 0x5f, 0xf4,
    0xf, 0xf9, 0x0, 0x0, 0x5f, 0xf4, 0xf, 0xf9,
    0x0, 0x0, 0x5f, 0xf4, 0xf, 0xfb, 0x0, 0x0,
    0x7f, 0xf3, 0xc, 0xff, 0x10, 0x0, 0xcf, 0xf0,
    0x6, 0xff, 0xd7, 0x6b, 0xff, 0xa0, 0x0, 0xbf,
    0xff, 0xff, 0xfd, 0x10, 0x0, 0x6, 0xcf, 0xfd,
    0x80, 0x0,

    /* U+00D6 "Ö" */
    0x0, 0x3a, 0x80, 0x6, 0xa6, 0x0, 0x0, 0xff,
    0xf7, 0x3f, 0xff, 0x30, 0x1, 0xff, 0xf8, 0x5f,
    0xff, 0x50, 0x0, 0x7f, 0xc1, 0xa, 0xfa, 0x0,
    0x0, 0x0, 0x0, 0x0, 0x0, 0x0, 0x0, 0x6,
    0xcf, 0xfd, 0x80, 0x0, 0x0, 0xaf, 0xff, 0xff,
    0xfd, 0x0, 0x6, 0xff, 0xd7, 0x6c, 0xff, 0x90,
    0xc, 0xff, 0x10, 0x0, 0xcf, 0xf0, 0xf, 0xfb,
    0x0, 0x0, 0x7f, 0xf3, 0xf, 0xf9, 0x0, 0x0,
    0x5f, 0xf4, 0xf, 0xf9, 0x0, 0x0, 0x5f, 0xf4,
    0xf, 0xf9, 0x0, 0x0, 0x5f, 0xf4, 0xf, 0xf9,
    0x0, 0x0, 0x5f, 0xf4, 0xf, 0xfb, 0x0, 0x0,
    0x7f, 0xf3, 0xc, 0xff, 0x10, 0x0, 0xcf, 0xf0,
    0x6, 0xff, 0xd7, 0x6b, 0xff, 0xa0, 0x0, 0xbf,
    0xff, 0xff, 0xfd, 0x10, 0x0, 0x6, 0xcf, 0xfd,
    0x80, 0x0,

    /* U+00D7 "×" */
    0x0, 0x0, 0x0, 0x0, 0x0, 0x2, 0xc1, 0x0,
    0xb, 0x50, 0xd, 0xfe, 0x20, 0xbf, 0xf2, 0x4,
    0xff, 0xec, 0xff, 0x70, 0x0, 0x3f, 0xff, 0xf6,
    0x0, 0x0, 0x1d, 0xff, 0xf3, 0x0, 0x1, 0xdf,
    0xff, 0xff, 0x30, 0xd, 0xff, 0x52, 0xef, 0xf2,
    0x5, 0xf4, 0x0, 0x2e, 0x90, 0x0, 0x10, 0x0,
    0x1, 0x0,

    /* U+00D8 "Ø" */
    0x0, 0x0, 0x0, 0x1, 0x10, 0x0, 0x0, 0x0,
    0x0, 0x7, 0xfb, 0x0, 0x0, 0x6, 0xcf, 0xff,
    0xf9, 0x0, 0x0, 0xaf, 0xff, 0xff, 0xfc, 0x0,
    0x6, 0xff, 0xd7, 0xbf, 0xff, 0x90, 0xc, 0xff,
    0x10, 0xdf, 0xff, 0xf0, 0xf, 0xfb, 0x2, 0xff,
    0xaf, 0xf3, 0xf, 0xf9, 0x7, 0xfe, 0x5f, 0xf4,
    0xf, 0xf9, 0xd, 0xf8, 0x5f, 0xf4, 0xf, 0xf9,
    0x2f, 0xf3, 0x5f, 0xf4, 0xf, 0xf9, 0x7f, 0xd0,
    0x5f, 0xf4, 0xf, 0xfa, 0xdf, 0x80, 0x7f, 0xf3,
    0xc, 0xfe, 0xff, 0x20, 0xcf, 0xf0, 0x6, 0xff,
    0xfe, 0x6b, 0xff, 0xa0, 0x0, 0xaf, 0xff, 0xff,
    0xfd, 0x10, 0x0, 0x4f, 0xff, 0xfd, 0x80, 0x0,
    0x0, 0x9f, 0xd0, 0x0, 0x0, 0x0, 0x0, 0x4,
    0x40, 0x0, 0x0, 0x0,

    /* U+00D9 "Ù" */
    0x0, 0x4f, 0xf4, 0x0, 0x0, 0x0, 0x0, 0xaf,
    0xa0, 0x0, 0x0, 0x0, 0x1, 0xaa, 0x0, 0x0,
    0x0, 0x0, 0x0, 0x0, 0x0, 0x0, 0xef, 0xb0,
    0x0, 0x7, 0xff, 0x2e, 0xfb, 0x0, 0x0, 0x7f,
    0xf2, 0xef, 0xb0, 0x0, 0x7, 0xff, 0x2e, 0xfb,
    0x0, 0x0, 0x7f, 0xf2, 0xef, 0xb0, 0x0, 0x7,
    0xff, 0x2e, 0xfb, 0x0, 0x0, 0x7f, 0xf2, 0xef,
    0xb0, 0x0, 0x7, 0xff, 0x2e, 0xfb, 0x0, 0x0,
    0x7f, 0xf2, 0xef, 0xb0, 0x0, 0x7, 0xff, 0x2e,
    0xfc, 0x0, 0x0, 0x8f, 0xf1, 0xbf, 0xf2, 0x0,
    0xd, 0xff, 0x6, 0xff, 0xe8, 0x7c, 0xff, 0xa0,
    0xb, 0xff, 0xff, 0xff, 0xe1, 0x0, 0x7, 0xcf,
    0xfd, 0x91, 0x0,

    /* U+00DA "Ú" */
    0x0, 0x0, 0x1f, 0xf7, 0x0, 0x0, 0x0, 0x7,
    0xfd, 0x0, 0x0, 0x0, 0x0, 0x8a, 0x30, 0x0,
    0x0, 0x0, 0x0, 0x0, 0x0, 0x0, 0xef, 0xb0,
    0x0, 0x7, 0xff, 0x2e, 0xfb, 0x0, 0x0, 0x7f,
    0xf2, 0xef, 0xb0, 0x0, 0x7, 0xff, 0x2e, 0xfb,
    0x0, 0x0, 0x7f, 0xf2, 0xef, 0xb0, 0x0, 0x7,
    0xff, 0x2e, 0xfb, 0x0, 0x0, 0x7f, 0xf2, 0xef,
    0xb0, 0x0, 0x7, 0xff, 0x2e, 0xfb, 0x0, 0x0,
    0x7f, 0xf2, 0xef, 0xb0, 0x0, 0x7, 0xff, 0x2e,
    0xfc, 0x0, 0x0, 0x8f, 0xf1, 0xbf, 0xf2, 0x0,
    0xd, 0xff, 0x6, 0xff, 0xe8, 0x7c, 0xff, 0xa0,
    0xb, 0xff, 0xff, 0xff, 0xe1, 0x0, 0x7, 0xcf,
    0xfd, 0x91, 0x0,

    /* U+00DB "Û" */
    0x0, 0xd, 0xff, 0xf2, 0x0, 0x0, 0x8, 0xfb,
    0x7f, 0xc0, 0x0, 0x0, 0xaa, 0x30, 0xaa, 0x30,
    0x0, 0x0, 0x0, 0x0, 0x0, 0x0, 0xef, 0xb0,
    0x0, 0x7, 0xff, 0x2e, 0xfb, 0x0, 0x0, 0x7f,
    0xf2, 0xef, 0xb0, 0x0, 0x7, 0xff, 0x2e, 0xfb,
    0x0, 0x0, 0x7f, 0xf2, 0xef, 0xb0, 0x0, 0x7,
    0xff, 0x2e, 0xfb, 0x0, 0x0, 0x7f, 0xf2, 0xef,
    0xb0, 0x0, 0x7, 0xff, 0x2e, 0xfb, 0x0, 0x0,
    0x7f, 0xf2, 0xef, 0xb0, 0x0, 0x7, 0xff, 0x2e,
    0xfc, 0x0, 0x0, 0x8f, 0xf1, 0xbf, 0xf2, 0x0,
    0xd, 0xff, 0x6, 0xff, 0xe8, 0x7c, 0xff, 0xa0,
    0xb, 0xff, 0xff, 0xff, 0xe1, 0x0, 0x7, 0xcf,
    0xfd, 0x91, 0x0,

    /* U+00DC "Ü" */
    0x3, 0xa8, 0x0, 0x6a, 0x60, 0x0, 0xff, 0xf7,
    0x3f, 0xff, 0x30, 0x1f, 0xff, 0x85, 0xff, 0xf5,
    0x0, 0x7f, 0xc1, 0xa, 0xfa, 0x0, 0x0, 0x0,
    0x0, 0x0, 0x0, 0xe, 0xfb, 0x0, 0x0, 0x7f,
    0xf2, 0xef, 0xb0, 0x0, 0x7, 0xff, 0x2e, 0xfb,
    0x0, 0x0, 0x7f, 0xf2, 0xef, 0xb0, 0x0, 0x7,
    0xff, 0x2e, 0xfb, 0x0, 0x0, 0x7f, 0xf2, 0xef,
    0xb0, 0x0, 0x7, 0xff, 0x2e, 0xfb, 0x0, 0x0,
    0x7f, 0xf2, 0xef, 0xb0, 0x0, 0x7, 0xff, 0x2e,
    0xfb, 0x0, 0x0, 0x7f, 0xf2, 0xef, 0xc0, 0x0,
    0x8, 0xff, 0x1b, 0xff, 0x20, 0x0, 0xdf, 0xf0,
    0x6f, 0xfe, 0x87, 0xcf, 0xfa, 0x0, 0xbf, 0xff,
    0xff, 0xfe, 0x10, 0x0, 0x7c, 0xff, 0xd9, 0x10,
    0x0,

    /* U+00DD "Ý" */
    0x0, 0x0, 0x1, 0xff, 0x70, 0x0, 0x0, 0x0,
    0x0, 0x7f, 0xd0, 0x0, 0x0, 0x0, 0x0, 0x8,
    0xa3, 0x0, 0x0, 0x0, 0x0, 0x0, 0x0, 0x0,
    0x0, 0x0, 0x9f, 0xf4, 0x0, 0x0, 0x1f, 0xfd,
    0x2, 0xff, 0xb0, 0x0, 0x7, 0xff, 0x60, 0xb,
    0xff, 0x10, 0x0, 0xdf, 0xe0, 0x0, 0x4f, 0xf8,
    0x0, 0x4f, 0xf8, 0x0, 0x0, 0xdf, 0xe0, 0xb,
    0xff, 0x10, 0x0, 0x6, 0xff, 0x62, 0xff, 0xa0,
    0x0, 0x0, 0xe, 0xfc, 0x9f, 0xf3, 0x0, 0x0,
    0x0, 0x8f, 0xff, 0xfc, 0x0, 0x0, 0x0, 0x1,
    0xff, 0xff, 0x50, 0x0, 0x0, 0x0, 0x4, 0xff,
    0x80, 0x0, 0x0, 0x0, 0x0, 0x3f, 0xf7, 0x0,
    0x0, 0x0, 0x0, 0x3, 0xff, 0x70, 0x0, 0x0,
    0x0, 0x0, 0x3f, 0xf7, 0x0, 0x0, 0x0, 0x0,
    0x3, 0xff, 0x70, 0x0, 0x0,

    /* U+00DE "Þ" */
    0x9f, 0xf0, 0x0, 0x0, 0x0, 0x9, 0xff, 0x0,
    0x0, 0x0, 0x0, 0x9f, 0xf0, 0x0, 0x0, 0x0,
    0x9, 0xff, 0xff, 0xfe, 0xb3, 0x0, 0x9f, 0xff,
    0xff, 0xff, 0xf4, 0x9, 0xff, 0x87, 0x7b, 0xff,
    0xd0, 0x9f, 0xf0, 0x0, 0xa, 0xff, 0x19, 0xff,
    0x0, 0x0, 0x8f, 0xf2, 0x9f, 0xf0, 0x0, 0x3e,
    0xff, 0x9, 0xff, 0xff, 0xff, 0xff, 0x90, 0x9f,
    0xff, 0xff, 0xff, 0xa0, 0x9, 0xff, 0x77, 0x76,
    0x30, 0x0, 0x9f, 0xf0, 0x0, 0x0, 0x0, 0x9,
    0xff, 0x0, 0x0, 0x0, 0x0,

    /* U+00DF "ß" */
    0x0, 0x7, 0xdf, 0xeb, 0x40, 0x0, 0x0, 0xbf,
    0xff, 0xff, 0xf5, 0x0, 0x4, 0xff, 0xd6, 0x7f,
    0xfd, 0x0, 0x7, 0xff, 0x20, 0x9, 0xff, 0x0,
    0xbf, 0xff, 0x4, 0x7e, 0xfc, 0x0, 0xbf, 0xff,
    0xb, 0xff, 0xe3, 0x0, 0x3a, 0xff, 0xb, 0xf5,
    0x10, 0x0, 0x8, 0xff, 0xb, 0xff, 0xfc, 0x30,
    0x8, 0xff, 0xb, 0xff, 0xff, 0xf2, 0x8, 0xff,
    0x0, 0x0, 0x6f, 0xf8, 0x8, 0xff, 0x0, 0x40,
    0xe, 0xf9, 0x8, 0xff, 0x4f, 0xf9, 0x8f, 0xf7,
    0x8, 0xff, 0xd, 0xff, 0xff, 0xe1, 0x8, 0xff,
    0x2, 0xbf, 0xeb, 0x20,

    /* U+00E0 "à" */
    0x0, 0xa, 0xfd, 0x0, 0x0, 0x0, 0x0, 0x1,
    0xff, 0x40, 0x0, 0x0, 0x0, 0x0, 0x5a, 0x60,
    0x0, 0x0, 0x0, 0x0, 0x0, 0x0, 0x0, 0x0,
    0x0, 0x2a, 0xef, 0xc4, 0xdf, 0xb0, 0x2, 0xef,
    0xff, 0xff, 0xff, 0xb0, 0xb, 0xff, 0xb6, 0x8e,
    0xff, 0xb0, 0xf, 0xfa, 0x0, 0x3, 0xff, 0xb0,
    0x2f, 0xf5, 0x0, 0x0, 0xef, 0xb0, 0x2f, 0xf5,
    0x0, 0x0, 0xef, 0xb0, 0xf, 0xfb, 0x0, 0x3,
    0xff, 0xb0, 0xb, 0xff, 0xb6, 0x8e, 0xff, 0xd3,
    0x2, 0xef, 0xff, 0xfc, 0xaf, 0xf9, 0x0, 0x1a,
    0xef, 0xb1, 0x3e, 0xf9,

    /* U+00E1 "á" */
    0x0, 0x0, 0x7, 0xff, 0x10, 0x0, 0x0, 0x0,
    0xe, 0xf6, 0x0, 0x0, 0x0, 0x0, 0x2a, 0x90,
    0x0, 0x0, 0x0, 0x0, 0x0, 0x0, 0x0, 0x0,
    0x0, 0x2a, 0xef, 0xc4, 0xdf, 0xb0, 0x2, 0xef,
    0xff, 0xff, 0xff, 0xb0, 0xb, 0xff, 0xb6, 0x8e,
    0xff, 0xb0, 0xf, 0xfa, 0x0, 0x3, 0xff, 0xb0,
    0x2f, 0xf5, 0x0, 0x0, 0xef, 0xb0, 0x2f, 0xf5,
    0x0, 0x0, 0xef, 0xb0, 0xf, 0xfb, 0x0, 0x3,
    0xff, 0xb0, 0xb, 0xff, 0xb6, 0x8e, 0xff, 0xd3,
    0x2, 0xef, 0xff, 0xfc, 0xaf, 0xf9, 0x0, 0x1a,
    0xef, 0xb1, 0x3e, 0xf9,

    /* U+00E2 "â" */
    0x0, 0x5, 0xff, 0xfb, 0x0, 0x0, 0x0, 0xe,
    0xf5, 0xdf, 0x60, 0x0, 0x0, 0x5a, 0x90, 0x5a,
    0x90, 0x0, 0x0, 0x0, 0x0, 0x0, 0x0, 0x0,
    0x0, 0x2a, 0xef, 0xc4, 0xdf, 0xb0, 0x2, 0xef,
    0xff, 0xff, 0xff, 0xb0, 0xb, 0xff, 0xb6, 0x8e,
    0xff, 0xb0, 0xf, 0xfa, 0x0, 0x3, 0xff, 0xb0,
    0x2f, 0xf5, 0x0, 0x0, 0xef, 0xb0, 0x2f, 0xf5,
    0x0, 0x0, 0xef, 0xb0, 0xf, 0xfb, 0x0, 0x3,
    0xff, 0xb0, 0xb, 0xff, 0xb6, 0x8e, 0xff, 0xd3,
    0x2, 0xef, 0xff, 0xfc, 0xaf, 0xf9, 0x0, 0x1a,
    0xef, 0xb1, 0x3e, 0xf9,

    /* U+00E3 "ã" */
    0x0, 0x6, 0xee, 0x63, 0xc8, 0x0, 0x0, 0x4f,
    0xff, 0xff, 0xf8, 0x0, 0x0, 0x5f, 0x64, 0xcf,
    0x80, 0x0, 0x0, 0x1, 0x0, 0x0, 0x0, 0x0,
    0x0, 0x2a, 0xef, 0xc4, 0xdf, 0xb0, 0x2, 0xef,
    0xff, 0xff, 0xff, 0xb0, 0xb, 0xff, 0xb6, 0x8e,
    0xff, 0xb0, 0xf, 0xfa, 0x0, 0x3, 0xff, 0xb0,
    0x2f, 0xf5, 0x0, 0x0, 0xef, 0xb0, 0x2f, 0xf5,
    0x0, 0x0, 0xef, 0xb0, 0xf, 0xfb, 0x0, 0x3,
    0xff, 0xb0, 0xb, 0xff, 0xb6, 0x8e, 0xff, 0xd3,
    0x2, 0xef, 0xff, 0xfc, 0xaf, 0xf9, 0x0, 0x1a,
    0xef, 0xb1, 0x3e, 0xf9,

    /* U+00E4 "ä" */
    0x1, 0xcf, 0x80, 0x3d, 0xe5, 0x0, 0x7, 0xff,
    0xf2, 0xbf, 0xfe, 0x0, 0x6, 0xff, 0xf1, 0xaf,
    0xfd, 0x0, 0x0, 0x7a, 0x40, 0x19, 0xa2, 0x0,
    0x0, 0x0, 0x0, 0x0, 0x0, 0x0, 0x0, 0x2a,
    0xef, 0xc4, 0xdf, 0xb0, 0x2, 0xef, 0xff, 0xff,
    0xff, 0xb0, 0xb, 0xff, 0xb6, 0x8e, 0xff, 0xb0,
    0xf, 0xfa, 0x0, 0x3, 0xff, 0xb0, 0x2f, 0xf5,
    0x0, 0x0, 0xef, 0xb0, 0x2f, 0xf5, 0x0, 0x0,
    0xef, 0xb0, 0xf, 0xfb, 0x0, 0x3, 0xff, 0xb0,
    0xb, 0xff, 0xb6, 0x8e, 0xff, 0xd3, 0x2, 0xef,
    0xff, 0xfc, 0xaf, 0xf9, 0x0, 0x1a, 0xef, 0xb1,
    0x3e, 0xf9,

    /* U+00E5 "å" */
    0x0, 0x0, 0x27, 0x50, 0x0, 0x0, 0x0, 0x2,
    0xff, 0xf8, 0x0, 0x0, 0x0, 0x6, 0xf5, 0xdd,
    0x0, 0x0, 0x0, 0x2, 0xff, 0xf8, 0x0, 0x0,
    0x0, 0x0, 0x27, 0x50, 0x0, 0x0, 0x0, 0x0,
    0x0, 0x0, 0x0, 0x0, 0x0, 0x2a, 0xef, 0xc4,
    0xdf, 0xb0, 0x2, 0xef, 0xff, 0xff, 0xff, 0xb0,
    0xb, 0xff, 0xb6, 0x8e, 0xff, 0xb0, 0xf, 0xfa,
    0x0, 0x3, 0xff, 0xb0, 0x2f, 0xf5, 0x0, 0x0,
    0xef, 0xb0, 0x2f, 0xf5, 0x0, 0x0, 0xef, 0xb0,
    0xf, 0xfb, 0x0, 0x3, 0xff, 0xb0, 0xb, 0xff,
    0xb6, 0x8e, 0xff, 0xd3, 0x2, 0xef, 0xff, 0xfc,
    0xaf, 0xf9, 0x0, 0x1a, 0xef, 0xb1, 0x3e, 0xf9,

    /* U+00E6 "æ" */
    0x1, 0x8d, 0xff, 0xd8, 0x0, 0x0, 0xef, 0xff,
    0xff, 0xfd, 0x10, 0x5, 0xea, 0xff, 0xae, 0xfb,
    0x0, 0x3, 0x7f, 0xf8, 0xaf, 0xf0, 0x1c, 0xff,
    0xff, 0xff, 0xff, 0x29, 0xff, 0xff, 0xff, 0xff,
    0xf2, 0xdf, 0xc4, 0xff, 0x51, 0x0, 0xc, 0xfe,
    0x9f, 0xfa, 0xdc, 0x30, 0x5f, 0xff, 0xff, 0xff,
    0xf6, 0x0, 0x4b, 0xef, 0xfe, 0xb4, 0x0,

    /* U+00E7 "ç" */
    0x0, 0x4b, 0xef, 0xd9, 0x10, 0x0, 0x8f, 0xff,
    0xff, 0xfe, 0x10, 0x4f, 0xfe, 0x76, 0xbf, 0xfb,
    0xb, 0xff, 0x20, 0x0, 0xaf, 0xf1, 0xef, 0xa0,
    0x0, 0x2, 0x40, 0xe, 0xf9, 0x0, 0x0, 0x0,
    0x0, 0xcf, 0xd0, 0x0, 0x7, 0xfc, 0x17, 0xff,
    0xb3, 0x26, 0xff, 0xd0, 0xc, 0xff, 0xff, 0xff,
    0xf3, 0x0, 0x9, 0xff, 0xff, 0xc3, 0x0, 0x0,
    0x0, 0xbd, 0x86, 0x0, 0x0, 0x0, 0xd, 0xfd,
    0xf5, 0x0, 0x0, 0x0, 0x9, 0xaf, 0x60, 0x0,
    0x0, 0x2, 0xef, 0xa0, 0x0,

    /* U+00E8 "è" */
    0x0, 0x4f, 0xf4, 0x0, 0x0, 0x0, 0x0, 0xaf,
    0xa0, 0x0, 0x0, 0x0, 0x1, 0xaa, 0x0, 0x0,
    0x0, 0x0, 0x0, 0x0, 0x0, 0x0, 0x0, 0x4b,
    0xef, 0xd7, 0x0, 0x0, 0x7f, 0xff, 0xff, 0xfb,
    0x0, 0x3f, 0xfd, 0x54, 0x9f, 0xf7, 0x9, 0xff,
    0x21, 0x11, 0xbf, 0xe0, 0xcf, 0xff, 0xff, 0xff,
    0xff, 0xc, 0xff, 0xff, 0xff, 0xff, 0xf1, 0x9f,
    0xe0, 0x0, 0x1, 0x0, 0x3, 0xff, 0xd7, 0x69,
    0xfb, 0x20, 0x8, 0xff, 0xff, 0xff, 0xd1, 0x0,
    0x4, 0xbe, 0xfd, 0x91, 0x0,

    /* U+00E9 "é" */
    0x0, 0x0, 0x1f, 0xf7, 0x0, 0x0, 0x0, 0x7,
    0xfd, 0x0, 0x0, 0x0, 0x0, 0x8a, 0x30, 0x0,
    0x0, 0x0, 0x0, 0x0, 0x0, 0x0, 0x0, 0x4b,
    0xef, 0xd7, 0x0, 0x0, 0x7f, 0xff, 0xff, 0xfb,
    0x0, 0x3f, 0xfd, 0x54, 0x9f, 0xf7, 0x9, 0xff,
    0x21, 0x11, 0xbf, 0xe0, 0xcf, 0xff, 0xff, 0xff,
    0xff, 0xc, 0xff, 0xff, 0xff, 0xff, 0xf1, 0x9f,
    0xe0, 0x0, 0x1, 0x0, 0x3, 0xff, 0xd7, 0x69,
    0xfb, 0x20, 0x8, 0xff, 0xff, 0xff, 0xd1, 0x0,
    0x4, 0xbe, 0xfd, 0x91, 0x0,

    /* U+00EA "ê" */
    0x0, 0xd, 0xff, 0xf2, 0x0, 0x0, 0x8, 0xfb,
    0x7f, 0xc0, 0x0, 0x0, 0xaa, 0x30, 0xaa, 0x30,
    0x0, 0x0, 0x0, 0x0, 0x0, 0x0, 0x0, 0x4b,
    0xef, 0xd7, 0x0, 0x0, 0x7f, 0xff, 0xff, 0xfb,
    0x0, 0x3f, 0xfd, 0x54, 0x9f, 0xf7, 0x9, 0xff,
    0x21, 0x11, 0xbf, 0xe0, 0xcf, 0xff, 0xff, 0xff,
    0xff, 0xc, 0xff, 0xff, 0xff, 0xff, 0xf1, 0x9f,
    0xe0, 0x0, 0x1, 0x0, 0x3, 0xff, 0xd7, 0x69,
    0xfb, 0x20, 0x8, 0xff, 0xff, 0xff, 0xd1, 0x0,
    0x4, 0xbe, 0xfd, 0x91, 0x0,

    /* U+00EB "ë" */
    0x7, 0xfc, 0x10, 0xaf, 0xa0, 0x1, 0xff, 0xf8,
    0x5f, 0xff, 0x50, 0xf, 0xff, 0x73, 0xff, 0xf3,
    0x0, 0x3a, 0x80, 0x6, 0xa6, 0x0, 0x0, 0x0,
    0x0, 0x0, 0x0, 0x0, 0x4, 0xbe, 0xfd, 0x70,
    0x0, 0x7, 0xff, 0xff, 0xff, 0xb0, 0x3, 0xff,
    0xd5, 0x49, 0xff, 0x70, 0x9f, 0xf2, 0x11, 0x1b,
    0xfe, 0xc, 0xff, 0xff, 0xff, 0xff, 0xf0, 0xcf,
    0xff, 0xff, 0xff, 0xff, 0x19, 0xfe, 0x0, 0x0,
    0x10, 0x0, 0x3f, 0xfd, 0x76, 0x9f, 0xb2, 0x0,
    0x8f, 0xff, 0xff, 0xfd, 0x10, 0x0, 0x4b, 0xef,
    0xd9, 0x10, 0x0,

    /* U+00EC "ì" */
    0x0, 0x7f, 0xf1, 0x0, 0x0, 0x0, 0xd, 0xf7,
    0x0, 0x0, 0x0, 0x3, 0xa8, 0x0, 0x0, 0x0,
    0x0, 0x0, 0x0, 0x0, 0xf, 0xff, 0xff, 0xa0,
    0x0, 0xf, 0xff, 0xff, 0xa0, 0x0, 0x5, 0x55,
    0xff, 0xa0, 0x0, 0x0, 0x0, 0xef, 0xa0, 0x0,
    0x0, 0x0, 0xef, 0xa0, 0x0, 0x0, 0x0, 0xef,
    0xa0, 0x0, 0x0, 0x0, 0xef, 0xa0, 0x0, 0x15,
    0x55, 0xff, 0xc5, 0x52, 0x4f, 0xff, 0xff, 0xff,
    0xf8, 0x4f, 0xff, 0xff, 0xff, 0xf8,

    /* U+00ED "í" */
    0x0, 0x0, 0x4f, 0xf4, 0x0, 0x0, 0x0, 0xaf,
    0xa0, 0x0, 0x0, 0x0, 0xaa, 0x10, 0x0, 0x0,
    0x0, 0x0, 0x0, 0x0, 0xf, 0xff, 0xff, 0xa0,
    0x0, 0xf, 0xff, 0xff, 0xa0, 0x0, 0x5, 0x55,
    0xff, 0xa0, 0x0, 0x0, 0x0, 0xef, 0xa0, 0x0,
    0x0, 0x0, 0xef, 0xa0, 0x0, 0x0, 0x0, 0xef,
    0xa0, 0x0, 0x0, 0x0, 0xef, 0xa0, 0x0, 0x15,
    0x55, 0xff, 0xc5, 0x52, 0x4f, 0xff, 0xff, 0xff,
    0xf8, 0x4f, 0xff, 0xff, 0xff, 0xf8,

    /* U+00EE "î" */
    0x0, 0x2f, 0xff, 0xe0, 0x0, 0x0, 0xbf, 0x8a,
    0xf9, 0x0, 0x2, 0xaa, 0x12, 0xaa, 0x10, 0x0,
    0x0, 0x0, 0x0, 0x0, 0xf, 0xff, 0xff, 0xa0,
    0x0, 0xf, 0xff, 0xff, 0xa0, 0x0, 0x5, 0x55,
    0xff, 0xa0, 0x0, 0x0, 0x0, 0xef, 0xa0, 0x0,
    0x0, 0x0, 0xef, 0xa0, 0x0, 0x0, 0x0, 0xef,
    0xa0, 0x0, 0x0, 0x0, 0xef, 0xa0, 0x0, 0x15,
    0x55, 0xff, 0xc5, 0x52, 0x4f, 0xff, 0xff, 0xff,
    0xf8, 0x4f, 0xff, 0xff, 0xff, 0xf8,

    /* U+00EF "ï" */
    0xa, 0xfa, 0x1, 0xcf, 0x70, 0x4f, 0xff, 0x58,
    0xff, 0xf1, 0x3f, 0xff, 0x46, 0xff, 0xf1, 0x5,
    0xa6, 0x0, 0x7a, 0x40, 0x0, 0x0, 0x0, 0x0,
    0x0, 0xf, 0xff, 0xff, 0xa0, 0x0, 0xf, 0xff,
    0xff, 0xa0, 0x0, 0x5, 0x55, 0xff, 0xa0, 0x0,
    0x0, 0x0, 0xef, 0xa0, 0x0, 0x0, 0x0, 0xef,
    0xa0, 0x0, 0x0, 0x0, 0xef, 0xa0, 0x0, 0x0,
    0x0, 0xef, 0xa0, 0x0, 0x15, 0x55, 0xff, 0xc5,
    0x52, 0x4f, 0xff, 0xff, 0xff, 0xf8, 0x4f, 0xff,
    0xff, 0xff, 0xf8,

    /* U+00F0 "ð" */
    0x0, 0x2, 0x19, 0x50, 0x0, 0x0, 0x0, 0xc,
    0xff, 0xf1, 0x0, 0x0, 0x0, 0xf, 0xff, 0xfe,
    0x50, 0x0, 0x0, 0x0, 0xef, 0xff, 0xf6, 0x0,
    0x0, 0x0, 0x27, 0x2c, 0xff, 0x20, 0x0, 0x8,
    0xef, 0xd7, 0xff, 0x90, 0x0, 0xdf, 0xff, 0xff,
    0xff, 0xe0, 0x8, 0xff, 0xd7, 0x6c, 0xff, 0xf2,
    0xe, 0xfd, 0x0, 0x0, 0xcf, 0xf4, 0xf, 0xf8,
    0x0, 0x0, 0x6f, 0xf4, 0xf, 0xf8, 0x0, 0x0,
    0x7f, 0xf2, 0xd, 0xfd, 0x0, 0x0, 0xcf, 0xe0,
    0x7, 0xff, 0xc7, 0x6c, 0xff, 0x80, 0x0, 0xaf,
    0xff, 0xff, 0xfb, 0x0, 0x0, 0x6, 0xcf, 0xfc,
    0x60, 0x0,

    /* U+00F1 "ñ" */
    0x0, 0xa, 0xfb, 0x25, 0xc3, 0x0, 0xaf, 0xff,
    0xff, 0xf4, 0x0, 0xad, 0x38, 0xff, 0x50, 0x0,
    0x1, 0x0, 0x0, 0x0, 0x7f, 0xf1, 0x7e, 0xfc,
    0x40, 0x7f, 0xfa, 0xff, 0xff, 0xf3, 0x7f, 0xff,
    0x64, 0xaf, 0xf9, 0x7f, 0xf6, 0x0, 0xe, 0xfc,
    0x7f, 0xf2, 0x0, 0xb, 0xfc, 0x7f, 0xf1, 0x0,
    0xb, 0xfc, 0x7f, 0xf1, 0x0, 0xb, 0xfc, 0x7f,
    0xf1, 0x0, 0xb, 0xfc, 0x7f, 0xf1, 0x0, 0xb,
    0xfc, 0x7f, 0xf1, 0x0, 0xb, 0xfc,

    /* U+00F2 "ò" */
    0x0, 0x4, 0xff, 0x40, 0x0, 0x0, 0x0, 0x0,
    0xaf, 0xa0, 0x0, 0x0, 0x0, 0x0, 0x1a, 0xa0,
    0x0, 0x0, 0x0, 0x0, 0x0, 0x0, 0x0, 0x0,
    0x0, 0x5, 0xbe, 0xfc, 0x70, 0x0, 0x0, 0xaf,
    0xff, 0xff, 0xfd, 0x10, 0x6, 0xff, 0xd7, 0x6b,
    0xff, 0xa0, 0xd, 0xfd, 0x0, 0x0, 0xaf, 0xf1,
    0xf, 0xf8, 0x0, 0x0, 0x4f, 0xf3, 0xf, 0xf8,
    0x0, 0x0, 0x4f, 0xf3, 0xd, 0xfd, 0x0, 0x0,
    0xaf, 0xf1, 0x6, 0xff, 0xd7, 0x6b, 0xff, 0xa0,
    0x0, 0xaf, 0xff, 0xff, 0xfd, 0x10, 0x0, 0x5,
    0xbe, 0xfc, 0x70, 0x0,

    /* U+00F3 "ó" */
    0x0, 0x0, 0x1, 0xff, 0x70, 0x0, 0x0, 0x0,
    0x7, 0xfd, 0x0, 0x0, 0x0, 0x0, 0x8, 0xa3,
    0x0, 0x0, 0x0, 0x0, 0x0, 0x0, 0x0, 0x0,
    0x0, 0x5, 0xbe, 0xfc, 0x70, 0x0, 0x0, 0xaf,
    0xff, 0xff, 0xfd, 0x10, 0x6, 0xff, 0xd7, 0x6b,
    0xff, 0xa0, 0xd, 0xfd, 0x0, 0x0, 0xaf, 0xf1,
    0xf, 0xf8, 0x0, 0x0, 0x4f, 0xf3, 0xf, 0xf8,
    0x0, 0x0, 0x4f, 0xf3, 0xd, 0xfd, 0x0, 0x0,
    0xaf, 0xf1, 0x6, 0xff, 0xd7, 0x6b, 0xff, 0xa0,
    0x0, 0xaf, 0xff, 0xff, 0xfd, 0x10, 0x0, 0x5,
    0xbe, 0xfc, 0x70, 0x0,

    /* U+00F4 "ô" */
    0x0, 0x0, 0xdf, 0xff, 0x20, 0x0, 0x0, 0x8,
    0xfb, 0x7f, 0xc0, 0x0, 0x0, 0xa, 0xa3, 0xa,
    0xa3, 0x0, 0x0, 0x0, 0x0, 0x0, 0x0, 0x0,
    0x0, 0x5, 0xbe, 0xfc, 0x70, 0x0, 0x0, 0xaf,
    0xff, 0xff, 0xfd, 0x10, 0x6, 0xff, 0xd7, 0x6b,
    0xff, 0xa0, 0xd, 0xfd, 0x0, 0x0, 0xaf, 0xf1,
    0xf, 0xf8, 0x0, 0x0, 0x4f, 0xf3, 0xf, 0xf8,
    0x0, 0x0, 0x4f, 0xf3, 0xd, 0xfd, 0x0, 0x0,
    0xaf, 0xf1, 0x6, 0xff, 0xd7, 0x6b, 0xff, 0xa0,
    0x0, 0xaf, 0xff, 0xff, 0xfd, 0x10, 0x0, 0x5,
    0xbe, 0xfc, 0x70, 0x0,

    /* U+00F5 "õ" */
    0x0, 0x6, 0xee, 0x63, 0xc7, 0x0, 0x0, 0x4f,
    0xff, 0xff, 0xf8, 0x0, 0x0, 0x5f, 0x64, 0xdf,
    0x80, 0x0, 0x0, 0x1, 0x0, 0x0, 0x0, 0x0,
    0x0, 0x5, 0xbe, 0xfc, 0x70, 0x0, 0x0, 0xaf,
    0xff, 0xff, 0xfd, 0x10, 0x6, 0xff, 0xd7, 0x6b,
    0xff, 0xa0, 0xd, 0xfd, 0x0, 0x0, 0xaf, 0xf1,
    0xf, 0xf8, 0x0, 0x0, 0x4f, 0xf3, 0xf, 0xf8,
    0x0, 0x0, 0x4f, 0xf3, 0xd, 0xfd, 0x0, 0x0,
    0xaf, 0xf1, 0x6, 0xff, 0xd7, 0x6b, 0xff, 0xa0,
    0x0, 0xaf, 0xff, 0xff, 0xfd, 0x10, 0x0, 0x5,
    0xbe, 0xfc, 0x70, 0x0,

    /* U+00F6 "ö" */
    0x0, 0x7f, 0xc1, 0xa, 0xfa, 0x0, 0x1, 0xff,
    0xf8, 0x5f, 0xff, 0x50, 0x0, 0xff, 0xf7, 0x3f,
    0xff, 0x30, 0x0, 0x3a, 0x80, 0x6, 0xa6, 0x0,
    0x0, 0x0, 0x0, 0x0, 0x0, 0x0, 0x0, 0x5,
    0xbe, 0xfc, 0x70, 0x0, 0x0, 0xaf, 0xff, 0xff,
    0xfd, 0x10, 0x6, 0xff, 0xd7, 0x6b, 0xff, 0xa0,
    0xd, 0xfd, 0x0, 0x0, 0xaf, 0xf1, 0xf, 0xf8,
    0x0, 0x0, 0x4f, 0xf3, 0xf, 0xf8, 0x0, 0x0,
    0x4f, 0xf3, 0xd, 0xfd, 0x0, 0x0, 0xaf, 0xf1,
    0x6, 0xff, 0xd7, 0x6b, 0xff, 0xa0, 0x0, 0xaf,
    0xff, 0xff, 0xfd, 0x10, 0x0, 0x5, 0xbe, 0xfc,
    0x70, 0x0,

    /* U+00F7 "÷" */
    0x0, 0x2, 0xde, 0x40, 0x0, 0x0, 0x8, 0xff,
    0xc0, 0x0, 0x0, 0x5, 0xff, 0x90, 0x0, 0x0,
    0x0, 0x34, 0x0, 0x0, 0x3, 0x33, 0x33, 0x33,
    0x31, 0x1f, 0xff, 0xff, 0xff, 0xf4, 0x1f, 0xff,
    0xff, 0xff, 0xf4, 0x0, 0x0, 0x34, 0x0, 0x0,
    0x0, 0x5, 0xff, 0x80, 0x0, 0x0, 0x8, 0xff,
    0xc0, 0x0, 0x0, 0x2, 0xde, 0x40, 0x0,

    /* U+00F8 "ø" */
    0x0, 0x0, 0x0, 0x0, 0x0, 0x0, 0x0, 0x0,
    0x0, 0x2e, 0x90, 0x0, 0x0, 0x5, 0xbe, 0xff,
    0xf0, 0x0, 0x0, 0xaf, 0xff, 0xff, 0xfc, 0x0,
    0x6, 0xff, 0xd9, 0xff, 0xff, 0xa0, 0xd, 0xfd,
    0x8, 0xfe, 0xaf, 0xf1, 0xf, 0xf8, 0xd, 0xf8,
    0x4f, 0xf3, 0xf, 0xf8, 0x3f, 0xf3, 0x4f, 0xf3,
    0xd, 0xfc, 0x8f, 0xd0, 0x9f, 0xf1, 0x7, 0xff,
    0xff, 0xa8, 0xff, 0xa0, 0x0, 0xaf, 0xff, 0xff,
    0xfd, 0x10, 0x0, 0xb, 0xff, 0xfc, 0x70, 0x0,
    0x0, 0x9, 0xe7, 0x0, 0x0, 0x0, 0x0, 0x0,
    0x0, 0x0, 0x0, 0x0,

    /* U+00F9 "ù" */
    0x0, 0x4f, 0xf4, 0x0, 0x0, 0x0, 0xa, 0xfa,
    0x0, 0x0, 0x0, 0x1, 0xaa, 0x0, 0x0, 0x0,
    0x0, 0x0, 0x0, 0x0, 0x7f, 0xf1, 0x0, 0xb,
    0xfc, 0x7f, 0xf1, 0x0, 0xb, 0xfc, 0x7f, 0xf1,
    0x0, 0xb, 0xfc, 0x7f, 0xf1, 0x0, 0xb, 0xfc,
    0x7f, 0xf1, 0x0, 0xb, 0xfc, 0x7f, 0xf1, 0x0,
    0xc, 0xfc, 0x6f, 0xf4, 0x0, 0xf, 0xfc, 0x3f,
    0xfd, 0x54, 0xbf, 0xfc, 0xc, 0xff, 0xff, 0xdd,
    0xfc, 0x1, 0xae, 0xfb, 0x2b, 0xfc,

    /* U+00FA "ú" */
    0x0, 0x0, 0x1f, 0xf7, 0x0, 0x0, 0x0, 0x7f,
    0xd0, 0x0, 0x0, 0x0, 0x8a, 0x30, 0x0, 0x0,
    0x0, 0x0, 0x0, 0x0, 0x7f, 0xf1, 0x0, 0xb,
    0xfc, 0x7f, 0xf1, 0x0, 0xb, 0xfc, 0x7f, 0xf1,
    0x0, 0xb, 0xfc, 0x7f, 0xf1, 0x0, 0xb, 0xfc,
    0x7f, 0xf1, 0x0, 0xb, 0xfc, 0x7f, 0xf1, 0x0,
    0xc, 0xfc, 0x6f, 0xf4, 0x0, 0xf, 0xfc, 0x3f,
    0xfd, 0x54, 0xbf, 0xfc, 0xc, 0xff, 0xff, 0xdd,
    0xfc, 0x1, 0xae, 0xfb, 0x2b, 0xfc,

    /* U+00FB "û" */
    0x0, 0xd, 0xff, 0xf2, 0x0, 0x0, 0x8f, 0xb7,
    0xfc, 0x0, 0x0, 0xaa, 0x30, 0xaa, 0x30, 0x0,
    0x0, 0x0, 0x0, 0x0, 0x7f, 0xf1, 0x0, 0xb,
    0xfc, 0x7f, 0xf1, 0x0, 0xb, 0xfc, 0x7f, 0xf1,
    0x0, 0xb, 0xfc, 0x7f, 0xf1, 0x0, 0xb, 0xfc,
    0x7f, 0xf1, 0x0, 0xb, 0xfc, 0x7f, 0xf1, 0x0,
    0xc, 0xfc, 0x6f, 0xf4, 0x0, 0xf, 0xfc, 0x3f,
    0xfd, 0x54, 0xbf, 0xfc, 0xc, 0xff, 0xff, 0xdd,
    0xfc, 0x1, 0xae, 0xfb, 0x2b, 0xfc,

    /* U+00FC "ü" */
    0x7, 0xfc, 0x10, 0xaf, 0xa0, 0x1f, 0xff, 0x85,
    0xff, 0xf5, 0xf, 0xff, 0x73, 0xff, 0xf3, 0x3,
    0xa8, 0x0, 0x6a, 0x60, 0x0, 0x0, 0x0, 0x0,
    0x0, 0x7f, 0xf1, 0x0, 0xb, 0xfc, 0x7f, 0xf1,
    0x0, 0xb, 0xfc, 0x7f, 0xf1, 0x0, 0xb, 0xfc,
    0x7f, 0xf1, 0x0, 0xb, 0xfc, 0x7f, 0xf1, 0x0,
    0xb, 0xfc, 0x7f, 0xf1, 0x0, 0xc, 0xfc, 0x6f,
    0xf4, 0x0, 0xf, 0xfc, 0x3f, 0xfd, 0x54, 0xbf,
    0xfc, 0xc, 0xff, 0xff, 0xdd, 0xfc, 0x1, 0xae,
    0xfb, 0x2b, 0xfc,

    /* U+00FD "ý" */
    0x0, 0x0, 0x1f, 0xf7, 0x0, 0x0, 0x0, 0x7f,
    0xd0, 0x0, 0x0, 0x0, 0x8a, 0x30, 0x0, 0x0,
    0x0, 0x0, 0x0, 0x0, 0x7f, 0xf1, 0x0, 0xb,
    0xfc, 0x7f, 0xf1, 0x0, 0xb, 0xfc, 0x7f, 0xf1,
    0x0, 0xb, 0xfc, 0x7f, 0xf1, 0x0, 0xb, 0xfc,
    0x7f, 0xf1, 0x0, 0xb, 0xfc, 0x7f, 0xf1, 0x0,
    0xc, 0xfc, 0x6f, 0xf4, 0x0, 0xf, 0xfc, 0x3f,
    0xfd, 0x54, 0xbf, 0xfc, 0xc, 0xff, 0xff, 0xcc,
    0xfc, 0x1, 0xae, 0xfb, 0x2b, 0xfc, 0x0, 0x0,
    0x0, 0xb, 0xfc, 0x0, 0x35, 0x55, 0x5e, 0xfc,
    0x0, 0xaf, 0xff, 0xff, 0xfc, 0x0, 0xaf, 0xff,
    0xff, 0xf5,

    /* U+00FE "þ" */
    0xf, 0xf7, 0x0, 0x0, 0x0, 0x0, 0xf, 0xf7,
    0x0, 0x0, 0x0, 0x0, 0xf, 0xf7, 0x0, 0x0,
    0x0, 0x0, 0xf, 0xf7, 0x0, 0x0, 0x0, 0x0,
    0xf, 0xf7, 0x6d, 0xfe, 0xa2, 0x0, 0xf, 0xff,
    0xff, 0xff, 0xff, 0x20, 0xf, 0xff, 0xd7, 0x6b,
    0xff, 0xc0, 0xf, 0xfd, 0x0, 0x0, 0xaf, 0xf1,
    0xf, 0xf8, 0x0, 0x0, 0x4f, 0xf3, 0xf, 0xf8,
    0x0, 0x0, 0x4f, 0xf3, 0xf, 0xfd, 0x0, 0x0,
    0xaf, 0xf2, 0xf, 0xff, 0xd7, 0x6b, 0xff, 0xc0,
    0xf, 0xf8, 0xdf, 0xff, 0xff, 0x30, 0xf, 0xf7,
    0x1b, 0xfe, 0xb3, 0x0, 0xf, 0xf7, 0x0, 0x0,
    0x0, 0x0, 0xf, 0xf7, 0x0, 0x0, 0x0, 0x0,
    0xf, 0xf7, 0x0, 0x0, 0x0, 0x0, 0xf, 0xf7,
    0x0, 0x0, 0x0, 0x0,

    /* U+00FF "ÿ" */
    0x7, 0xfc, 0x10, 0xaf, 0xa0, 0x1f, 0xff, 0x85,
    0xff, 0xf5, 0xf, 0xff, 0x73, 0xff, 0xf3, 0x3,
    0xa8, 0x0, 0x6a, 0x60, 0x0, 0x0, 0x0, 0x0,
    0x0, 0x7f, 0xf1, 0x0, 0xb, 0xfc, 0x7f, 0xf1,
    0x0, 0xb, 0xfc, 0x7f, 0xf1, 0x0, 0xb, 0xfc,
    0x7f, 0xf1, 0x0, 0xb, 0xfc, 0x7f, 0xf1, 0x0,
    0xb, 0xfc, 0x7f, 0xf1, 0x0, 0xc, 0xfc, 0x6f,
    0xf4, 0x0, 0xf, 0xfc, 0x3f, 0xfd, 0x54, 0xbf,
    0xfc, 0xc, 0xff, 0xff, 0xcc, 0xfc, 0x1, 0xae,
    0xfb, 0x2b, 0xfc, 0x0, 0x0, 0x0, 0xb, 0xfc,
    0x0, 0x35, 0x55, 0x5e, 0xfc, 0x0, 0xaf, 0xff,
    0xff, 0xfc, 0x0, 0xaf, 0xff, 0xff, 0xf5,

    /* U+2022 "•" */
    0x7, 0xef, 0x90, 0x6f, 0xff, 0xf9, 0xbf, 0xff,
    0xff, 0xaf, 0xff, 0xfe, 0x3f, 0xff, 0xf6, 0x2,
    0x89, 0x40,

    /* U+F00C "" */
    0x0, 0x0, 0x0, 0x0, 0x0, 0x0, 0x0, 0x0,
    0x4e, 0x60, 0x0, 0x0, 0x0, 0x0, 0x0, 0x0,
    0x0, 0x4, 0xff, 0xf7, 0x0, 0x0, 0x0, 0x0,
    0x0, 0x0, 0x0, 0x4f, 0xff, 0xff, 0x0, 0x0,
    0x0, 0x0, 0x0, 0x0, 0x4, 0xff, 0xff, 0xf6,
    0x0, 0x0, 0x0, 0x0, 0x0, 0x0, 0x4f, 0xff,
    0xff, 0x60, 0x6, 0xe4, 0x0, 0x0, 0x0, 0x4,
    0xff, 0xff, 0xf6, 0x0, 0x7f, 0xff, 0x40, 0x0,
    0x0, 0x4f, 0xff, 0xff, 0x60, 0x0, 0xff, 0xff,
    0xf4, 0x0, 0x4, 0xff, 0xff, 0xf6, 0x0, 0x0,
    0x6f, 0xff, 0xff, 0x40, 0x4f, 0xff, 0xff, 0x60,
    0x0, 0x0, 0x6, 0xff, 0xff, 0xf8, 0xff, 0xff,
    0xf5, 0x0, 0x0, 0x0, 0x0, 0x5f, 0xff, 0xff,
    0xff, 0xff, 0x50, 0x0, 0x0, 0x0, 0x0, 0x5,
    0xff, 0xff, 0xff, 0xf5, 0x0, 0x0, 0x0, 0x0,
    0x0, 0x0, 0x5f, 0xff, 0xff, 0x50, 0x0, 0x0,
    0x0, 0x0, 0x0, 0x0, 0x5, 0xff, 0xf5, 0x0,
    0x0, 0x0, 0x0, 0x0, 0x0, 0x0, 0x0, 0x5e,
    0x50, 0x0, 0x0, 0x0, 0x0, 0x0,

    /* U+F012 "" */
    0x0, 0x0, 0x0, 0x0, 0x0, 0x0, 0x0, 0x0,
    0x0, 0x0, 0x3, 0x43, 0x0, 0x0, 0x0, 0x0,
    0x0, 0x0, 0x0, 0x0, 0x0, 0x0, 0x0, 0xff,
    0xf0, 0x0, 0x0, 0x0, 0x0, 0x0, 0x0, 0x0,
    0x0, 0x0, 0x0, 0x1f, 0xff, 0x10, 0x0, 0x0,
    0x0, 0x0, 0x0, 0x0, 0x0, 0x0, 0x0, 0x1,
    0xff, 0xf1, 0x0, 0x0, 0x0, 0x0, 0x0, 0x0,
    0x0, 0x0, 0x78, 0x70, 0x1f, 0xff, 0x10, 0x0,
    0x0, 0x0, 0x0, 0x0, 0x0, 0x0, 0xf, 0xff,
    0x1, 0xff, 0xf1, 0x0, 0x0, 0x0, 0x0, 0x0,
    0x0, 0x0, 0x1, 0xff, 0xf1, 0x1f, 0xff, 0x10,
    0x0, 0x0, 0x0, 0x0, 0x0, 0x0, 0x0, 0x1f,
    0xff, 0x11, 0xff, 0xf1, 0x0, 0x0, 0x0, 0x0,
    0x0, 0xb, 0xcb, 0x1, 0xff, 0xf1, 0x1f, 0xff,
    0x10, 0x0, 0x0, 0x0, 0x0, 0x1, 0xff, 0xf1,
    0x1f, 0xff, 0x11, 0xff, 0xf1, 0x0, 0x0, 0x0,
    0x0, 0x0, 0x1f, 0xff, 0x11, 0xff, 0xf1, 0x1f,
    0xff, 0x10, 0x0, 0x0, 0x0, 0x0, 0x1, 0xff,
    0xf1, 0x1f, 0xff, 0x11, 0xff, 0xf1, 0x0, 0x0,
    0x0, 0xff, 0xf0, 0x1f, 0xff, 0x11, 0xff, 0xf1,
    0x1f, 0xff, 0x10, 0x0, 0x0, 0x1f, 0xff, 0x11,
    0xff, 0xf1, 0x1f, 0xff, 0x11, 0xff, 0xf1, 0x0,
    0x0, 0x1, 0xff, 0xf1, 0x1f, 0xff, 0x11, 0xff,
    0xf1, 0x1f, 0xff, 0x10, 0x34, 0x30, 0x1f, 0xff,
    0x11, 0xff, 0xf1, 0x1f, 0xff, 0x11, 0xff, 0xf1,
    0xf, 0xff, 0x1, 0xff, 0xf1, 0x1f, 0xff, 0x11,
    0xff, 0xf1, 0x1f, 0xff, 0x11, 0xff, 0xf1, 0x1f,
    0xff, 0x11, 0xff, 0xf1, 0x1f, 0xff, 0x11, 0xff,
    0xf1, 0x1f, 0xff, 0x11, 0xff, 0xf1, 0x1f, 0xff,
    0x11, 0xff, 0xf1, 0x1f, 0xff, 0x11, 0xff, 0xf1,
    0x1f, 0xff, 0x11, 0xff, 0xf1, 0x1f, 0xff, 0x11,
    0xff, 0xf1, 0xa, 0xba, 0x0, 0xab, 0xa0, 0xa,
    0xba, 0x0, 0xab, 0xa0, 0xa, 0xba, 0x0,

    /* U+F04B "" */
    0x6, 0x50, 0x0, 0x0, 0x0, 0x0, 0x0, 0x0,
    0x0, 0xbf, 0xfd, 0x30, 0x0, 0x0, 0x0, 0x0,
    0x0, 0x0, 0xff, 0xff, 0xfa, 0x10, 0x0, 0x0,
    0x0, 0x0, 0x0, 0xff, 0xff, 0xff, 0xf7, 0x0,
    0x0, 0x0, 0x0, 0x0, 0xff, 0xff, 0xff, 0xff,
    0xd4, 0x0, 0x0, 0x0, 0x0, 0xff, 0xff, 0xff,
    0xff, 0xff, 0xb2, 0x0, 0x0, 0x0, 0xff, 0xff,
    0xff, 0xff, 0xff, 0xff, 0x80, 0x0, 0x0, 0xff,
    0xff, 0xff, 0xff, 0xff, 0xff, 0xfe, 0x50, 0x0,
    0xff, 0xff, 0xff, 0xff, 0xff, 0xff, 0xff, 0xfb,
    0x20, 0xff, 0xff, 0xff, 0xff, 0xff, 0xff, 0xff,
    0xff, 0xf2, 0xff, 0xff, 0xff, 0xff, 0xff, 0xff,
    0xff, 0xff, 0xf6, 0xff, 0xff, 0xff, 0xff, 0xff,
    0xff, 0xff, 0xff, 0xf2, 0xff, 0xff, 0xff, 0xff,
    0xff, 0xff, 0xff, 0xfb, 0x20, 0xff, 0xff, 0xff,
    0xff, 0xff, 0xff, 0xfd, 0x50, 0x0, 0xff, 0xff,
    0xff, 0xff, 0xff, 0xff, 0x80, 0x0, 0x0, 0xff,
    0xff, 0xff, 0xff, 0xff, 0xa2, 0x0, 0x0, 0x0,
    0xff, 0xff, 0xff, 0xff, 0xd4, 0x0, 0x0, 0x0,
    0x0, 0xff, 0xff, 0xff, 0xf7, 0x0, 0x0, 0x0,
    0x0, 0x0, 0xff, 0xff, 0xfa, 0x10, 0x0, 0x0,
    0x0, 0x0, 0x0, 0xbf, 0xfd, 0x30, 0x0, 0x0,
    0x0, 0x0, 0x0, 0x0, 0x6, 0x50, 0x0, 0x0,
    0x0, 0x0, 0x0, 0x0, 0x0,

    /* U+F067 "" */
    0x0, 0x0, 0x0, 0x2, 0x55, 0x0, 0x0, 0x0,
    0x0, 0x0, 0x0, 0x0, 0xf, 0xff, 0x80, 0x0,
    0x0, 0x0, 0x0, 0x0, 0x0, 0x2f, 0xff, 0xa0,
    0x0, 0x0, 0x0, 0x0, 0x0, 0x0, 0x2f, 0xff,
    0xa0, 0x0, 0x0, 0x0, 0x0, 0x0, 0x0, 0x2f,
    0xff, 0xa0, 0x0, 0x0, 0x0, 0x0, 0x0, 0x0,
    0x2f, 0xff, 0xa0, 0x0, 0x0, 0x0, 0x0, 0x0,
    0x0, 0x2f, 0xff, 0xa0, 0x0, 0x0, 0x0, 0x37,
    0x77, 0x77, 0x8f, 0xff, 0xc7, 0x77, 0x77, 0x60,
    0xef, 0xff, 0xff, 0xff, 0xff, 0xff, 0xff, 0xff,
    0xf6, 0xff, 0xff, 0xff, 0xff, 0xff, 0xff, 0xff,
    0xff, 0xf8, 0xdf, 0xff, 0xff, 0xff, 0xff, 0xff,
    0xff, 0xff, 0xf5, 0x14, 0x44, 0x44, 0x5f, 0xff,
    0xb4, 0x44, 0x44, 0x30, 0x0, 0x0, 0x0, 0x2f,
    0xff, 0xa0, 0x0, 0x0, 0x0, 0x0, 0x0, 0x0,
    0x2f, 0xff, 0xa0, 0x0, 0x0, 0x0, 0x0, 0x0,
    0x0, 0x2f, 0xff, 0xa0, 0x0, 0x0, 0x0, 0x0,
    0x0, 0x0, 0x2f, 0xff, 0xa0, 0x0, 0x0, 0x0,
    0x0, 0x0, 0x0, 0x1f, 0xff, 0x90, 0x0, 0x0,
    0x0, 0x0, 0x0, 0x0, 0xd, 0xff, 0x60, 0x0,
    0x0, 0x0, 0x0, 0x0, 0x0, 0x0, 0x21, 0x0,
    0x0, 0x0, 0x0,

    /* U+F0C8 "" */
    0x5, 0x77, 0x77, 0x77, 0x77, 0x77, 0x77, 0x77,
    0x30, 0xbf, 0xff, 0xff, 0xff, 0xff, 0xff, 0xff,
    0xff, 0xf3, 0xff, 0xff, 0xff, 0xff, 0xff, 0xff,
    0xff, 0xff, 0xf7, 0xff, 0xff, 0xff, 0xff, 0xff,
    0xff, 0xff, 0xff, 0xf8, 0xff, 0xff, 0xff, 0xff,
    0xff, 0xff, 0xff, 0xff, 0xf8, 0xff, 0xff, 0xff,
    0xff, 0xff, 0xff, 0xff, 0xff, 0xf8, 0xff, 0xff,
    0xff, 0xff, 0xff, 0xff, 0xff, 0xff, 0xf8, 0xff,
    0xff, 0xff, 0xff, 0xff, 0xff, 0xff, 0xff, 0xf8,
    0xff, 0xff, 0xff, 0xff, 0xff, 0xff, 0xff, 0xff,
    0xf8, 0xff, 0xff, 0xff, 0xff, 0xff, 0xff, 0xff,
    0xff, 0xf8, 0xff, 0xff, 0xff, 0xff, 0xff, 0xff,
    0xff, 0xff, 0xf8, 0xff, 0xff, 0xff, 0xff, 0xff,
    0xff, 0xff, 0xff, 0xf8, 0xff, 0xff, 0xff, 0xff,
    0xff, 0xff, 0xff, 0xff, 0xf8, 0xff, 0xff, 0xff,
    0xff, 0xff, 0xff, 0xff, 0xff, 0xf8, 0xff, 0xff,
    0xff, 0xff, 0xff, 0xff, 0xff, 0xff, 0xf8, 0xff,
    0xff, 0xff, 0xff, 0xff, 0xff, 0xff, 0xff, 0xf8,
    0xef, 0xff, 0xff, 0xff, 0xff, 0xff, 0xff, 0xff,
    0xf6, 0x6f, 0xff, 0xff, 0xff, 0xff, 0xff, 0xff,
    0xff, 0xc1, 0x0, 0x0, 0x0, 0x0, 0x0, 0x0,
    0x0, 0x0, 0x0,

    /* U+F0D8 "" */
    0x0, 0x0, 0x2, 0x60, 0x0, 0x0, 0x0, 0x0,
    0x3, 0xef, 0x90, 0x0, 0x0, 0x0, 0x3, 0xef,
    0xff, 0x90, 0x0, 0x0, 0x3, 0xef, 0xff, 0xff,
    0x90, 0x0, 0x3, 0xef, 0xff, 0xff, 0xff, 0x90,
    0x2, 0xef, 0xff, 0xff, 0xff, 0xff, 0x90, 0x6f,
    0xff, 0xff, 0xff, 0xff, 0xfe, 0x0, 0x0, 0x0,
    0x0, 0x0, 0x0, 0x0,

    /* U+F0D9 "" */
    0x0, 0x0, 0x0, 0x30, 0x0, 0x0, 0x6, 0xf7,
    0x0, 0x0, 0x6f, 0xf8, 0x0, 0x6, 0xff, 0xf8,
    0x0, 0x6f, 0xff, 0xf8, 0x6, 0xff, 0xff, 0xf8,
    0xf, 0xff, 0xff, 0xf8, 0x6, 0xff, 0xff, 0xf8,
    0x0, 0x6f, 0xff, 0xf8, 0x0, 0x6, 0xff, 0xf8,
    0x0, 0x0, 0x6f, 0xf8, 0x0, 0x0, 0x6, 0xf7,
    0x0, 0x0, 0x0, 0x30,

    /* U+F0DA "" */
    0x21, 0x0, 0x0, 0xf, 0xd1, 0x0, 0x0, 0xff,
    0xd1, 0x0, 0xf, 0xff, 0xd1, 0x0, 0xff, 0xff,
    0xd1, 0xf, 0xff, 0xff, 0xd1, 0xff, 0xff, 0xff,
    0x8f, 0xff, 0xff, 0xd1, 0xff, 0xff, 0xd1, 0xf,
    0xff, 0xd1, 0x0, 0xff, 0xd1, 0x0, 0xf, 0xd1,
    0x0, 0x0, 0x20, 0x0, 0x0, 0x0,

    /* U+F0E7 "" */
    0x0, 0x14, 0x44, 0x44, 0x41, 0x0, 0x0, 0x0,
    0xbf, 0xff, 0xff, 0xfa, 0x0, 0x0, 0x0, 0xef,
    0xff, 0xff, 0xf8, 0x0, 0x0, 0x0, 0xff, 0xff,
    0xff, 0xf3, 0x0, 0x0, 0x2, 0xff, 0xff, 0xff,
    0xd0, 0x0, 0x0, 0x4, 0xff, 0xff, 0xff, 0x80,
    0x0, 0x0, 0x6, 0xff, 0xff, 0xff, 0x40, 0x0,
    0x0, 0x8, 0xff, 0xff, 0xff, 0xff, 0xff, 0xf5,
    0xa, 0xff, 0xff, 0xff, 0xff, 0xff, 0xf4, 0xd,
    0xff, 0xff, 0xff, 0xff, 0xff, 0xb0, 0xf, 0xff,
    0xff, 0xff, 0xff, 0xff, 0x20, 0xb, 0xff, 0xff,
    0xff, 0xff, 0xf9, 0x0, 0x0, 0x0, 0x0, 0x8f,
    0xff, 0xe1, 0x0, 0x0, 0x0, 0x0, 0xcf, 0xff,
    0x60, 0x0, 0x0, 0x0, 0x0, 0xff, 0xfd, 0x0,
    0x0, 0x0, 0x0, 0x3, 0xff, 0xf4, 0x0, 0x0,
    0x0, 0x0, 0x7, 0xff, 0xa0, 0x0, 0x0, 0x0,
    0x0, 0xb, 0xff, 0x20, 0x0, 0x0, 0x0, 0x0,
    0xf, 0xf8, 0x0, 0x0, 0x0, 0x0, 0x0, 0x2f,
    0xe0, 0x0, 0x0, 0x0, 0x0, 0x0, 0x9, 0x40,
    0x0, 0x0, 0x0,

    /* U+F111 "" */
    0x0, 0x0, 0x0, 0x0, 0x2, 0x20, 0x0, 0x0,
    0x0, 0x0, 0x0, 0x0, 0x2, 0x9d, 0xff, 0xff,
    0xd8, 0x10, 0x0, 0x0, 0x0, 0x0, 0x8f, 0xff,
    0xff, 0xff, 0xff, 0xf6, 0x0, 0x0, 0x0, 0xb,
    0xff, 0xff, 0xff, 0xff, 0xff, 0xff, 0x90, 0x0,
    0x0, 0xaf, 0xff, 0xff, 0xff, 0xff, 0xff, 0xff,
    0xf7, 0x0, 0x5, 0xff, 0xff, 0xff, 0xff, 0xff,
    0xff, 0xff, 0xff, 0x30, 0xe, 0xff, 0xff, 0xff,
    0xff, 0xff, 0xff, 0xff, 0xff, 0xb0, 0x4f, 0xff,
    0xff, 0xff, 0xff, 0xff, 0xff, 0xff, 0xff, 0xf1,
    0x8f, 0xff, 0xff, 0xff, 0xff, 0xff, 0xff, 0xff,
    0xff, 0xf6, 0xaf, 0xff, 0xff, 0xff, 0xff, 0xff,
    0xff, 0xff, 0xff, 0xf8, 0xbf, 0xff, 0xff, 0xff,
    0xff, 0xff, 0xff, 0xff, 0xff, 0xf9, 0xaf, 0xff,
    0xff, 0xff, 0xff, 0xff, 0xff, 0xff, 0xff, 0xf8,
    0x8f, 0xff, 0xff, 0xff, 0xff, 0xff, 0xff, 0xff,
    0xff, 0xf6, 0x4f, 0xff, 0xff, 0xff, 0xff, 0xff,
    0xff, 0xff, 0xff, 0xf1, 0xe, 0xff, 0xff, 0xff,
    0xff, 0xff, 0xff, 0xff, 0xff, 0xb0, 0x5, 0xff,
    0xff, 0xff, 0xff, 0xff, 0xff, 0xff, 0xff, 0x30,
    0x0, 0xaf, 0xff, 0xff, 0xff, 0xff, 0xff, 0xff,
    0xf7, 0x0, 0x0, 0xb, 0xff, 0xff, 0xff, 0xff,
    0xff, 0xff, 0x90, 0x0, 0x0, 0x0, 0x8f, 0xff,
    0xff, 0xff, 0xff, 0xf6, 0x0, 0x0, 0x0, 0x0,
    0x2, 0x9d, 0xff, 0xff, 0xd8, 0x10, 0x0, 0x0,
    0x0, 0x0, 0x0, 0x0, 0x2, 0x20, 0x0, 0x0,
    0x0, 0x0
};


/*---------------------
 *  GLYPH DESCRIPTION
 *--------------------*/

static const lv_font_fmt_txt_glyph_dsc_t glyph_dsc[] = {
    {.bitmap_index = 0, .adv_w = 0, .box_w = 0, .box_h = 0, .ofs_x = 0, .ofs_y = 0} /* id = 0 reserved */,
    {.bitmap_index = 0, .adv_w = 196, .box_w = 0, .box_h = 0, .ofs_x = 0, .ofs_y = 0},
    {.bitmap_index = 0, .adv_w = 196, .box_w = 5, .box_h = 14, .ofs_x = 4, .ofs_y = 0},
    {.bitmap_index = 35, .adv_w = 196, .box_w = 10, .box_h = 6, .ofs_x = 1, .ofs_y = 8},
    {.bitmap_index = 65, .adv_w = 196, .box_w = 11, .box_h = 11, .ofs_x = 1, .ofs_y = 2},
    {.bitmap_index = 126, .adv_w = 196, .box_w = 9, .box_h = 13, .ofs_x = 2, .ofs_y = 1},
    {.bitmap_index = 185, .adv_w = 196, .box_w = 12, .box_h = 14, .ofs_x = 0, .ofs_y = 0},
    {.bitmap_index = 269, .adv_w = 196, .box_w = 12, .box_h = 14, .ofs_x = 0, .ofs_y = 0},
    {.bitmap_index = 353, .adv_w = 196, .box_w = 4, .box_h = 6, .ofs_x = 4, .ofs_y = 8},
    {.bitmap_index = 365, .adv_w = 196, .box_w = 9, .box_h = 20, .ofs_x = 3, .ofs_y = -3},
    {.bitmap_index = 455, .adv_w = 196, .box_w = 9, .box_h = 20, .ofs_x = 0, .ofs_y = -3},
    {.bitmap_index = 545, .adv_w = 196, .box_w = 11, .box_h = 10, .ofs_x = 1, .ofs_y = 2},
    {.bitmap_index = 600, .adv_w = 196, .box_w = 10, .box_h = 9, .ofs_x = 1, .ofs_y = 3},
    {.bitmap_index = 645, .adv_w = 196, .box_w = 5, .box_h = 7, .ofs_x = 4, .ofs_y = -3},
    {.bitmap_index = 663, .adv_w = 196, .box_w = 7, .box_h = 3, .ofs_x = 3, .ofs_y = 4},
    {.bitmap_index = 674, .adv_w = 196, .box_w = 5, .box_h = 4, .ofs_x = 4, .ofs_y = 0},
    {.bitmap_index = 684, .adv_w = 196, .box_w = 10, .box_h = 20, .ofs_x = 1, .ofs_y = -3},
    {.bitmap_index = 784, .adv_w = 196, .box_w = 12, .box_h = 14, .ofs_x = 0, .ofs_y = 0},
    {.bitmap_index = 868, .adv_w = 196, .box_w = 11, .box_h = 14, .ofs_x = 1, .ofs_y = 0},
    {.bitmap_index = 945, .adv_w = 196, .box_w = 11, .box_h = 14, .ofs_x = 1, .ofs_y = 0},
    {.bitmap_index = 1022, .adv_w = 196, .box_w = 11, .box_h = 14, .ofs_x = 1, .ofs_y = 0},
    {.bitmap_index = 1099, .adv_w = 196, .box_w = 12, .box_h = 14, .ofs_x = 0, .ofs_y = 0},
    {.bitmap_index = 1183, .adv_w = 196, .box_w = 11, .box_h = 14, .ofs_x = 1, .ofs_y = 0},
    {.bitmap_index = 1260, .adv_w = 196, .box_w = 11, .box_h = 14, .ofs_x = 1, .ofs_y = 0},
    {.bitmap_index = 1337, .adv_w = 196, .box_w = 11, .box_h = 14, .ofs_x = 1, .ofs_y = 0},
    {.bitmap_index = 1414, .adv_w = 196, .box_w = 11, .box_h = 14, .ofs_x = 1, .ofs_y = 0},
    {.bitmap_index = 1491, .adv_w = 196, .box_w = 11, .box_h = 14, .ofs_x = 1, .ofs_y = 0},
    {.bitmap_index = 1568, .adv_w = 196, .box_w = 5, .box_h = 10, .ofs_x = 4, .ofs_y = 0},
    {.bitmap_index = 1593, .adv_w = 196, .box_w = 5, .box_h = 13, .ofs_x = 4, .ofs_y = -3},
    {.bitmap_index = 1626, .adv_w = 196, .box_w = 10, .box_h = 10, .ofs_x = 1, .ofs_y = 2},
    {.bitmap_index = 1676, .adv_w = 196, .box_w = 10, .box_h = 6, .ofs_x = 1, .ofs_y = 4},
    {.bitmap_index = 1706, .adv_w = 196, .box_w = 10, .box_h = 10, .ofs_x = 1, .ofs_y = 2},
    {.bitmap_index = 1756, .adv_w = 196, .box_w = 11, .box_h = 14, .ofs_x = 1, .ofs_y = 0},
    {.bitmap_index = 1833, .adv_w = 196, .box_w = 12, .box_h = 13, .ofs_x = 0, .ofs_y = 0},
    {.bitmap_index = 1911, .adv_w = 196, .box_w = 12, .box_h = 14, .ofs_x = 0, .ofs_y = 0},
    {.bitmap_index = 1995, .adv_w = 196, .box_w = 12, .box_h = 14, .ofs_x = 0, .ofs_y = 0},
    {.bitmap_index = 2079, .adv_w = 196, .box_w = 12, .box_h = 14, .ofs_x = 0, .ofs_y = 0},
    {.bitmap_index = 2163, .adv_w = 196, .box_w = 12, .box_h = 14, .ofs_x = 0, .ofs_y = 0},
    {.bitmap_index = 2247, .adv_w = 196, .box_w = 10, .box_h = 14, .ofs_x = 1, .ofs_y = 0},
    {.bitmap_index = 2317, .adv_w = 196, .box_w = 10, .box_h = 14, .ofs_x = 1, .ofs_y = 0},
    {.bitmap_index = 2387, .adv_w = 196, .box_w = 12, .box_h = 14, .ofs_x = 0, .ofs_y = 0},
    {.bitmap_index = 2471, .adv_w = 196, .box_w = 11, .box_h = 14, .ofs_x = 1, .ofs_y = 0},
    {.bitmap_index = 2548, .adv_w = 196, .box_w = 10, .box_h = 14, .ofs_x = 1, .ofs_y = 0},
    {.bitmap_index = 2618, .adv_w = 196, .box_w = 11, .box_h = 14, .ofs_x = 1, .ofs_y = 0},
    {.bitmap_index = 2695, .adv_w = 196, .box_w = 11, .box_h = 14, .ofs_x = 1, .ofs_y = 0},
    {.bitmap_index = 2772, .adv_w = 196, .box_w = 10, .box_h = 14, .ofs_x = 1, .ofs_y = 0},
    {.bitmap_index = 2842, .adv_w = 196, .box_w = 12, .box_h = 14, .ofs_x = 0, .ofs_y = 0},
    {.bitmap_index = 2926, .adv_w = 196, .box_w = 11, .box_h = 14, .ofs_x = 1, .ofs_y = 0},
    {.bitmap_index = 3003, .adv_w = 196, .box_w = 12, .box_h = 14, .ofs_x = 0, .ofs_y = 0},
    {.bitmap_index = 3087, .adv_w = 196, .box_w = 11, .box_h = 14, .ofs_x = 1, .ofs_y = 0},
    {.bitmap_index = 3164, .adv_w = 196, .box_w = 12, .box_h = 18, .ofs_x = 0, .ofs_y = -4},
    {.bitmap_index = 3272, .adv_w = 196, .box_w = 11, .box_h = 14, .ofs_x = 1, .ofs_y = 0},
    {.bitmap_index = 3349, .adv_w = 196, .box_w = 12, .box_h = 14, .ofs_x = 0, .ofs_y = 0},
    {.bitmap_index = 3433, .adv_w = 196, .box_w = 11, .box_h = 14, .ofs_x = 1, .ofs_y = 0},
    {.bitmap_index = 3510, .adv_w = 196, .box_w = 11, .box_h = 14, .ofs_x = 1, .ofs_y = 0},
    {.bitmap_index = 3587, .adv_w = 196, .box_w = 12, .box_h = 14, .ofs_x = 0, .ofs_y = 0},
    {.bitmap_index = 3671, .adv_w = 196, .box_w = 13, .box_h = 14, .ofs_x = 0, .ofs_y = 0},
    {.bitmap_index = 3762, .adv_w = 196, .box_w = 12, .box_h = 14, .ofs_x = 0, .ofs_y = 0},
    {.bitmap_index = 3846, .adv_w = 196, .box_w = 13, .box_h = 14, .ofs_x = 0, .ofs_y = 0},
    {.bitmap_index = 3937, .adv_w = 196, .box_w = 12, .box_h = 14, .ofs_x = 0, .ofs_y = 0},
    {.bitmap_index = 4021, .adv_w = 196, .box_w = 6, .box_h = 20, .ofs_x = 4, .ofs_y = -3},
    {.bitmap_index = 4081, .adv_w = 196, .box_w = 10, .box_h = 20, .ofs_x = 1, .ofs_y = -3},
    {.bitmap_index = 4181, .adv_w = 196, .box_w = 6, .box_h = 20, .ofs_x = 2, .ofs_y = -3},
    {.bitmap_index = 4241, .adv_w = 196, .box_w = 10, .box_h = 7, .ofs_x = 1, .ofs_y = 8},
    {.bitmap_index = 4276, .adv_w = 196, .box_w = 11, .box_h = 3, .ofs_x = 1, .ofs_y = -3},
    {.bitmap_index = 4293, .adv_w = 196, .box_w = 4, .box_h = 3, .ofs_x = 4, .ofs_y = 11},
    {.bitmap_index = 4299, .adv_w = 196, .box_w = 12, .box_h = 10, .ofs_x = 0, .ofs_y = 0},
    {.bitmap_index = 4359, .adv_w = 196, .box_w = 11, .box_h = 14, .ofs_x = 1, .ofs_y = 0},
    {.bitmap_index = 4436, .adv_w = 196, .box_w = 11, .box_h = 10, .ofs_x = 1, .ofs_y = 0},
    {.bitmap_index = 4491, .adv_w = 196, .box_w = 12, .box_h = 14, .ofs_x = 0, .ofs_y = 0},
    {.bitmap_index = 4575, .adv_w = 196, .box_w = 11, .box_h = 10, .ofs_x = 1, .ofs_y = 0},
    {.bitmap_index = 4630, .adv_w = 196, .box_w = 10, .box_h = 14, .ofs_x = 1, .ofs_y = 0},
    {.bitmap_index = 4700, .adv_w = 196, .box_w = 12, .box_h = 14, .ofs_x = 0, .ofs_y = -4},
    {.bitmap_index = 4784, .adv_w = 196, .box_w = 10, .box_h = 14, .ofs_x = 1, .ofs_y = 0},
    {.bitmap_index = 4854, .adv_w = 196, .box_w = 10, .box_h = 15, .ofs_x = 1, .ofs_y = 0},
    {.bitmap_index = 4929, .adv_w = 196, .box_w = 8, .box_h = 19, .ofs_x = 2, .ofs_y = -4},
    {.bitmap_index = 5005, .adv_w = 196, .box_w = 10, .box_h = 14, .ofs_x = 2, .ofs_y = 0},
    {.bitmap_index = 5075, .adv_w = 196, .box_w = 10, .box_h = 14, .ofs_x = 1, .ofs_y = 0},
    {.bitmap_index = 5145, .adv_w = 196, .box_w = 12, .box_h = 10, .ofs_x = 0, .ofs_y = 0},
    {.bitmap_index = 5205, .adv_w = 196, .box_w = 10, .box_h = 10, .ofs_x = 1, .ofs_y = 0},
    {.bitmap_index = 5255, .adv_w = 196, .box_w = 12, .box_h = 10, .ofs_x = 0, .ofs_y = 0},
    {.bitmap_index = 5315, .adv_w = 196, .box_w = 11, .box_h = 14, .ofs_x = 1, .ofs_y = -4},
    {.bitmap_index = 5392, .adv_w = 196, .box_w = 12, .box_h = 14, .ofs_x = 0, .ofs_y = -4},
    {.bitmap_index = 5476, .adv_w = 196, .box_w = 12, .box_h = 10, .ofs_x = 0, .ofs_y = 0},
    {.bitmap_index = 5536, .adv_w = 196, .box_w = 10, .box_h = 10, .ofs_x = 1, .ofs_y = 0},
    {.bitmap_index = 5586, .adv_w = 196, .box_w = 10, .box_h = 14, .ofs_x = 1, .ofs_y = 0},
    {.bitmap_index = 5656, .adv_w = 196, .box_w = 10, .box_h = 10, .ofs_x = 1, .ofs_y = 0},
    {.bitmap_index = 5706, .adv_w = 196, .box_w = 12, .box_h = 10, .ofs_x = 0, .ofs_y = 0},
    {.bitmap_index = 5766, .adv_w = 196, .box_w = 12, .box_h = 10, .ofs_x = 0, .ofs_y = 0},
    {.bitmap_index = 5826, .adv_w = 196, .box_w = 11, .box_h = 10, .ofs_x = 1, .ofs_y = 0},
    {.bitmap_index = 5881, .adv_w = 196, .box_w = 10, .box_h = 14, .ofs_x = 1, .ofs_y = -4},
    {.bitmap_index = 5951, .adv_w = 196, .box_w = 10, .box_h = 10, .ofs_x = 1, .ofs_y = 0},
    {.bitmap_index = 6001, .adv_w = 196, .box_w = 7, .box_h = 20, .ofs_x = 3, .ofs_y = -3},
    {.bitmap_index = 6071, .adv_w = 196, .box_w = 4, .box_h = 20, .ofs_x = 4, .ofs_y = -3},
    {.bitmap_index = 6111, .adv_w = 196, .box_w = 7, .box_h = 20, .ofs_x = 2, .ofs_y = -3},
    {.bitmap_index = 6181, .adv_w = 196, .box_w = 12, .box_h = 6, .ofs_x = 0, .ofs_y = 3},
    {.bitmap_index = 6217, .adv_w = 196, .box_w = 0, .box_h = 0, .ofs_x = 0, .ofs_y = 0},
    {.bitmap_index = 6217, .adv_w = 196, .box_w = 5, .box_h = 14, .ofs_x = 4, .ofs_y = -4},
    {.bitmap_index = 6252, .adv_w = 196, .box_w = 11, .box_h = 13, .ofs_x = 1, .ofs_y = 1},
    {.bitmap_index = 6324, .adv_w = 196, .box_w = 9, .box_h = 10, .ofs_x = 2, .ofs_y = 2},
    {.bitmap_index = 6369, .adv_w = 196, .box_w = 12, .box_h = 12, .ofs_x = 0, .ofs_y = 1},
    {.bitmap_index = 6441, .adv_w = 196, .box_w = 10, .box_h = 10, .ofs_x = 1, .ofs_y = 2},
    {.bitmap_index = 6491, .adv_w = 196, .box_w = 4, .box_h = 20, .ofs_x = 4, .ofs_y = -3},
    {.bitmap_index = 6531, .adv_w = 196, .box_w = 7, .box_h = 10, .ofs_x = 3, .ofs_y = 4},
    {.bitmap_index = 6566, .adv_w = 196, .box_w = 10, .box_h = 4, .ofs_x = 1, .ofs_y = 11},
    {.bitmap_index = 6586, .adv_w = 196, .box_w = 12, .box_h = 11, .ofs_x = 0, .ofs_y = 5},
    {.bitmap_index = 6652, .adv_w = 196, .box_w = 8, .box_h = 6, .ofs_x = 2, .ofs_y = 8},
    {.bitmap_index = 6676, .adv_w = 196, .box_w = 12, .box_h = 10, .ofs_x = 0, .ofs_y = 0},
    {.bitmap_index = 6736, .adv_w = 196, .box_w = 10, .box_h = 6, .ofs_x = 1, .ofs_y = 3},
    {.bitmap_index = 6766, .adv_w = 196, .box_w = 12, .box_h = 11, .ofs_x = 0, .ofs_y = 5},
    {.bitmap_index = 6832, .adv_w = 196, .box_w = 7, .box_h = 2, .ofs_x = 3, .ofs_y = 11},
    {.bitmap_index = 6839, .adv_w = 196, .box_w = 8, .box_h = 7, .ofs_x = 2, .ofs_y = 8},
    {.bitmap_index = 6867, .adv_w = 196, .box_w = 10, .box_h = 11, .ofs_x = 1, .ofs_y = 0},
    {.bitmap_index = 6922, .adv_w = 196, .box_w = 5, .box_h = 6, .ofs_x = 4, .ofs_y = 8},
    {.bitmap_index = 6937, .adv_w = 196, .box_w = 5, .box_h = 6, .ofs_x = 4, .ofs_y = 8},
    {.bitmap_index = 6952, .adv_w = 196, .box_w = 5, .box_h = 3, .ofs_x = 5, .ofs_y = 11},
    {.bitmap_index = 6960, .adv_w = 196, .box_w = 10, .box_h = 14, .ofs_x = 1, .ofs_y = -4},
    {.bitmap_index = 7030, .adv_w = 196, .box_w = 9, .box_h = 10, .ofs_x = 2, .ofs_y = 4},
    {.bitmap_index = 7075, .adv_w = 196, .box_w = 5, .box_h = 4, .ofs_x = 4, .ofs_y = 5},
    {.bitmap_index = 7085, .adv_w = 196, .box_w = 5, .box_h = 5, .ofs_x = 4, .ofs_y = -5},
    {.bitmap_index = 7098, .adv_w = 196, .box_w = 6, .box_h = 6, .ofs_x = 3, .ofs_y = 8},
    {.bitmap_index = 7116, .adv_w = 196, .box_w = 7, .box_h = 6, .ofs_x = 3, .ofs_y = 8},
    {.bitmap_index = 7137, .adv_w = 196, .box_w = 12, .box_h = 10, .ofs_x = 0, .ofs_y = 0},
    {.bitmap_index = 7197, .adv_w = 196, .box_w = 11, .box_h = 15, .ofs_x = 1, .ofs_y = -1},
    {.bitmap_index = 7280, .adv_w = 196, .box_w = 11, .box_h = 15, .ofs_x = 1, .ofs_y = -1},
    {.bitmap_index = 7363, .adv_w = 196, .box_w = 12, .box_h = 15, .ofs_x = 0, .ofs_y = -1},
    {.bitmap_index = 7453, .adv_w = 196, .box_w = 10, .box_h = 14, .ofs_x = 1, .ofs_y = -4},
    {.bitmap_index = 7523, .adv_w = 196, .box_w = 12, .box_h = 18, .ofs_x = 0, .ofs_y = 0},
    {.bitmap_index = 7631, .adv_w = 196, .box_w = 12, .box_h = 18, .ofs_x = 0, .ofs_y = 0},
    {.bitmap_index = 7739, .adv_w = 196, .box_w = 12, .box_h = 18, .ofs_x = 0, .ofs_y = 0},
    {.bitmap_index = 7847, .adv_w = 196, .box_w = 12, .box_h = 19, .ofs_x = 0, .ofs_y = 0},
    {.bitmap_index = 7961, .adv_w = 196, .box_w = 12, .box_h = 19, .ofs_x = 0, .ofs_y = 0},
    {.bitmap_index = 8075, .adv_w = 196, .box_w = 12, .box_h = 20, .ofs_x = 0, .ofs_y = 0},
    {.bitmap_index = 8195, .adv_w = 196, .box_w = 12, .box_h = 14, .ofs_x = 0, .ofs_y = 0},
    {.bitmap_index = 8279, .adv_w = 196, .box_w = 12, .box_h = 18, .ofs_x = 0, .ofs_y = -4},
    {.bitmap_index = 8387, .adv_w = 196, .box_w = 10, .box_h = 18, .ofs_x = 1, .ofs_y = 0},
    {.bitmap_index = 8477, .adv_w = 196, .box_w = 10, .box_h = 18, .ofs_x = 1, .ofs_y = 0},
    {.bitmap_index = 8567, .adv_w = 196, .box_w = 10, .box_h = 18, .ofs_x = 1, .ofs_y = 0},
    {.bitmap_index = 8657, .adv_w = 196, .box_w = 10, .box_h = 19, .ofs_x = 1, .ofs_y = 0},
    {.bitmap_index = 8752, .adv_w = 196, .box_w = 10, .box_h = 18, .ofs_x = 1, .ofs_y = 0},
    {.bitmap_index = 8842, .adv_w = 196, .box_w = 10, .box_h = 18, .ofs_x = 1, .ofs_y = 0},
    {.bitmap_index = 8932, .adv_w = 196, .box_w = 10, .box_h = 18, .ofs_x = 1, .ofs_y = 0},
    {.bitmap_index = 9022, .adv_w = 196, .box_w = 10, .box_h = 19, .ofs_x = 1, .ofs_y = 0},
    {.bitmap_index = 9117, .adv_w = 196, .box_w = 12, .box_h = 14, .ofs_x = 0, .ofs_y = 0},
    {.bitmap_index = 9201, .adv_w = 196, .box_w = 11, .box_h = 19, .ofs_x = 1, .ofs_y = 0},
    {.bitmap_index = 9306, .adv_w = 196, .box_w = 12, .box_h = 18, .ofs_x = 0, .ofs_y = 0},
    {.bitmap_index = 9414, .adv_w = 196, .box_w = 12, .box_h = 18, .ofs_x = 0, .ofs_y = 0},
    {.bitmap_index = 9522, .adv_w = 196, .box_w = 12, .box_h = 18, .ofs_x = 0, .ofs_y = 0},
    {.bitmap_index = 9630, .adv_w = 196, .box_w = 12, .box_h = 19, .ofs_x = 0, .ofs_y = 0},
    {.bitmap_index = 9744, .adv_w = 196, .box_w = 12, .box_h = 19, .ofs_x = 0, .ofs_y = 0},
    {.bitmap_index = 9858, .adv_w = 196, .box_w = 10, .box_h = 10, .ofs_x = 1, .ofs_y = 2},
    {.bitmap_index = 9908, .adv_w = 196, .box_w = 12, .box_h = 18, .ofs_x = 0, .ofs_y = -2},
    {.bitmap_index = 10016, .adv_w = 196, .box_w = 11, .box_h = 18, .ofs_x = 1, .ofs_y = 0},
    {.bitmap_index = 10115, .adv_w = 196, .box_w = 11, .box_h = 18, .ofs_x = 1, .ofs_y = 0},
    {.bitmap_index = 10214, .adv_w = 196, .box_w = 11, .box_h = 18, .ofs_x = 1, .ofs_y = 0},
    {.bitmap_index = 10313, .adv_w = 196, .box_w = 11, .box_h = 19, .ofs_x = 1, .ofs_y = 0},
    {.bitmap_index = 10418, .adv_w = 196, .box_w = 13, .box_h = 18, .ofs_x = 0, .ofs_y = 0},
    {.bitmap_index = 10535, .adv_w = 196, .box_w = 11, .box_h = 14, .ofs_x = 1, .ofs_y = 0},
    {.bitmap_index = 10612, .adv_w = 196, .box_w = 12, .box_h = 14, .ofs_x = 0, .ofs_y = 0},
    {.bitmap_index = 10696, .adv_w = 196, .box_w = 12, .box_h = 14, .ofs_x = 0, .ofs_y = 0},
    {.bitmap_index = 10780, .adv_w = 196, .box_w = 12, .box_h = 14, .ofs_x = 0, .ofs_y = 0},
    {.bitmap_index = 10864, .adv_w = 196, .box_w = 12, .box_h = 14, .ofs_x = 0, .ofs_y = 0},
    {.bitmap_index = 10948, .adv_w = 196, .box_w = 12, .box_h = 14, .ofs_x = 0, .ofs_y = 0},
    {.bitmap_index = 11032, .adv_w = 196, .box_w = 12, .box_h = 15, .ofs_x = 0, .ofs_y = 0},
    {.bitmap_index = 11122, .adv_w = 196, .box_w = 12, .box_h = 16, .ofs_x = 0, .ofs_y = 0},
    {.bitmap_index = 11218, .adv_w = 196, .box_w = 11, .box_h = 10, .ofs_x = 1, .ofs_y = 0},
    {.bitmap_index = 11273, .adv_w = 196, .box_w = 11, .box_h = 14, .ofs_x = 1, .ofs_y = -4},
    {.bitmap_index = 11350, .adv_w = 196, .box_w = 11, .box_h = 14, .ofs_x = 1, .ofs_y = 0},
    {.bitmap_index = 11427, .adv_w = 196, .box_w = 11, .box_h = 14, .ofs_x = 1, .ofs_y = 0},
    {.bitmap_index = 11504, .adv_w = 196, .box_w = 11, .box_h = 14, .ofs_x = 1, .ofs_y = 0},
    {.bitmap_index = 11581, .adv_w = 196, .box_w = 11, .box_h = 15, .ofs_x = 1, .ofs_y = 0},
    {.bitmap_index = 11664, .adv_w = 196, .box_w = 10, .box_h = 14, .ofs_x = 1, .ofs_y = 0},
    {.bitmap_index = 11734, .adv_w = 196, .box_w = 10, .box_h = 14, .ofs_x = 1, .ofs_y = 0},
    {.bitmap_index = 11804, .adv_w = 196, .box_w = 10, .box_h = 14, .ofs_x = 1, .ofs_y = 0},
    {.bitmap_index = 11874, .adv_w = 196, .box_w = 10, .box_h = 15, .ofs_x = 1, .ofs_y = 0},
    {.bitmap_index = 11949, .adv_w = 196, .box_w = 12, .box_h = 15, .ofs_x = 0, .ofs_y = 0},
    {.bitmap_index = 12039, .adv_w = 196, .box_w = 10, .box_h = 14, .ofs_x = 1, .ofs_y = 0},
    {.bitmap_index = 12109, .adv_w = 196, .box_w = 12, .box_h = 14, .ofs_x = 0, .ofs_y = 0},
    {.bitmap_index = 12193, .adv_w = 196, .box_w = 12, .box_h = 14, .ofs_x = 0, .ofs_y = 0},
    {.bitmap_index = 12277, .adv_w = 196, .box_w = 12, .box_h = 14, .ofs_x = 0, .ofs_y = 0},
    {.bitmap_index = 12361, .adv_w = 196, .box_w = 12, .box_h = 14, .ofs_x = 0, .ofs_y = 0},
    {.bitmap_index = 12445, .adv_w = 196, .box_w = 12, .box_h = 15, .ofs_x = 0, .ofs_y = 0},
    {.bitmap_index = 12535, .adv_w = 196, .box_w = 10, .box_h = 11, .ofs_x = 1, .ofs_y = 1},
    {.bitmap_index = 12590, .adv_w = 196, .box_w = 12, .box_h = 14, .ofs_x = 0, .ofs_y = -2},
    {.bitmap_index = 12674, .adv_w = 196, .box_w = 10, .box_h = 14, .ofs_x = 1, .ofs_y = 0},
    {.bitmap_index = 12744, .adv_w = 196, .box_w = 10, .box_h = 14, .ofs_x = 1, .ofs_y = 0},
    {.bitmap_index = 12814, .adv_w = 196, .box_w = 10, .box_h = 14, .ofs_x = 1, .ofs_y = 0},
    {.bitmap_index = 12884, .adv_w = 196, .box_w = 10, .box_h = 15, .ofs_x = 1, .ofs_y = 0},
    {.bitmap_index = 12959, .adv_w = 196, .box_w = 10, .box_h = 18, .ofs_x = 1, .ofs_y = -4},
    {.bitmap_index = 13049, .adv_w = 196, .box_w = 12, .box_h = 18, .ofs_x = 0, .ofs_y = -4},
    {.bitmap_index = 13157, .adv_w = 196, .box_w = 10, .box_h = 19, .ofs_x = 1, .ofs_y = -4},
    {.bitmap_index = 13252, .adv_w = 196, .box_w = 6, .box_h = 6, .ofs_x = 3, .ofs_y = 4},
    {.bitmap_index = 13270, .adv_w = 320, .box_w = 20, .box_h = 15, .ofs_x = 0, .ofs_y = 0},
    {.bitmap_index = 13420, .adv_w = 400, .box_w = 25, .box_h = 21, .ofs_x = 0, .ofs_y = -3},
    {.bitmap_index = 13683, .adv_w = 280, .box_w = 18, .box_h = 21, .ofs_x = 0, .ofs_y = -3},
    {.bitmap_index = 13872, .adv_w = 280, .box_w = 18, .box_h = 19, .ofs_x = 0, .ofs_y = -2},
    {.bitmap_index = 14043, .adv_w = 280, .box_w = 18, .box_h = 19, .ofs_x = 0, .ofs_y = -2},
    {.bitmap_index = 14214, .adv_w = 200, .box_w = 13, .box_h = 8, .ofs_x = 0, .ofs_y = 3},
    {.bitmap_index = 14266, .adv_w = 120, .box_w = 8, .box_h = 13, .ofs_x = 0, .ofs_y = 1},
    {.bitmap_index = 14318, .adv_w = 120, .box_w = 7, .box_h = 13, .ofs_x = 0, .ofs_y = 1},
    {.bitmap_index = 14364, .adv_w = 200, .box_w = 14, .box_h = 21, .ofs_x = -1, .ofs_y = -3},
    {.bitmap_index = 14511, .adv_w = 320, .box_w = 20, .box_h = 21, .ofs_x = 0, .ofs_y = -3}
};

/*---------------------
 *  CHARACTER MAPPING
 *--------------------*/

static const uint16_t unicode_list_3[] = {
    0x0, 0xcfea, 0xcff0, 0xd029, 0xd045, 0xd0a6, 0xd0b6, 0xd0b7,
    0xd0b8, 0xd0c5, 0xd0ef
};

/*Collect the unicode lists and glyph_id offsets*/
static const lv_font_fmt_txt_cmap_t cmaps[] =
{
    {
        .range_start = 32, .range_length = 95, .glyph_id_start = 1,
        .unicode_list = NULL, .glyph_id_ofs_list = NULL, .list_length = 0, .type = LV_FONT_FMT_TXT_CMAP_FORMAT0_TINY
    },
    {
        .range_start = 160, .range_length = 13, .glyph_id_start = 96,
        .unicode_list = NULL, .glyph_id_ofs_list = NULL, .list_length = 0, .type = LV_FONT_FMT_TXT_CMAP_FORMAT0_TINY
    },
    {
        .range_start = 174, .range_length = 82, .glyph_id_start = 109,
        .unicode_list = NULL, .glyph_id_ofs_list = NULL, .list_length = 0, .type = LV_FONT_FMT_TXT_CMAP_FORMAT0_TINY
    },
    {
        .range_start = 8226, .range_length = 53488, .glyph_id_start = 191,
        .unicode_list = unicode_list_3, .glyph_id_ofs_list = NULL, .list_length = 11, .type = LV_FONT_FMT_TXT_CMAP_SPARSE_TINY
    }
};



/*--------------------
 *  ALL CUSTOM DATA
 *--------------------*/

#if LVGL_VERSION_MAJOR == 8
/*Store all the custom data of the font*/
static  lv_font_fmt_txt_glyph_cache_t cache;
#endif

#if LVGL_VERSION_MAJOR >= 8
static const lv_font_fmt_txt_dsc_t font_dsc = {
#else
static lv_font_fmt_txt_dsc_t font_dsc = {
#endif
    .glyph_bitmap = glyph_bitmap,
    .glyph_dsc = glyph_dsc,
    .cmaps = cmaps,
    .kern_dsc = NULL,
    .kern_scale = 0,
    .cmap_num = 4,
    .bpp = 4,
    .kern_classes = 0,
    .bitmap_format = 0,
#if LVGL_VERSION_MAJOR == 8
    .cache = &cache
#endif
};



/*-----------------
 *  PUBLIC FONT
 *----------------*/

/*Initialize a public general font descriptor*/
#if LVGL_VERSION_MAJOR >= 8
const lv_font_t kit_mono_20 = {
#else
lv_font_t kit_mono_20 = {
#endif
    .get_glyph_dsc = lv_font_get_glyph_dsc_fmt_txt,    /*Function pointer to get glyph's data*/
    .get_glyph_bitmap = lv_font_get_bitmap_fmt_txt,    /*Function pointer to get glyph's bitmap*/
    .line_height = 25,          /*The maximum line height required by the font*/
    .base_line = 5,             /*Baseline measured from the bottom of the line*/
#if !(LVGL_VERSION_MAJOR == 6 && LVGL_VERSION_MINOR == 0)
    .subpx = LV_FONT_SUBPX_NONE,
#endif
#if LV_VERSION_CHECK(7, 4, 0) || LVGL_VERSION_MAJOR >= 8
    .underline_position = -1,
    .underline_thickness = 1,
#endif
    .dsc = &font_dsc,          /*The custom font data. Will be accessed by `get_glyph_bitmap/dsc` */
#if LV_VERSION_CHECK(8, 2, 0) || LVGL_VERSION_MAJOR >= 9
    .fallback = NULL,
#endif
    .user_data = NULL,
};



#endif /*#if KIT_MONO_20*/

