/*******************************************************************************
 * Size: 28 px
 * Bpp: 4
 * Opts: --no-compress --no-prefilter --bpp 4 --format lvgl --force-fast-kern-format --size 28 --font a700.woff -r 0x20-0x7F,0xA0-0xFF,0x2022 -o kit_sans_28.c
 ******************************************************************************/

#include "lvgl.h"

#ifndef KIT_SANS_28
#define KIT_SANS_28 1
#endif

#if KIT_SANS_28

/*-----------------
 *    BITMAPS
 *----------------*/

/*Store the image of the glyphs*/
static LV_ATTRIBUTE_LARGE_CONST const uint8_t glyph_bitmap[] = {
    /* U+0020 " " */

    /* U+0021 "!" */
    0xef, 0xff, 0x5d, 0xff, 0xf4, 0xcf, 0xff, 0x3b,
    0xff, 0xf2, 0xaf, 0xff, 0x19, 0xff, 0xf0, 0x7f,
    0xff, 0x6, 0xff, 0xd0, 0x5f, 0xfc, 0x4, 0xff,
    0xb0, 0x3f, 0xfa, 0x2, 0xff, 0x90, 0x1f, 0xf8,
    0x0, 0x88, 0x30, 0x0, 0x0, 0xb, 0xee, 0xe3,
    0xcf, 0xff, 0x3c, 0xff, 0xf3, 0xcf, 0xff, 0x30,

    /* U+0022 "\"" */
    0x4f, 0xff, 0x80, 0xaf, 0xff, 0x24, 0xff, 0xf8,
    0xa, 0xff, 0xf2, 0x4f, 0xff, 0x80, 0xaf, 0xff,
    0x24, 0xff, 0xf8, 0xa, 0xff, 0xf2, 0x3f, 0xff,
    0x60, 0x9f, 0xff, 0x10, 0xff, 0xf3, 0x6, 0xff,
    0xe0, 0xe, 0xff, 0x0, 0x3f, 0xfa, 0x0, 0x9d,
    0xa0, 0x0, 0xdd, 0x60,

    /* U+0023 "#" */
    0x0, 0x0, 0x2, 0xff, 0xc0, 0x0, 0xef, 0xf0,
    0x0, 0x0, 0x0, 0x6f, 0xf8, 0x0, 0x2f, 0xfc,
    0x0, 0x0, 0x0, 0xa, 0xff, 0x40, 0x6, 0xff,
    0x80, 0x0, 0x0, 0x0, 0xef, 0xf0, 0x0, 0xaf,
    0xf4, 0x0, 0x0, 0x0, 0x2f, 0xfc, 0x0, 0xe,
    0xff, 0x0, 0x0, 0x1f, 0xff, 0xff, 0xff, 0xff,
    0xff, 0xff, 0xf2, 0x1, 0xff, 0xff, 0xff, 0xff,
    0xff, 0xff, 0xff, 0x20, 0xd, 0xdf, 0xff, 0xdd,
    0xde, 0xff, 0xed, 0xd2, 0x0, 0x0, 0xff, 0xe0,
    0x0, 0xbf, 0xf3, 0x0, 0x0, 0x0, 0x3f, 0xfa,
    0x0, 0xf, 0xff, 0x0, 0x0, 0x0, 0x7, 0xff,
    0x70, 0x3, 0xff, 0xb0, 0x0, 0x4, 0xcc, 0xef,
    0xfd, 0xcc, 0xdf, 0xfe, 0xcb, 0x0, 0x5f, 0xff,
    0xff, 0xff, 0xff, 0xff, 0xff, 0xe0, 0x5, 0xff,
    0xff, 0xff, 0xff, 0xff, 0xff, 0xfe, 0x0, 0x0,
    0x5f, 0xf9, 0x0, 0x1f, 0xfe, 0x0, 0x0, 0x0,
    0x8, 0xff, 0x60, 0x4, 0xff, 0xa0, 0x0, 0x0,
    0x0, 0xcf, 0xf2, 0x0, 0x7f, 0xf7, 0x0, 0x0,
    0x0, 0xf, 0xff, 0x0, 0xb, 0xff, 0x30, 0x0,
    0x0, 0x2, 0xff, 0xc0, 0x0, 0xef, 0xf0, 0x0,
    0x0, 0x0,

    /* U+0024 "$" */
    0x0, 0x0, 0x0, 0xfa, 0x0, 0x0, 0x0, 0x0,
    0x0, 0x0, 0xfa, 0x0, 0x0, 0x0, 0x0, 0x0,
    0x0, 0xfa, 0x0, 0x0, 0x0, 0x0, 0x18, 0xdf,
    0xff, 0xec, 0x60, 0x0, 0x4, 0xff, 0xff, 0xff,
    0xff, 0xfd, 0x10, 0x1f, 0xff, 0xfe, 0xff, 0xff,
    0xff, 0xb0, 0x7f, 0xff, 0x80, 0xfa, 0x2e, 0xff,
    0xf0, 0x8f, 0xff, 0x70, 0xfa, 0x5, 0x99, 0x90,
    0x6f, 0xff, 0xfc, 0xfa, 0x0, 0x0, 0x0, 0x1e,
    0xff, 0xff, 0xff, 0xea, 0x50, 0x0, 0x2, 0xcf,
    0xff, 0xff, 0xff, 0xfe, 0x30, 0x0, 0x3, 0x8c,
    0xff, 0xff, 0xff, 0xf1, 0x0, 0x0, 0x0, 0xfc,
    0xaf, 0xff, 0xf6, 0x9b, 0xb9, 0x0, 0xfa, 0x8,
    0xff, 0xf8, 0xcf, 0xff, 0x40, 0xfa, 0x8, 0xff,
    0xf6, 0x7f, 0xff, 0xfb, 0xfd, 0xdf, 0xff, 0xf1,
    0xb, 0xff, 0xff, 0xff, 0xff, 0xff, 0x60, 0x0,
    0x6c, 0xff, 0xff, 0xff, 0xb4, 0x0, 0x0, 0x0,
    0x2, 0xfb, 0x20, 0x0, 0x0, 0x0, 0x0, 0x0,
    0xfa, 0x0, 0x0, 0x0, 0x0, 0x0, 0x0, 0xfa,
    0x0, 0x0, 0x0, 0x0, 0x0, 0x0, 0xd8, 0x0,
    0x0, 0x0,

    /* U+0025 "%" */
    0x1, 0x8d, 0xff, 0xd7, 0x0, 0x0, 0x0, 0x0,
    0x4f, 0xf7, 0x0, 0x0, 0xd, 0xff, 0xff, 0xff,
    0xc0, 0x0, 0x0, 0x1, 0xef, 0xc0, 0x0, 0x0,
    0x6f, 0xfb, 0x22, 0xcf, 0xf4, 0x0, 0x0, 0xb,
    0xfe, 0x10, 0x0, 0x0, 0xaf, 0xf3, 0x0, 0x5f,
    0xf8, 0x0, 0x0, 0x6f, 0xf5, 0x0, 0x0, 0x0,
    0xbf, 0xf2, 0x0, 0x3f, 0xf9, 0x0, 0x2, 0xff,
    0xa0, 0x0, 0x0, 0x0, 0xaf, 0xf3, 0x0, 0x4f,
    0xf8, 0x0, 0xd, 0xfd, 0x0, 0x0, 0x0, 0x0,
    0x6f, 0xfa, 0x11, 0xbf, 0xf5, 0x0, 0x9f, 0xf3,
    0x0, 0x0, 0x0, 0x0, 0x1e, 0xff, 0xff, 0xff,
    0xc0, 0x4, 0xff, 0x70, 0x0, 0x0, 0x0, 0x0,
    0x1, 0xaf, 0xff, 0xe9, 0x10, 0x1e, 0xfc, 0x0,
    0x0, 0x0, 0x0, 0x0, 0x0, 0x0, 0x0, 0x0,
    0x0, 0xbf, 0xe1, 0x4, 0xbe, 0xfe, 0xa2, 0x0,
    0x0, 0x0, 0x0, 0x0, 0x6, 0xff, 0x50, 0x6f,
    0xff, 0xff, 0xff, 0x20, 0x0, 0x0, 0x0, 0x0,
    0x2f, 0xf9, 0x0, 0xef, 0xf5, 0x18, 0xff, 0xa0,
    0x0, 0x0, 0x0, 0x0, 0xdf, 0xd0, 0x2, 0xff,
    0xb0, 0x0, 0xff, 0xe0, 0x0, 0x0, 0x0, 0x9,
    0xff, 0x30, 0x4, 0xff, 0x80, 0x0, 0xdf, 0xf0,
    0x0, 0x0, 0x0, 0x4f, 0xf7, 0x0, 0x4, 0xff,
    0x80, 0x0, 0xdf, 0xf0, 0x0, 0x0, 0x1, 0xef,
    0xc0, 0x0, 0x2, 0xff, 0xb0, 0x0, 0xff, 0xe0,
    0x0, 0x0, 0xb, 0xfe, 0x10, 0x0, 0x0, 0xef,
    0xf5, 0x18, 0xff, 0xa0, 0x0, 0x0, 0x6f, 0xf5,
    0x0, 0x0, 0x0, 0x5f, 0xff, 0xff, 0xff, 0x20,
    0x0, 0x2, 0xff, 0x90, 0x0, 0x0, 0x0, 0x4,
    0xbe, 0xfe, 0xa2, 0x0,

    /* U+0026 "&" */
    0x0, 0x0, 0x59, 0xce, 0xff, 0xec, 0x82, 0x0,
    0x0, 0x0, 0x0, 0x3d, 0xff, 0xff, 0xff, 0xff,
    0xff, 0xa0, 0x0, 0x0, 0x3, 0xff, 0xff, 0xff,
    0xff, 0xff, 0xff, 0xfc, 0x0, 0x0, 0xb, 0xff,
    0xfe, 0x72, 0x0, 0x26, 0xef, 0xff, 0x50, 0x0,
    0xd, 0xff, 0xf4, 0x0, 0x0, 0x0, 0x4f, 0xff,
    0x90, 0x0, 0xc, 0xff, 0xf2, 0x0, 0x0, 0x0,
    0x4, 0x44, 0x20, 0x0, 0x4, 0xff, 0xfc, 0x30,
    0x0, 0x0, 0x0, 0x0, 0x0, 0x0, 0x0, 0x5e,
    0xff, 0xff, 0xff, 0x30, 0x2f, 0xff, 0xff, 0xf7,
    0x0, 0x4, 0xef, 0xff, 0xff, 0x30, 0x2f, 0xff,
    0xff, 0xf7, 0x0, 0xaf, 0xff, 0xff, 0xff, 0x30,
    0x2f, 0xff, 0xff, 0xf7, 0xa, 0xff, 0xfb, 0x31,
    0x0, 0x0, 0x2f, 0xff, 0xa0, 0x0, 0x1f, 0xff,
    0xe0, 0x0, 0x0, 0x0, 0x2f, 0xff, 0xa0, 0x0,
    0x5f, 0xff, 0xa0, 0x0, 0x0, 0x0, 0x2f, 0xff,
    0xa0, 0x0, 0x5f, 0xff, 0xb0, 0x0, 0x0, 0x0,
    0x3f, 0xff, 0x80, 0x0, 0x3f, 0xff, 0xf1, 0x0,
    0x0, 0x0, 0x9f, 0xff, 0x50, 0x0, 0xd, 0xff,
    0xfe, 0x62, 0x1, 0x39, 0xff, 0xfe, 0x0, 0x0,
    0x3, 0xff, 0xff, 0xff, 0xff, 0xff, 0xff, 0xf5,
    0x0, 0x0, 0x0, 0x3d, 0xff, 0xff, 0xff, 0xff,
    0xfe, 0x50, 0x0, 0x0, 0x0, 0x0, 0x49, 0xde,
    0xff, 0xdb, 0x61, 0x0, 0x0, 0x0,

    /* U+0027 "'" */
    0x4f, 0xff, 0x84, 0xff, 0xf8, 0x4f, 0xff, 0x84,
    0xff, 0xf8, 0x3f, 0xff, 0x60, 0xff, 0xf3, 0xe,
    0xff, 0x0, 0x9d, 0xa0,

    /* U+0028 "(" */
    0x0, 0x0, 0xd, 0xfb, 0x0, 0x0, 0xa, 0xff,
    0x20, 0x0, 0x5, 0xff, 0xa0, 0x0, 0x0, 0xef,
    0xf3, 0x0, 0x0, 0x7f, 0xfc, 0x0, 0x0, 0xe,
    0xff, 0x70, 0x0, 0x4, 0xff, 0xf2, 0x0, 0x0,
    0x9f, 0xfe, 0x0, 0x0, 0xd, 0xff, 0xa0, 0x0,
    0x0, 0xff, 0xf8, 0x0, 0x0, 0x2f, 0xff, 0x50,
    0x0, 0x3, 0xff, 0xf5, 0x0, 0x0, 0x4f, 0xff,
    0x40, 0x0, 0x3, 0xff, 0xf5, 0x0, 0x0, 0x2f,
    0xff, 0x60, 0x0, 0x0, 0xff, 0xf8, 0x0, 0x0,
    0xc, 0xff, 0xb0, 0x0, 0x0, 0x8f, 0xfe, 0x0,
    0x0, 0x3, 0xff, 0xf2, 0x0, 0x0, 0xd, 0xff,
    0x70, 0x0, 0x0, 0x6f, 0xfd, 0x0, 0x0, 0x0,
    0xdf, 0xf4, 0x0, 0x0, 0x4, 0xff, 0xb0, 0x0,
    0x0, 0x9, 0xff, 0x30, 0x0, 0x0, 0xb, 0xeb,
    0x0,

    /* U+0029 ")" */
    0x8f, 0xe2, 0x0, 0x0, 0xe, 0xfc, 0x0, 0x0,
    0x7, 0xff, 0x80, 0x0, 0x1, 0xff, 0xf2, 0x0,
    0x0, 0xaf, 0xf9, 0x0, 0x0, 0x4f, 0xff, 0x10,
    0x0, 0xf, 0xff, 0x60, 0x0, 0xb, 0xff, 0xb0,
    0x0, 0x7, 0xff, 0xf0, 0x0, 0x5, 0xff, 0xf3,
    0x0, 0x3, 0xff, 0xf5, 0x0, 0x2, 0xff, 0xf6,
    0x0, 0x1, 0xff, 0xf7, 0x0, 0x2, 0xff, 0xf6,
    0x0, 0x3, 0xff, 0xf5, 0x0, 0x5, 0xff, 0xf3,
    0x0, 0x8, 0xff, 0xf0, 0x0, 0xb, 0xff, 0xb0,
    0x0, 0xf, 0xff, 0x60, 0x0, 0x4f, 0xff, 0x10,
    0x0, 0xaf, 0xf9, 0x0, 0x1, 0xff, 0xf1, 0x0,
    0x8, 0xff, 0x70, 0x0, 0x1e, 0xfc, 0x0, 0x0,
    0x8e, 0xd1, 0x0, 0x0,

    /* U+002A "*" */
    0x0, 0x0, 0x5f, 0xc0, 0x0, 0x0, 0x2, 0x4,
    0xfa, 0x0, 0x30, 0x8, 0xf6, 0x3f, 0x92, 0xce,
    0x0, 0xbf, 0xfb, 0xfc, 0xff, 0xe3, 0x0, 0x3b,
    0xff, 0xfe, 0x60, 0x0, 0x3, 0xbf, 0xff, 0xd6,
    0x0, 0xb, 0xff, 0xbf, 0xcf, 0xfe, 0x30, 0x8f,
    0x63, 0xf9, 0x2c, 0xe0, 0x0, 0x20, 0x4f, 0xa0,
    0x3, 0x0, 0x0, 0x5, 0xfc, 0x0, 0x0, 0x0,
    0x0, 0x0, 0x0, 0x0, 0x0,

    /* U+002B "+" */
    0x0, 0x0, 0x8, 0xff, 0x70, 0x0, 0x0, 0x0,
    0x0, 0x8, 0xff, 0x70, 0x0, 0x0, 0x0, 0x0,
    0x8, 0xff, 0x70, 0x0, 0x0, 0x0, 0x0, 0x8,
    0xff, 0x70, 0x0, 0x0, 0x0, 0x0, 0x8, 0xff,
    0x70, 0x0, 0x0, 0x0, 0x0, 0x8, 0xff, 0x70,
    0x0, 0x0, 0xbf, 0xff, 0xff, 0xff, 0xff, 0xff,
    0xfb, 0xcf, 0xff, 0xff, 0xff, 0xff, 0xff, 0xfc,
    0xcf, 0xff, 0xff, 0xff, 0xff, 0xff, 0xfc, 0x0,
    0x0, 0x8, 0xff, 0x70, 0x0, 0x0, 0x0, 0x0,
    0x8, 0xff, 0x70, 0x0, 0x0, 0x0, 0x0, 0x8,
    0xff, 0x70, 0x0, 0x0, 0x0, 0x0, 0x8, 0xff,
    0x70, 0x0, 0x0, 0x0, 0x0, 0x8, 0xff, 0x70,
    0x0, 0x0, 0x0, 0x0, 0x8, 0xff, 0x70, 0x0,
    0x0,

    /* U+002C "," */
    0xbf, 0xff, 0x5b, 0xff, 0xf5, 0xbf, 0xff, 0x5b,
    0xff, 0xf5, 0x0, 0xdf, 0x30, 0x1f, 0xf1, 0xb,
    0xf9, 0xe, 0xfb, 0x0, 0x84, 0x0, 0x0,

    /* U+002D "-" */
    0x56, 0x66, 0x66, 0x61, 0xef, 0xff, 0xff, 0xf3,
    0xef, 0xff, 0xff, 0xf3, 0xef, 0xff, 0xff, 0xf3,

    /* U+002E "." */
    0xbf, 0xff, 0x5b, 0xff, 0xf5, 0xbf, 0xff, 0x5b,
    0xff, 0xf5,

    /* U+002F "/" */
    0x0, 0x0, 0x6, 0xff, 0x40, 0x0, 0x0, 0xaf,
    0xf0, 0x0, 0x0, 0xe, 0xfc, 0x0, 0x0, 0x2,
    0xff, 0x70, 0x0, 0x0, 0x7f, 0xf3, 0x0, 0x0,
    0xb, 0xff, 0x0, 0x0, 0x0, 0xff, 0xb0, 0x0,
    0x0, 0x3f, 0xf7, 0x0, 0x0, 0x7, 0xff, 0x20,
    0x0, 0x0, 0xbf, 0xe0, 0x0, 0x0, 0xf, 0xfa,
    0x0, 0x0, 0x4, 0xff, 0x60, 0x0, 0x0, 0x8f,
    0xf2, 0x0, 0x0, 0xc, 0xfe, 0x0, 0x0, 0x0,
    0xff, 0x90, 0x0, 0x0, 0x4f, 0xf5, 0x0, 0x0,
    0x9, 0xff, 0x10, 0x0, 0x0, 0xdf, 0xd0, 0x0,
    0x0, 0x1f, 0xf9, 0x0, 0x0, 0x5, 0xff, 0x40,
    0x0, 0x0, 0x9f, 0xf0, 0x0, 0x0, 0xd, 0xfc,
    0x0, 0x0, 0x0,

    /* U+0030 "0" */
    0x0, 0x1, 0x8d, 0xef, 0xeb, 0x60, 0x0, 0x0,
    0x5, 0xff, 0xff, 0xff, 0xff, 0xd1, 0x0, 0x2,
    0xff, 0xff, 0xff, 0xff, 0xff, 0xc0, 0x0, 0xbf,
    0xff, 0xa1, 0x3, 0xdf, 0xff, 0x50, 0x1f, 0xff,
    0xe0, 0x0, 0x3, 0xff, 0xfb, 0x4, 0xff, 0xf9,
    0x0, 0x0, 0xe, 0xff, 0xf0, 0x7f, 0xff, 0x60,
    0x0, 0x0, 0xcf, 0xff, 0x19, 0xff, 0xf5, 0x0,
    0x0, 0xa, 0xff, 0xf3, 0x9f, 0xff, 0x40, 0x0,
    0x0, 0xaf, 0xff, 0x4a, 0xff, 0xf4, 0x0, 0x0,
    0xa, 0xff, 0xf4, 0x9f, 0xff, 0x40, 0x0, 0x0,
    0xaf, 0xff, 0x49, 0xff, 0xf5, 0x0, 0x0, 0xa,
    0xff, 0xf3, 0x7f, 0xff, 0x60, 0x0, 0x0, 0xcf,
    0xff, 0x14, 0xff, 0xf9, 0x0, 0x0, 0xe, 0xff,
    0xf0, 0x1f, 0xff, 0xd0, 0x0, 0x3, 0xff, 0xfb,
    0x0, 0xbf, 0xff, 0xa2, 0x3, 0xdf, 0xff, 0x50,
    0x2, 0xff, 0xff, 0xff, 0xff, 0xff, 0xc0, 0x0,
    0x5, 0xff, 0xff, 0xff, 0xff, 0xd1, 0x0, 0x0,
    0x1, 0x8d, 0xff, 0xeb, 0x60, 0x0, 0x0,

    /* U+0031 "1" */
    0x0, 0x0, 0x0, 0x7e, 0xf5, 0x0, 0x0, 0x0,
    0x4, 0x9e, 0xff, 0xf5, 0x0, 0x0, 0x2b, 0xff,
    0xff, 0xff, 0xf5, 0x0, 0x0, 0x3f, 0xff, 0xff,
    0xff, 0xf5, 0x0, 0x0, 0x2b, 0xbb, 0xbe, 0xff,
    0xf5, 0x0, 0x0, 0x0, 0x0, 0x9, 0xff, 0xf5,
    0x0, 0x0, 0x0, 0x0, 0x9, 0xff, 0xf5, 0x0,
    0x0, 0x0, 0x0, 0x9, 0xff, 0xf5, 0x0, 0x0,
    0x0, 0x0, 0x9, 0xff, 0xf5, 0x0, 0x0, 0x0,
    0x0, 0x9, 0xff, 0xf5, 0x0, 0x0, 0x0, 0x0,
    0x9, 0xff, 0xf5, 0x0, 0x0, 0x0, 0x0, 0x9,
    0xff, 0xf5, 0x0, 0x0, 0x0, 0x0, 0x9, 0xff,
    0xf5, 0x0, 0x0, 0x0, 0x0, 0x9, 0xff, 0xf5,
    0x0, 0x0, 0x0, 0x0, 0x9, 0xff, 0xf5, 0x0,
    0x0, 0x2, 0x22, 0x2a, 0xff, 0xf6, 0x22, 0x21,
    0x3f, 0xff, 0xff, 0xff, 0xff, 0xff, 0xf9, 0x3f,
    0xff, 0xff, 0xff, 0xff, 0xff, 0xf9, 0x3f, 0xff,
    0xff, 0xff, 0xff, 0xff, 0xf9,

    /* U+0032 "2" */
    0x0, 0x1, 0x7c, 0xef, 0xfd, 0x92, 0x0, 0x0,
    0x6, 0xff, 0xff, 0xff, 0xff, 0xf7, 0x0, 0x5,
    0xff, 0xff, 0xff, 0xff, 0xff, 0xf5, 0x0, 0xef,
    0xff, 0xa3, 0x13, 0xbf, 0xff, 0xd0, 0x3f, 0xff,
    0xb0, 0x0, 0x0, 0xef, 0xff, 0x15, 0xff, 0xf7,
    0x0, 0x0, 0xc, 0xff, 0xf3, 0x4d, 0xdd, 0x50,
    0x0, 0x0, 0xef, 0xff, 0x10, 0x0, 0x0, 0x0,
    0x0, 0x6f, 0xff, 0xd0, 0x0, 0x0, 0x0, 0x0,
    0x4f, 0xff, 0xf5, 0x0, 0x0, 0x0, 0x0, 0x6f,
    0xff, 0xfa, 0x0, 0x0, 0x0, 0x0, 0xaf, 0xff,
    0xfb, 0x0, 0x0, 0x0, 0x2, 0xdf, 0xff, 0xf8,
    0x0, 0x0, 0x0, 0x5, 0xff, 0xff, 0xe4, 0x0,
    0x0, 0x0, 0x6, 0xff, 0xff, 0xb1, 0x0, 0x0,
    0x0, 0x5, 0xff, 0xff, 0x60, 0x0, 0x0, 0x0,
    0x0, 0xef, 0xff, 0xc7, 0x77, 0x77, 0x77, 0x72,
    0x5f, 0xff, 0xff, 0xff, 0xff, 0xff, 0xff, 0x68,
    0xff, 0xff, 0xff, 0xff, 0xff, 0xff, 0xf6, 0x9f,
    0xff, 0xff, 0xff, 0xff, 0xff, 0xff, 0x60,

    /* U+0033 "3" */
    0x0, 0x3, 0x9d, 0xef, 0xec, 0x82, 0x0, 0x0,
    0xa, 0xff, 0xff, 0xff, 0xff, 0xf7, 0x0, 0xa,
    0xff, 0xff, 0xff, 0xff, 0xff, 0xf5, 0x1, 0xff,
    0xff, 0x62, 0x13, 0xbf, 0xff, 0xc0, 0x4f, 0xff,
    0x80, 0x0, 0x1, 0xff, 0xff, 0x1, 0x44, 0x41,
    0x0, 0x0, 0x1f, 0xff, 0xd0, 0x0, 0x0, 0x0,
    0x0, 0x2b, 0xff, 0xf6, 0x0, 0x0, 0x0, 0x6e,
    0xff, 0xff, 0xf7, 0x0, 0x0, 0x0, 0x7, 0xff,
    0xff, 0xf6, 0x0, 0x0, 0x0, 0x0, 0x7f, 0xff,
    0xff, 0xfb, 0x0, 0x0, 0x0, 0x0, 0x0, 0x3b,
    0xff, 0xf9, 0x0, 0x0, 0x0, 0x0, 0x0, 0xd,
    0xff, 0xf1, 0x46, 0x66, 0x0, 0x0, 0x0, 0xaf,
    0xff, 0x4b, 0xff, 0xf1, 0x0, 0x0, 0xa, 0xff,
    0xf5, 0x9f, 0xff, 0x50, 0x0, 0x0, 0xef, 0xff,
    0x33, 0xff, 0xfe, 0x61, 0x3, 0xbf, 0xff, 0xe0,
    0xa, 0xff, 0xff, 0xff, 0xff, 0xff, 0xf5, 0x0,
    0xa, 0xff, 0xff, 0xff, 0xff, 0xf6, 0x0, 0x0,
    0x3, 0x9d, 0xef, 0xec, 0x71, 0x0, 0x0,

    /* U+0034 "4" */
    0x0, 0x0, 0x2, 0xff, 0xfd, 0x0, 0x0, 0x0,
    0x0, 0x0, 0x6, 0xff, 0xf9, 0x0, 0x0, 0x0,
    0x0, 0x0, 0xb, 0xff, 0xf3, 0x8, 0xd4, 0x0,
    0x0, 0x0, 0x1f, 0xff, 0xd0, 0xe, 0xf4, 0x0,
    0x0, 0x0, 0x7f, 0xff, 0x60, 0x5f, 0xf4, 0x0,
    0x0, 0x0, 0xdf, 0xfe, 0x0, 0xbf, 0xf4, 0x0,
    0x0, 0x5, 0xff, 0xf7, 0x3, 0xff, 0xf4, 0x0,
    0x0, 0xc, 0xff, 0xe0, 0x8, 0xff, 0xf4, 0x0,
    0x0, 0x3f, 0xff, 0x50, 0x8, 0xff, 0xf4, 0x0,
    0x0, 0xcf, 0xfc, 0x0, 0x8, 0xff, 0xf4, 0x0,
    0x6, 0xff, 0xf2, 0x0, 0x8, 0xff, 0xf4, 0x0,
    0xe, 0xff, 0x71, 0x11, 0x19, 0xff, 0xf5, 0x11,
    0x3f, 0xff, 0xff, 0xff, 0xff, 0xff, 0xff, 0xfc,
    0x3f, 0xff, 0xff, 0xff, 0xff, 0xff, 0xff, 0xfc,
    0x3f, 0xff, 0xff, 0xff, 0xff, 0xff, 0xff, 0xfc,
    0x0, 0x0, 0x0, 0x0, 0x8, 0xff, 0xf4, 0x0,
    0x0, 0x0, 0x0, 0x0, 0x8, 0xff, 0xf4, 0x0,
    0x0, 0x0, 0x0, 0x0, 0x8, 0xff, 0xf4, 0x0,
    0x0, 0x0, 0x0, 0x0, 0x8, 0xff, 0xf4, 0x0,

    /* U+0035 "5" */
    0x5, 0xff, 0xff, 0xff, 0xff, 0xff, 0xf4, 0x0,
    0x6f, 0xff, 0xff, 0xff, 0xff, 0xff, 0x40, 0x7,
    0xff, 0xff, 0xff, 0xff, 0xff, 0xf4, 0x0, 0x8f,
    0xff, 0x66, 0x66, 0x66, 0x66, 0x10, 0xa, 0xff,
    0xe0, 0x0, 0x0, 0x0, 0x0, 0x0, 0xbf, 0xfc,
    0x0, 0x0, 0x0, 0x0, 0x0, 0xc, 0xff, 0xb3,
    0xac, 0xec, 0x92, 0x0, 0x0, 0xdf, 0xff, 0xff,
    0xff, 0xff, 0xf6, 0x0, 0xf, 0xff, 0xff, 0xff,
    0xff, 0xff, 0xf4, 0x0, 0xff, 0xff, 0x92, 0x3,
    0xcf, 0xff, 0xc0, 0x2, 0x46, 0x50, 0x0, 0x1,
    0xff, 0xff, 0x20, 0x0, 0x0, 0x0, 0x0, 0xb,
    0xff, 0xf4, 0x45, 0x55, 0x0, 0x0, 0x0, 0xaf,
    0xff, 0x5a, 0xff, 0xf2, 0x0, 0x0, 0xc, 0xff,
    0xf3, 0x8f, 0xff, 0x80, 0x0, 0x2, 0xff, 0xff,
    0x12, 0xff, 0xff, 0x71, 0x4, 0xdf, 0xff, 0xa0,
    0x8, 0xff, 0xff, 0xff, 0xff, 0xff, 0xe1, 0x0,
    0x8, 0xff, 0xff, 0xff, 0xff, 0xd3, 0x0, 0x0,
    0x2, 0x8d, 0xef, 0xeb, 0x60, 0x0, 0x0,

    /* U+0036 "6" */
    0x0, 0x0, 0x7c, 0xef, 0xec, 0x81, 0x0, 0x0,
    0x2, 0xef, 0xff, 0xff, 0xff, 0xf5, 0x0, 0x0,
    0xef, 0xff, 0xff, 0xff, 0xff, 0xf2, 0x0, 0x8f,
    0xff, 0xa2, 0x1, 0xaf, 0xff, 0x90, 0xe, 0xff,
    0xd0, 0x0, 0x0, 0xff, 0xfd, 0x2, 0xff, 0xf8,
    0x0, 0x0, 0x3, 0x44, 0x40, 0x5f, 0xff, 0x61,
    0x8c, 0xdc, 0x93, 0x0, 0x8, 0xff, 0xfa, 0xff,
    0xff, 0xff, 0xf8, 0x0, 0x8f, 0xff, 0xff, 0xff,
    0xff, 0xff, 0xf6, 0x9, 0xff, 0xff, 0xc3, 0x2,
    0xaf, 0xff, 0xf0, 0x9f, 0xff, 0xe0, 0x0, 0x0,
    0xdf, 0xff, 0x48, 0xff, 0xfa, 0x0, 0x0, 0x7,
    0xff, 0xf7, 0x7f, 0xff, 0x80, 0x0, 0x0, 0x6f,
    0xff, 0x84, 0xff, 0xfa, 0x0, 0x0, 0x7, 0xff,
    0xf6, 0x1f, 0xff, 0xe0, 0x0, 0x0, 0xdf, 0xff,
    0x30, 0xaf, 0xff, 0xb3, 0x2, 0xaf, 0xff, 0xd0,
    0x1, 0xff, 0xff, 0xff, 0xff, 0xff, 0xf3, 0x0,
    0x3, 0xef, 0xff, 0xff, 0xff, 0xe5, 0x0, 0x0,
    0x0, 0x7c, 0xef, 0xec, 0x71, 0x0, 0x0,

    /* U+0037 "7" */
    0xbf, 0xff, 0xff, 0xff, 0xff, 0xff, 0xff, 0x8b,
    0xff, 0xff, 0xff, 0xff, 0xff, 0xff, 0xf8, 0xbf,
    0xff, 0xff, 0xff, 0xff, 0xff, 0xff, 0x55, 0x77,
    0x77, 0x77, 0x77, 0xaf, 0xff, 0x90, 0x0, 0x0,
    0x0, 0x0, 0x1e, 0xff, 0xc0, 0x0, 0x0, 0x0,
    0x0, 0xc, 0xff, 0xf2, 0x0, 0x0, 0x0, 0x0,
    0x8, 0xff, 0xf6, 0x0, 0x0, 0x0, 0x0, 0x2,
    0xff, 0xfb, 0x0, 0x0, 0x0, 0x0, 0x0, 0xaf,
    0xff, 0x30, 0x0, 0x0, 0x0, 0x0, 0x3f, 0xff,
    0xa0, 0x0, 0x0, 0x0, 0x0, 0xc, 0xff, 0xf2,
    0x0, 0x0, 0x0, 0x0, 0x3, 0xff, 0xfb, 0x0,
    0x0, 0x0, 0x0, 0x0, 0xaf, 0xff, 0x50, 0x0,
    0x0, 0x0, 0x0, 0xe, 0xff, 0xf0, 0x0, 0x0,
    0x0, 0x0, 0x3, 0xff, 0xfc, 0x0, 0x0, 0x0,
    0x0, 0x0, 0x7f, 0xff, 0x90, 0x0, 0x0, 0x0,
    0x0, 0xa, 0xff, 0xf7, 0x0, 0x0, 0x0, 0x0,
    0x0, 0xbf, 0xff, 0x60, 0x0, 0x0, 0x0, 0x0,
    0xc, 0xff, 0xf6, 0x0, 0x0, 0x0, 0x0,

    /* U+0038 "8" */
    0x0, 0x3, 0x9d, 0xef, 0xec, 0x71, 0x0, 0x0,
    0x9, 0xff, 0xff, 0xff, 0xff, 0xf5, 0x0, 0x8,
    0xff, 0xff, 0xff, 0xff, 0xff, 0xf3, 0x0, 0xff,
    0xff, 0x61, 0x2, 0xaf, 0xff, 0xb0, 0x3f, 0xff,
    0xa0, 0x0, 0x0, 0xff, 0xfd, 0x2, 0xff, 0xf9,
    0x0, 0x0, 0xe, 0xff, 0xc0, 0xc, 0xff, 0xf5,
    0x0, 0x19, 0xff, 0xf7, 0x0, 0x2e, 0xff, 0xff,
    0xff, 0xff, 0xfb, 0x0, 0x0, 0x2f, 0xff, 0xff,
    0xff, 0xfb, 0x0, 0x0, 0x3e, 0xff, 0xff, 0xff,
    0xff, 0xfc, 0x0, 0x1f, 0xff, 0xf8, 0x20, 0x3b,
    0xff, 0xfb, 0x8, 0xff, 0xf9, 0x0, 0x0, 0xd,
    0xff, 0xf2, 0xbf, 0xff, 0x40, 0x0, 0x0, 0x9f,
    0xff, 0x5c, 0xff, 0xf4, 0x0, 0x0, 0x9, 0xff,
    0xf6, 0xaf, 0xff, 0x80, 0x0, 0x0, 0xdf, 0xff,
    0x45, 0xff, 0xff, 0x71, 0x2, 0xbf, 0xff, 0xe0,
    0xc, 0xff, 0xff, 0xff, 0xff, 0xff, 0xf6, 0x0,
    0x1b, 0xff, 0xff, 0xff, 0xff, 0xf7, 0x0, 0x0,
    0x4, 0xad, 0xef, 0xec, 0x82, 0x0, 0x0,

    /* U+0039 "9" */
    0x0, 0x4, 0x9d, 0xff, 0xea, 0x50, 0x0, 0x0,
    0xa, 0xff, 0xff, 0xff, 0xff, 0xc1, 0x0, 0xb,
    0xff, 0xff, 0xff, 0xff, 0xff, 0xb0, 0x4, 0xff,
    0xff, 0x60, 0x4, 0xdf, 0xff, 0x50, 0xaf, 0xff,
    0x60, 0x0, 0x3, 0xff, 0xfb, 0xc, 0xff, 0xf1,
    0x0, 0x0, 0xe, 0xff, 0xf0, 0xcf, 0xff, 0x10,
    0x0, 0x0, 0xef, 0xff, 0x2a, 0xff, 0xf6, 0x0,
    0x0, 0x3f, 0xff, 0xf3, 0x5f, 0xff, 0xf5, 0x10,
    0x4d, 0xff, 0xff, 0x40, 0xcf, 0xff, 0xff, 0xff,
    0xff, 0xff, 0xf4, 0x2, 0xcf, 0xff, 0xff, 0xfd,
    0xcf, 0xff, 0x30, 0x0, 0x5a, 0xcd, 0xb6, 0xb,
    0xff, 0xf2, 0x0, 0x0, 0x0, 0x0, 0x0, 0xdf,
    0xff, 0x3, 0xff, 0xf9, 0x0, 0x0, 0xf, 0xff,
    0xd0, 0x1f, 0xff, 0xc0, 0x0, 0x5, 0xff, 0xf9,
    0x0, 0xcf, 0xff, 0x81, 0x4, 0xef, 0xff, 0x30,
    0x4, 0xff, 0xff, 0xff, 0xff, 0xff, 0xa0, 0x0,
    0x6, 0xff, 0xff, 0xff, 0xff, 0xb0, 0x0, 0x0,
    0x2, 0x9d, 0xff, 0xea, 0x40, 0x0, 0x0,

    /* U+003A ":" */
    0x5f, 0xff, 0xb5, 0xff, 0xfb, 0x5f, 0xff, 0xb5,
    0xff, 0xfb, 0x0, 0x0, 0x0, 0x0, 0x0, 0x0,
    0x0, 0x0, 0x0, 0x0, 0x0, 0x0, 0x0, 0x0,
    0x0, 0x0, 0x0, 0x5, 0xff, 0xfb, 0x5f, 0xff,
    0xb5, 0xff, 0xfb, 0x5f, 0xff, 0xb0,

    /* U+003B ";" */
    0x4f, 0xff, 0xc4, 0xff, 0xfc, 0x4f, 0xff, 0xc4,
    0xff, 0xfc, 0x0, 0x0, 0x0, 0x0, 0x0, 0x0,
    0x0, 0x0, 0x0, 0x0, 0x0, 0x0, 0x0, 0x0,
    0x0, 0x0, 0x0, 0x4, 0xff, 0xfc, 0x4f, 0xff,
    0xc4, 0xff, 0xfc, 0x4f, 0xff, 0xc0, 0x5, 0xfb,
    0x0, 0xaf, 0x80, 0x5f, 0xf1, 0x7f, 0xf4, 0x4,
    0x71, 0x0,

    /* U+003C "<" */
    0x0, 0x0, 0x0, 0x0, 0x0, 0x0, 0x2, 0x30,
    0x0, 0x0, 0x0, 0x0, 0x0, 0x5b, 0xf7, 0x0,
    0x0, 0x0, 0x0, 0x18, 0xef, 0xff, 0x70, 0x0,
    0x0, 0x4, 0xaf, 0xff, 0xff, 0xf6, 0x0, 0x1,
    0x7d, 0xff, 0xff, 0xfd, 0x71, 0x0, 0x3a, 0xff,
    0xff, 0xff, 0xa4, 0x0, 0x0, 0x1f, 0xff, 0xff,
    0xc6, 0x0, 0x0, 0x0, 0x1, 0xff, 0xfa, 0x20,
    0x0, 0x0, 0x0, 0x0, 0x1f, 0xff, 0xfa, 0x40,
    0x0, 0x0, 0x0, 0x0, 0xbf, 0xff, 0xff, 0xe8,
    0x20, 0x0, 0x0, 0x0, 0x28, 0xef, 0xff, 0xff,
    0xc6, 0x0, 0x0, 0x0, 0x0, 0x5c, 0xff, 0xff,
    0xff, 0x92, 0x0, 0x0, 0x0, 0x2, 0x9f, 0xff,
    0xff, 0x70, 0x0, 0x0, 0x0, 0x0, 0x6, 0xcf,
    0xf7, 0x0, 0x0, 0x0, 0x0, 0x0, 0x0, 0x39,
    0x60,

    /* U+003D "=" */
    0xbe, 0xee, 0xee, 0xee, 0xee, 0xee, 0xeb, 0xcf,
    0xff, 0xff, 0xff, 0xff, 0xff, 0xfc, 0xcf, 0xff,
    0xff, 0xff, 0xff, 0xff, 0xfc, 0x0, 0x0, 0x0,
    0x0, 0x0, 0x0, 0x0, 0x0, 0x0, 0x0, 0x0,
    0x0, 0x0, 0x0, 0x0, 0x0, 0x0, 0x0, 0x0,
    0x0, 0x0, 0xbf, 0xff, 0xff, 0xff, 0xff, 0xff,
    0xfb, 0xcf, 0xff, 0xff, 0xff, 0xff, 0xff, 0xfc,
    0xcf, 0xff, 0xff, 0xff, 0xff, 0xff, 0xfc,

    /* U+003E ">" */
    0x31, 0x0, 0x0, 0x0, 0x0, 0x0, 0x0, 0x8,
    0xfb, 0x40, 0x0, 0x0, 0x0, 0x0, 0x0, 0x8f,
    0xff, 0xe7, 0x10, 0x0, 0x0, 0x0, 0x7, 0xff,
    0xff, 0xff, 0xa4, 0x0, 0x0, 0x0, 0x2, 0x8e,
    0xff, 0xff, 0xfd, 0x71, 0x0, 0x0, 0x0, 0x4,
    0xaf, 0xff, 0xff, 0xfa, 0x30, 0x0, 0x0, 0x0,
    0x16, 0xcf, 0xff, 0xff, 0x0, 0x0, 0x0, 0x0,
    0x0, 0x3a, 0xff, 0xf0, 0x0, 0x0, 0x0, 0x0,
    0x4b, 0xff, 0xff, 0x0, 0x0, 0x0, 0x28, 0xef,
    0xff, 0xff, 0xb0, 0x0, 0x6, 0xcf, 0xff, 0xff,
    0xe8, 0x20, 0x2, 0xaf, 0xff, 0xff, 0xfc, 0x50,
    0x0, 0x0, 0x8f, 0xff, 0xfe, 0x82, 0x0, 0x0,
    0x0, 0x8, 0xff, 0xc5, 0x0, 0x0, 0x0, 0x0,
    0x0, 0x79, 0x20, 0x0, 0x0, 0x0, 0x0, 0x0,
    0x0,

    /* U+003F "?" */
    0x0, 0x1, 0x6c, 0xef, 0xed, 0x93, 0x0, 0x0,
    0x6, 0xff, 0xff, 0xff, 0xff, 0xf9, 0x0, 0x5,
    0xff, 0xff, 0xff, 0xff, 0xff, 0xf9, 0x0, 0xef,
    0xff, 0xb4, 0x35, 0xdf, 0xff, 0xf1, 0x3f, 0xff,
    0xe0, 0x0, 0x2, 0xff, 0xff, 0x35, 0xff, 0xf9,
    0x0, 0x0, 0xf, 0xff, 0xf3, 0x29, 0x99, 0x50,
    0x0, 0x3, 0xff, 0xff, 0x10, 0x0, 0x0, 0x0,
    0x2, 0xef, 0xff, 0x90, 0x0, 0x0, 0x0, 0x5,
    0xff, 0xff, 0xc0, 0x0, 0x0, 0x0, 0x4, 0xff,
    0xff, 0xa0, 0x0, 0x0, 0x0, 0x0, 0xef, 0xff,
    0x70, 0x0, 0x0, 0x0, 0x0, 0x3f, 0xff, 0x90,
    0x0, 0x0, 0x0, 0x0, 0x4, 0xff, 0xf4, 0x0,
    0x0, 0x0, 0x0, 0x0, 0x16, 0x66, 0x10, 0x0,
    0x0, 0x0, 0x0, 0x0, 0x0, 0x0, 0x0, 0x0,
    0x0, 0x0, 0x0, 0x7e, 0xee, 0x60, 0x0, 0x0,
    0x0, 0x0, 0x8, 0xff, 0xf7, 0x0, 0x0, 0x0,
    0x0, 0x0, 0x8f, 0xff, 0x70, 0x0, 0x0, 0x0,
    0x0, 0x8, 0xff, 0xf7, 0x0, 0x0, 0x0,

    /* U+0040 "@" */
    0x0, 0x0, 0x0, 0x1, 0x69, 0xce, 0xff, 0xfe,
    0xc9, 0x50, 0x0, 0x0, 0x0, 0x0, 0x0, 0x2,
    0xbf, 0xff, 0xff, 0xff, 0xff, 0xff, 0xff, 0xa1,
    0x0, 0x0, 0x0, 0x0, 0x8f, 0xff, 0xea, 0x64,
    0x33, 0x45, 0x7b, 0xff, 0xff, 0x60, 0x0, 0x0,
    0xa, 0xff, 0xd5, 0x0, 0x0, 0x0, 0x0, 0x0,
    0x7, 0xff, 0xf7, 0x0, 0x0, 0x9f, 0xfa, 0x0,
    0x0, 0x7c, 0xef, 0xeb, 0x60, 0x0, 0x2e, 0xff,
    0x30, 0x3, 0xff, 0xa0, 0x0, 0x2e, 0xff, 0xff,
    0xff, 0xfb, 0x0, 0x2, 0xef, 0xc0, 0xc, 0xfe,
    0x10, 0x0, 0xbf, 0xff, 0x98, 0xcf, 0xff, 0x50,
    0x0, 0x6f, 0xf2, 0x2f, 0xf7, 0x0, 0x0, 0xff,
    0xf5, 0x0, 0xc, 0xff, 0xa0, 0x0, 0x1f, 0xf7,
    0x6f, 0xf2, 0x0, 0x0, 0x77, 0x71, 0x0, 0x9,
    0xff, 0xb0, 0x0, 0xd, 0xf9, 0x9f, 0xe0, 0x0,
    0x0, 0x0, 0x0, 0x13, 0x4a, 0xff, 0xb0, 0x0,
    0xb, 0xfb, 0xaf, 0xc0, 0x0, 0x0, 0x4, 0xae,
    0xff, 0xff, 0xff, 0xb0, 0x0, 0xc, 0xfb, 0xbf,
    0xb0, 0x0, 0x0, 0x9f, 0xff, 0xff, 0xff, 0xff,
    0xb0, 0x0, 0xd, 0xfa, 0xbf, 0xc0, 0x0, 0x5,
    0xff, 0xfa, 0x42, 0x19, 0xff, 0xb0, 0x0, 0xf,
    0xf7, 0xaf, 0xd0, 0x0, 0xa, 0xff, 0xb0, 0x0,
    0xb, 0xff, 0xb0, 0x0, 0x5f, 0xf3, 0x8f, 0xf0,
    0x0, 0xb, 0xff, 0xb0, 0x0, 0x3f, 0xff, 0xb0,
    0x1, 0xdf, 0xc0, 0x5f, 0xf4, 0x0, 0x8, 0xff,
    0xfa, 0x79, 0xff, 0xff, 0xf8, 0x8e, 0xff, 0x30,
    0xf, 0xfa, 0x0, 0x2, 0xef, 0xff, 0xff, 0xf7,
    0xef, 0xff, 0xff, 0xf4, 0x0, 0x9, 0xff, 0x30,
    0x0, 0x29, 0xef, 0xeb, 0x30, 0x2b, 0xff, 0xc8,
    0x10, 0x0, 0x1, 0xff, 0xe2, 0x0, 0x0, 0x0,
    0x0, 0x0, 0x0, 0x0, 0x0, 0x0, 0x0, 0x0,
    0x5f, 0xff, 0x60, 0x0, 0x0, 0x0, 0x0, 0x0,
    0x0, 0x0, 0x0, 0x0, 0x0, 0x5, 0xff, 0xfe,
    0xa6, 0x43, 0x34, 0x58, 0xb9, 0x0, 0x0, 0x0,
    0x0, 0x0, 0x0, 0x2a, 0xff, 0xff, 0xff, 0xff,
    0xff, 0xfa, 0x0, 0x0, 0x0, 0x0, 0x0, 0x0,
    0x0, 0x16, 0xac, 0xef, 0xff, 0xdb, 0x83, 0x0,
    0x0, 0x0, 0x0,

    /* U+0041 "A" */
    0x0, 0x0, 0x0, 0xa, 0xff, 0xff, 0xe0, 0x0,
    0x0, 0x0, 0x0, 0x0, 0x0, 0x0, 0xff, 0xff,
    0xff, 0x40, 0x0, 0x0, 0x0, 0x0, 0x0, 0x0,
    0x6f, 0xff, 0xff, 0xfb, 0x0, 0x0, 0x0, 0x0,
    0x0, 0x0, 0xc, 0xff, 0xfe, 0xff, 0xf1, 0x0,
    0x0, 0x0, 0x0, 0x0, 0x3, 0xff, 0xfa, 0x9f,
    0xff, 0x70, 0x0, 0x0, 0x0, 0x0, 0x0, 0x9f,
    0xff, 0x54, 0xff, 0xfd, 0x0, 0x0, 0x0, 0x0,
    0x0, 0xe, 0xff, 0xf0, 0xf, 0xff, 0xf3, 0x0,
    0x0, 0x0, 0x0, 0x5, 0xff, 0xfb, 0x0, 0x9f,
    0xff, 0xa0, 0x0, 0x0, 0x0, 0x0, 0xbf, 0xff,
    0x50, 0x4, 0xff, 0xff, 0x0, 0x0, 0x0, 0x0,
    0x2f, 0xff, 0xe0, 0x0, 0xe, 0xff, 0xf6, 0x0,
    0x0, 0x0, 0x8, 0xff, 0xf9, 0x0, 0x0, 0x8f,
    0xff, 0xc0, 0x0, 0x0, 0x0, 0xef, 0xff, 0x30,
    0x0, 0x2, 0xff, 0xff, 0x30, 0x0, 0x0, 0x4f,
    0xff, 0xff, 0xff, 0xff, 0xff, 0xff, 0xf9, 0x0,
    0x0, 0xb, 0xff, 0xff, 0xff, 0xff, 0xff, 0xff,
    0xff, 0xe0, 0x0, 0x1, 0xff, 0xff, 0xff, 0xff,
    0xff, 0xff, 0xff, 0xff, 0x50, 0x0, 0x7f, 0xff,
    0xd5, 0x55, 0x55, 0x55, 0x5c, 0xff, 0xfb, 0x0,
    0xd, 0xff, 0xf6, 0x0, 0x0, 0x0, 0x0, 0x5f,
    0xff, 0xf2, 0x3, 0xff, 0xff, 0x10, 0x0, 0x0,
    0x0, 0x0, 0xff, 0xff, 0x80, 0xaf, 0xff, 0xa0,
    0x0, 0x0, 0x0, 0x0, 0x9, 0xff, 0xfe, 0x0,

    /* U+0042 "B" */
    0xef, 0xff, 0xff, 0xff, 0xff, 0xff, 0xd8, 0x10,
    0xe, 0xff, 0xff, 0xff, 0xff, 0xff, 0xff, 0xfe,
    0x20, 0xef, 0xff, 0xff, 0xff, 0xff, 0xff, 0xff,
    0xfd, 0xe, 0xff, 0xf8, 0x55, 0x55, 0x56, 0xdf,
    0xff, 0xf4, 0xef, 0xff, 0x40, 0x0, 0x0, 0x1,
    0xff, 0xff, 0x6e, 0xff, 0xf4, 0x0, 0x0, 0x0,
    0xd, 0xff, 0xf5, 0xef, 0xff, 0x40, 0x0, 0x0,
    0x1, 0xff, 0xff, 0x1e, 0xff, 0xf7, 0x33, 0x33,
    0x35, 0xcf, 0xff, 0x90, 0xef, 0xff, 0xff, 0xff,
    0xff, 0xff, 0xff, 0x80, 0xe, 0xff, 0xff, 0xff,
    0xff, 0xff, 0xff, 0xc5, 0x0, 0xef, 0xff, 0xff,
    0xff, 0xff, 0xff, 0xff, 0xfa, 0xe, 0xff, 0xf4,
    0x0, 0x0, 0x0, 0x5e, 0xff, 0xf6, 0xef, 0xff,
    0x40, 0x0, 0x0, 0x0, 0x7f, 0xff, 0xce, 0xff,
    0xf4, 0x0, 0x0, 0x0, 0x5, 0xff, 0xff, 0xef,
    0xff, 0x40, 0x0, 0x0, 0x0, 0xaf, 0xff, 0xee,
    0xff, 0xf9, 0x66, 0x66, 0x67, 0xbf, 0xff, 0xfb,
    0xef, 0xff, 0xff, 0xff, 0xff, 0xff, 0xff, 0xff,
    0x4e, 0xff, 0xff, 0xff, 0xff, 0xff, 0xff, 0xff,
    0x60, 0xef, 0xff, 0xff, 0xff, 0xff, 0xff, 0xd9,
    0x20, 0x0,

    /* U+0043 "C" */
    0x0, 0x0, 0x4, 0x9d, 0xef, 0xed, 0xa5, 0x0,
    0x0, 0x0, 0x0, 0x3d, 0xff, 0xff, 0xff, 0xff,
    0xfe, 0x60, 0x0, 0x0, 0x6f, 0xff, 0xff, 0xff,
    0xff, 0xff, 0xff, 0x80, 0x0, 0x3f, 0xff, 0xff,
    0xc8, 0x77, 0xaf, 0xff, 0xff, 0x60, 0xb, 0xff,
    0xff, 0x50, 0x0, 0x0, 0x2e, 0xff, 0xfd, 0x2,
    0xff, 0xff, 0x60, 0x0, 0x0, 0x0, 0x4f, 0xff,
    0xf2, 0x6f, 0xff, 0xf0, 0x0, 0x0, 0x0, 0x0,
    0xef, 0xff, 0x59, 0xff, 0xfb, 0x0, 0x0, 0x0,
    0x0, 0x4, 0x55, 0x51, 0xaf, 0xff, 0x90, 0x0,
    0x0, 0x0, 0x0, 0x0, 0x0, 0xb, 0xff, 0xf9,
    0x0, 0x0, 0x0, 0x0, 0x0, 0x0, 0x0, 0xbf,
    0xff, 0x90, 0x0, 0x0, 0x0, 0x0, 0x0, 0x0,
    0x9, 0xff, 0xfb, 0x0, 0x0, 0x0, 0x0, 0x2,
    0x44, 0x41, 0x7f, 0xff, 0xf0, 0x0, 0x0, 0x0,
    0x0, 0xcf, 0xff, 0x53, 0xff, 0xff, 0x60, 0x0,
    0x0, 0x0, 0x1f, 0xff, 0xf3, 0xc, 0xff, 0xff,
    0x40, 0x0, 0x0, 0x1c, 0xff, 0xfe, 0x0, 0x4f,
    0xff, 0xff, 0xc8, 0x67, 0xaf, 0xff, 0xff, 0x60,
    0x0, 0x7f, 0xff, 0xff, 0xff, 0xff, 0xff, 0xff,
    0x90, 0x0, 0x0, 0x5e, 0xff, 0xff, 0xff, 0xff,
    0xff, 0x70, 0x0, 0x0, 0x0, 0x4, 0x9c, 0xef,
    0xed, 0xb6, 0x10, 0x0, 0x0,

    /* U+0044 "D" */
    0xef, 0xff, 0xff, 0xff, 0xfe, 0xc8, 0x30, 0x0,
    0x0, 0xef, 0xff, 0xff, 0xff, 0xff, 0xff, 0xfb,
    0x10, 0x0, 0xef, 0xff, 0xff, 0xff, 0xff, 0xff,
    0xff, 0xe2, 0x0, 0xef, 0xff, 0x96, 0x66, 0x79,
    0xef, 0xff, 0xfd, 0x0, 0xef, 0xff, 0x40, 0x0,
    0x0, 0x9, 0xff, 0xff, 0x70, 0xef, 0xff, 0x40,
    0x0, 0x0, 0x0, 0xcf, 0xff, 0xd0, 0xef, 0xff,
    0x40, 0x0, 0x0, 0x0, 0x4f, 0xff, 0xf2, 0xef,
    0xff, 0x40, 0x0, 0x0, 0x0, 0xf, 0xff, 0xf4,
    0xef, 0xff, 0x40, 0x0, 0x0, 0x0, 0xe, 0xff,
    0xf6, 0xef, 0xff, 0x40, 0x0, 0x0, 0x0, 0xe,
    0xff, 0xf6, 0xef, 0xff, 0x40, 0x0, 0x0, 0x0,
    0xe, 0xff, 0xf6, 0xef, 0xff, 0x40, 0x0, 0x0,
    0x0, 0xf, 0xff, 0xf4, 0xef, 0xff, 0x40, 0x0,
    0x0, 0x0, 0x4f, 0xff, 0xf2, 0xef, 0xff, 0x40,
    0x0, 0x0, 0x0, 0xbf, 0xff, 0xd0, 0xef, 0xff,
    0x40, 0x0, 0x0, 0x9, 0xff, 0xff, 0x70, 0xef,
    0xff, 0x97, 0x77, 0x79, 0xef, 0xff, 0xfd, 0x0,
    0xef, 0xff, 0xff, 0xff, 0xff, 0xff, 0xff, 0xe2,
    0x0, 0xef, 0xff, 0xff, 0xff, 0xff, 0xff, 0xfb,
    0x10, 0x0, 0xef, 0xff, 0xff, 0xff, 0xfe, 0xc8,
    0x30, 0x0, 0x0,

    /* U+0045 "E" */
    0xef, 0xff, 0xff, 0xff, 0xff, 0xff, 0xff, 0xf7,
    0xef, 0xff, 0xff, 0xff, 0xff, 0xff, 0xff, 0xf7,
    0xef, 0xff, 0xff, 0xff, 0xff, 0xff, 0xff, 0xf7,
    0xef, 0xff, 0x96, 0x66, 0x66, 0x66, 0x66, 0x62,
    0xef, 0xff, 0x50, 0x0, 0x0, 0x0, 0x0, 0x0,
    0xef, 0xff, 0x50, 0x0, 0x0, 0x0, 0x0, 0x0,
    0xef, 0xff, 0x50, 0x0, 0x0, 0x0, 0x0, 0x0,
    0xef, 0xff, 0x95, 0x55, 0x55, 0x55, 0x55, 0x10,
    0xef, 0xff, 0xff, 0xff, 0xff, 0xff, 0xff, 0x30,
    0xef, 0xff, 0xff, 0xff, 0xff, 0xff, 0xff, 0x30,
    0xef, 0xff, 0xff, 0xff, 0xff, 0xff, 0xff, 0x30,
    0xef, 0xff, 0x50, 0x0, 0x0, 0x0, 0x0, 0x0,
    0xef, 0xff, 0x50, 0x0, 0x0, 0x0, 0x0, 0x0,
    0xef, 0xff, 0x50, 0x0, 0x0, 0x0, 0x0, 0x0,
    0xef, 0xff, 0x50, 0x0, 0x0, 0x0, 0x0, 0x0,
    0xef, 0xff, 0x97, 0x77, 0x77, 0x77, 0x77, 0x74,
    0xef, 0xff, 0xff, 0xff, 0xff, 0xff, 0xff, 0xfa,
    0xef, 0xff, 0xff, 0xff, 0xff, 0xff, 0xff, 0xfa,
    0xef, 0xff, 0xff, 0xff, 0xff, 0xff, 0xff, 0xfa,

    /* U+0046 "F" */
    0xef, 0xff, 0xff, 0xff, 0xff, 0xff, 0xff, 0x4e,
    0xff, 0xff, 0xff, 0xff, 0xff, 0xff, 0xf4, 0xef,
    0xff, 0xff, 0xff, 0xff, 0xff, 0xff, 0x4e, 0xff,
    0xf9, 0x66, 0x66, 0x66, 0x66, 0x61, 0xef, 0xff,
    0x40, 0x0, 0x0, 0x0, 0x0, 0xe, 0xff, 0xf4,
    0x0, 0x0, 0x0, 0x0, 0x0, 0xef, 0xff, 0x40,
    0x0, 0x0, 0x0, 0x0, 0xe, 0xff, 0xf4, 0x0,
    0x0, 0x0, 0x0, 0x0, 0xef, 0xff, 0xff, 0xff,
    0xff, 0xff, 0xf3, 0xe, 0xff, 0xff, 0xff, 0xff,
    0xff, 0xff, 0x30, 0xef, 0xff, 0xff, 0xff, 0xff,
    0xff, 0xf3, 0xe, 0xff, 0xf8, 0x66, 0x66, 0x66,
    0x66, 0x10, 0xef, 0xff, 0x40, 0x0, 0x0, 0x0,
    0x0, 0xe, 0xff, 0xf4, 0x0, 0x0, 0x0, 0x0,
    0x0, 0xef, 0xff, 0x40, 0x0, 0x0, 0x0, 0x0,
    0xe, 0xff, 0xf4, 0x0, 0x0, 0x0, 0x0, 0x0,
    0xef, 0xff, 0x40, 0x0, 0x0, 0x0, 0x0, 0xe,
    0xff, 0xf4, 0x0, 0x0, 0x0, 0x0, 0x0, 0xef,
    0xff, 0x40, 0x0, 0x0, 0x0, 0x0, 0x0,

    /* U+0047 "G" */
    0x0, 0x0, 0x2, 0x7b, 0xef, 0xff, 0xda, 0x61,
    0x0, 0x0, 0x0, 0x1, 0xaf, 0xff, 0xff, 0xff,
    0xff, 0xff, 0x91, 0x0, 0x0, 0x2e, 0xff, 0xff,
    0xff, 0xff, 0xff, 0xff, 0xfe, 0x10, 0x1, 0xef,
    0xff, 0xfe, 0xa7, 0x68, 0xaf, 0xff, 0xff, 0xc0,
    0x8, 0xff, 0xff, 0x90, 0x0, 0x0, 0x0, 0x9f,
    0xff, 0xf3, 0xf, 0xff, 0xfa, 0x0, 0x0, 0x0,
    0x0, 0xd, 0xff, 0xf7, 0x4f, 0xff, 0xf2, 0x0,
    0x0, 0x0, 0x0, 0x2, 0x44, 0x42, 0x6f, 0xff,
    0xe0, 0x0, 0x0, 0x0, 0x0, 0x0, 0x0, 0x0,
    0x8f, 0xff, 0xc0, 0x0, 0x5, 0xff, 0xff, 0xff,
    0xff, 0xf8, 0x9f, 0xff, 0xb0, 0x0, 0x5, 0xff,
    0xff, 0xff, 0xff, 0xf8, 0x8f, 0xff, 0xc0, 0x0,
    0x5, 0xff, 0xff, 0xff, 0xff, 0xf8, 0x7f, 0xff,
    0xe0, 0x0, 0x1, 0x44, 0x44, 0x4b, 0xff, 0xf8,
    0x4f, 0xff, 0xf2, 0x0, 0x0, 0x0, 0x0, 0xc,
    0xff, 0xf8, 0xf, 0xff, 0xf9, 0x0, 0x0, 0x0,
    0x0, 0x3f, 0xff, 0xf8, 0x9, 0xff, 0xff, 0x80,
    0x0, 0x0, 0x3, 0xef, 0xff, 0xf8, 0x2, 0xff,
    0xff, 0xfe, 0x97, 0x68, 0xcf, 0xff, 0xff, 0xf8,
    0x0, 0x4f, 0xff, 0xff, 0xff, 0xff, 0xff, 0xff,
    0xff, 0xf8, 0x0, 0x2, 0xcf, 0xff, 0xff, 0xff,
    0xff, 0xf7, 0x7f, 0xf8, 0x0, 0x0, 0x4, 0x9c,
    0xef, 0xfe, 0xb6, 0x10, 0x4f, 0xf8,

    /* U+0048 "H" */
    0xef, 0xff, 0x40, 0x0, 0x0, 0x0, 0x3f, 0xff,
    0xfe, 0xff, 0xf4, 0x0, 0x0, 0x0, 0x3, 0xff,
    0xff, 0xef, 0xff, 0x40, 0x0, 0x0, 0x0, 0x3f,
    0xff, 0xfe, 0xff, 0xf4, 0x0, 0x0, 0x0, 0x3,
    0xff, 0xff, 0xef, 0xff, 0x40, 0x0, 0x0, 0x0,
    0x3f, 0xff, 0xfe, 0xff, 0xf4, 0x0, 0x0, 0x0,
    0x3, 0xff, 0xff, 0xef, 0xff, 0x40, 0x0, 0x0,
    0x0, 0x3f, 0xff, 0xfe, 0xff, 0xfa, 0x88, 0x88,
    0x88, 0x89, 0xff, 0xff, 0xef, 0xff, 0xff, 0xff,
    0xff, 0xff, 0xff, 0xff, 0xfe, 0xff, 0xff, 0xff,
    0xff, 0xff, 0xff, 0xff, 0xff, 0xef, 0xff, 0xff,
    0xff, 0xff, 0xff, 0xff, 0xff, 0xfe, 0xff, 0xf4,
    0x0, 0x0, 0x0, 0x3, 0xff, 0xff, 0xef, 0xff,
    0x40, 0x0, 0x0, 0x0, 0x3f, 0xff, 0xfe, 0xff,
    0xf4, 0x0, 0x0, 0x0, 0x3, 0xff, 0xff, 0xef,
    0xff, 0x40, 0x0, 0x0, 0x0, 0x3f, 0xff, 0xfe,
    0xff, 0xf4, 0x0, 0x0, 0x0, 0x3, 0xff, 0xff,
    0xef, 0xff, 0x40, 0x0, 0x0, 0x0, 0x3f, 0xff,
    0xfe, 0xff, 0xf4, 0x0, 0x0, 0x0, 0x3, 0xff,
    0xff, 0xef, 0xff, 0x40, 0x0, 0x0, 0x0, 0x3f,
    0xff, 0xf0,

    /* U+0049 "I" */
    0xef, 0xff, 0x4e, 0xff, 0xf4, 0xef, 0xff, 0x4e,
    0xff, 0xf4, 0xef, 0xff, 0x4e, 0xff, 0xf4, 0xef,
    0xff, 0x4e, 0xff, 0xf4, 0xef, 0xff, 0x4e, 0xff,
    0xf4, 0xef, 0xff, 0x4e, 0xff, 0xf4, 0xef, 0xff,
    0x4e, 0xff, 0xf4, 0xef, 0xff, 0x4e, 0xff, 0xf4,
    0xef, 0xff, 0x4e, 0xff, 0xf4, 0xef, 0xff, 0x40,

    /* U+004A "J" */
    0x0, 0x0, 0x0, 0x0, 0x0, 0x5f, 0xff, 0xd0,
    0x0, 0x0, 0x0, 0x0, 0x5, 0xff, 0xfd, 0x0,
    0x0, 0x0, 0x0, 0x0, 0x5f, 0xff, 0xd0, 0x0,
    0x0, 0x0, 0x0, 0x5, 0xff, 0xfd, 0x0, 0x0,
    0x0, 0x0, 0x0, 0x5f, 0xff, 0xd0, 0x0, 0x0,
    0x0, 0x0, 0x5, 0xff, 0xfd, 0x0, 0x0, 0x0,
    0x0, 0x0, 0x5f, 0xff, 0xd0, 0x0, 0x0, 0x0,
    0x0, 0x5, 0xff, 0xfd, 0x0, 0x0, 0x0, 0x0,
    0x0, 0x5f, 0xff, 0xd0, 0x0, 0x0, 0x0, 0x0,
    0x5, 0xff, 0xfd, 0x0, 0x0, 0x0, 0x0, 0x0,
    0x5f, 0xff, 0xd0, 0x0, 0x0, 0x0, 0x0, 0x5,
    0xff, 0xfd, 0xb, 0xbb, 0xb0, 0x0, 0x0, 0x6f,
    0xff, 0xd0, 0xff, 0xff, 0x10, 0x0, 0x8, 0xff,
    0xfb, 0xe, 0xff, 0xf6, 0x0, 0x1, 0xef, 0xff,
    0x90, 0xaf, 0xff, 0xfa, 0x78, 0xdf, 0xff, 0xf3,
    0x2, 0xff, 0xff, 0xff, 0xff, 0xff, 0xfa, 0x0,
    0x4, 0xef, 0xff, 0xff, 0xff, 0xfb, 0x0, 0x0,
    0x1, 0x7b, 0xef, 0xfd, 0xa4, 0x0, 0x0,

    /* U+004B "K" */
    0xef, 0xff, 0x40, 0x0, 0x0, 0x1, 0xef, 0xff,
    0xf3, 0xef, 0xff, 0x40, 0x0, 0x0, 0x1d, 0xff,
    0xff, 0x30, 0xef, 0xff, 0x40, 0x0, 0x1, 0xdf,
    0xff, 0xf4, 0x0, 0xef, 0xff, 0x40, 0x0, 0xc,
    0xff, 0xff, 0x50, 0x0, 0xef, 0xff, 0x40, 0x0,
    0xcf, 0xff, 0xf5, 0x0, 0x0, 0xef, 0xff, 0x40,
    0xb, 0xff, 0xff, 0x60, 0x0, 0x0, 0xef, 0xff,
    0x40, 0xaf, 0xff, 0xf7, 0x0, 0x0, 0x0, 0xef,
    0xff, 0x49, 0xff, 0xff, 0x90, 0x0, 0x0, 0x0,
    0xef, 0xff, 0xcf, 0xff, 0xff, 0xc0, 0x0, 0x0,
    0x0, 0xef, 0xff, 0xff, 0xff, 0xff, 0xf7, 0x0,
    0x0, 0x0, 0xef, 0xff, 0xff, 0xfd, 0xff, 0xff,
    0x20, 0x0, 0x0, 0xef, 0xff, 0xff, 0x61, 0xef,
    0xff, 0xc0, 0x0, 0x0, 0xef, 0xff, 0xf4, 0x0,
    0x5f, 0xff, 0xf7, 0x0, 0x0, 0xef, 0xff, 0x50,
    0x0, 0xb, 0xff, 0xff, 0x20, 0x0, 0xef, 0xff,
    0x40, 0x0, 0x2, 0xff, 0xff, 0xc0, 0x0, 0xef,
    0xff, 0x40, 0x0, 0x0, 0x7f, 0xff, 0xf7, 0x0,
    0xef, 0xff, 0x40, 0x0, 0x0, 0xc, 0xff, 0xff,
    0x20, 0xef, 0xff, 0x40, 0x0, 0x0, 0x3, 0xff,
    0xff, 0xc0, 0xef, 0xff, 0x40, 0x0, 0x0, 0x0,
    0x8f, 0xff, 0xf6,

    /* U+004C "L" */
    0xef, 0xff, 0x40, 0x0, 0x0, 0x0, 0x0, 0xef,
    0xff, 0x40, 0x0, 0x0, 0x0, 0x0, 0xef, 0xff,
    0x40, 0x0, 0x0, 0x0, 0x0, 0xef, 0xff, 0x40,
    0x0, 0x0, 0x0, 0x0, 0xef, 0xff, 0x40, 0x0,
    0x0, 0x0, 0x0, 0xef, 0xff, 0x40, 0x0, 0x0,
    0x0, 0x0, 0xef, 0xff, 0x40, 0x0, 0x0, 0x0,
    0x0, 0xef, 0xff, 0x40, 0x0, 0x0, 0x0, 0x0,
    0xef, 0xff, 0x40, 0x0, 0x0, 0x0, 0x0, 0xef,
    0xff, 0x40, 0x0, 0x0, 0x0, 0x0, 0xef, 0xff,
    0x40, 0x0, 0x0, 0x0, 0x0, 0xef, 0xff, 0x40,
    0x0, 0x0, 0x0, 0x0, 0xef, 0xff, 0x40, 0x0,
    0x0, 0x0, 0x0, 0xef, 0xff, 0x40, 0x0, 0x0,
    0x0, 0x0, 0xef, 0xff, 0x40, 0x0, 0x0, 0x0,
    0x0, 0xef, 0xff, 0xa8, 0x88, 0x88, 0x88, 0x88,
    0xef, 0xff, 0xff, 0xff, 0xff, 0xff, 0xff, 0xef,
    0xff, 0xff, 0xff, 0xff, 0xff, 0xff, 0xef, 0xff,
    0xff, 0xff, 0xff, 0xff, 0xff,

    /* U+004D "M" */
    0xef, 0xff, 0xff, 0x90, 0x0, 0x0, 0x1, 0xff,
    0xff, 0xff, 0x4e, 0xff, 0xff, 0xfe, 0x0, 0x0,
    0x0, 0x6f, 0xff, 0xff, 0xf4, 0xef, 0xff, 0xff,
    0xf3, 0x0, 0x0, 0xa, 0xff, 0xff, 0xff, 0x4e,
    0xff, 0xff, 0xff, 0x70, 0x0, 0x0, 0xef, 0xff,
    0xff, 0xf4, 0xef, 0xfe, 0xcf, 0xfc, 0x0, 0x0,
    0x3f, 0xff, 0xcf, 0xff, 0x4e, 0xff, 0xf8, 0xff,
    0xf0, 0x0, 0x8, 0xff, 0xbc, 0xff, 0xf4, 0xef,
    0xff, 0x4f, 0xff, 0x50, 0x0, 0xcf, 0xf7, 0xcf,
    0xff, 0x4e, 0xff, 0xf1, 0xff, 0xf9, 0x0, 0x1f,
    0xff, 0x2c, 0xff, 0xf4, 0xef, 0xff, 0xc, 0xff,
    0xe0, 0x5, 0xff, 0xe0, 0xdf, 0xff, 0x4e, 0xff,
    0xf0, 0x7f, 0xff, 0x20, 0xaf, 0xf9, 0xd, 0xff,
    0xf4, 0xef, 0xff, 0x2, 0xff, 0xf7, 0xe, 0xff,
    0x50, 0xdf, 0xff, 0x4e, 0xff, 0xf0, 0xe, 0xff,
    0xb2, 0xff, 0xf1, 0xd, 0xff, 0xf4, 0xef, 0xff,
    0x0, 0x9f, 0xfe, 0x5f, 0xfc, 0x0, 0xdf, 0xff,
    0x4e, 0xff, 0xf0, 0x5, 0xff, 0xfc, 0xff, 0x70,
    0xd, 0xff, 0xf4, 0xef, 0xff, 0x0, 0xf, 0xff,
    0xff, 0xf3, 0x0, 0xdf, 0xff, 0x4e, 0xff, 0xf0,
    0x0, 0xbf, 0xff, 0xfe, 0x0, 0xd, 0xff, 0xf4,
    0xef, 0xff, 0x0, 0x7, 0xff, 0xff, 0xa0, 0x0,
    0xdf, 0xff, 0x4e, 0xff, 0xf0, 0x0, 0x2f, 0xff,
    0xf5, 0x0, 0xd, 0xff, 0xf4, 0xef, 0xff, 0x0,
    0x0, 0xdf, 0xff, 0x10, 0x0, 0xdf, 0xff, 0x40,

    /* U+004E "N" */
    0xef, 0xff, 0x50, 0x0, 0x0, 0x0, 0xf, 0xff,
    0xfe, 0xff, 0xff, 0x20, 0x0, 0x0, 0x0, 0xff,
    0xff, 0xef, 0xff, 0xfd, 0x0, 0x0, 0x0, 0xf,
    0xff, 0xfe, 0xff, 0xff, 0xf9, 0x0, 0x0, 0x0,
    0xff, 0xff, 0xef, 0xff, 0xff, 0xf5, 0x0, 0x0,
    0xf, 0xff, 0xfe, 0xff, 0xff, 0xff, 0xf2, 0x0,
    0x0, 0xff, 0xff, 0xef, 0xff, 0xff, 0xff, 0xd0,
    0x0, 0xf, 0xff, 0xfe, 0xff, 0xf8, 0xff, 0xff,
    0x90, 0x0, 0xff, 0xff, 0xef, 0xff, 0x1b, 0xff,
    0xff, 0x50, 0xf, 0xff, 0xfe, 0xff, 0xf1, 0x1e,
    0xff, 0xff, 0x20, 0xff, 0xff, 0xef, 0xff, 0x10,
    0x4f, 0xff, 0xfd, 0xf, 0xff, 0xfe, 0xff, 0xf1,
    0x0, 0x7f, 0xff, 0xf9, 0xff, 0xff, 0xef, 0xff,
    0x10, 0x0, 0xbf, 0xff, 0xff, 0xff, 0xfe, 0xff,
    0xf1, 0x0, 0x1, 0xef, 0xff, 0xff, 0xff, 0xef,
    0xff, 0x10, 0x0, 0x4, 0xff, 0xff, 0xff, 0xfe,
    0xff, 0xf1, 0x0, 0x0, 0x7, 0xff, 0xff, 0xff,
    0xef, 0xff, 0x10, 0x0, 0x0, 0xb, 0xff, 0xff,
    0xfe, 0xff, 0xf1, 0x0, 0x0, 0x0, 0x1e, 0xff,
    0xff, 0xef, 0xff, 0x10, 0x0, 0x0, 0x0, 0x4f,
    0xff, 0xf0,

    /* U+004F "O" */
    0x0, 0x0, 0x3, 0x8c, 0xef, 0xfe, 0xc9, 0x40,
    0x0, 0x0, 0x0, 0x3, 0xcf, 0xff, 0xff, 0xff,
    0xff, 0xfd, 0x40, 0x0, 0x0, 0x4f, 0xff, 0xff,
    0xff, 0xff, 0xff, 0xff, 0xf7, 0x0, 0x2, 0xff,
    0xff, 0xfd, 0x97, 0x78, 0xdf, 0xff, 0xff, 0x50,
    0xb, 0xff, 0xff, 0x70, 0x0, 0x0, 0x4, 0xff,
    0xff, 0xe0, 0x2f, 0xff, 0xf7, 0x0, 0x0, 0x0,
    0x0, 0x4f, 0xff, 0xf5, 0x6f, 0xff, 0xf0, 0x0,
    0x0, 0x0, 0x0, 0xc, 0xff, 0xf9, 0x9f, 0xff,
    0xb0, 0x0, 0x0, 0x0, 0x0, 0x8, 0xff, 0xfc,
    0xbf, 0xff, 0x90, 0x0, 0x0, 0x0, 0x0, 0x6,
    0xff, 0xfe, 0xbf, 0xff, 0x90, 0x0, 0x0, 0x0,
    0x0, 0x5, 0xff, 0xfe, 0xbf, 0xff, 0x90, 0x0,
    0x0, 0x0, 0x0, 0x6, 0xff, 0xfe, 0x9f, 0xff,
    0xb0, 0x0, 0x0, 0x0, 0x0, 0x8, 0xff, 0xfc,
    0x6f, 0xff, 0xf0, 0x0, 0x0, 0x0, 0x0, 0xc,
    0xff, 0xf9, 0x2f, 0xff, 0xf8, 0x0, 0x0, 0x0,
    0x0, 0x4f, 0xff, 0xf5, 0xb, 0xff, 0xff, 0x60,
    0x0, 0x0, 0x4, 0xef, 0xff, 0xe0, 0x2, 0xff,
    0xff, 0xfd, 0x86, 0x68, 0xcf, 0xff, 0xff, 0x40,
    0x0, 0x4f, 0xff, 0xff, 0xff, 0xff, 0xff, 0xff,
    0xf7, 0x0, 0x0, 0x3, 0xcf, 0xff, 0xff, 0xff,
    0xff, 0xfd, 0x40, 0x0, 0x0, 0x0, 0x3, 0x8c,
    0xef, 0xfe, 0xc9, 0x50, 0x0, 0x0,

    /* U+0050 "P" */
    0xef, 0xff, 0xff, 0xff, 0xff, 0xfd, 0xa3, 0x0,
    0xe, 0xff, 0xff, 0xff, 0xff, 0xff, 0xff, 0xf8,
    0x0, 0xef, 0xff, 0xff, 0xff, 0xff, 0xff, 0xff,
    0xf6, 0xe, 0xff, 0xf9, 0x66, 0x66, 0x69, 0xff,
    0xff, 0xe0, 0xef, 0xff, 0x40, 0x0, 0x0, 0x4,
    0xff, 0xff, 0x3e, 0xff, 0xf4, 0x0, 0x0, 0x0,
    0xe, 0xff, 0xf5, 0xef, 0xff, 0x40, 0x0, 0x0,
    0x0, 0xef, 0xff, 0x5e, 0xff, 0xf4, 0x0, 0x0,
    0x0, 0x2f, 0xff, 0xf3, 0xef, 0xff, 0x40, 0x0,
    0x0, 0x3c, 0xff, 0xff, 0xe, 0xff, 0xff, 0xff,
    0xff, 0xff, 0xff, 0xff, 0x80, 0xef, 0xff, 0xff,
    0xff, 0xff, 0xff, 0xff, 0xc0, 0xe, 0xff, 0xff,
    0xff, 0xff, 0xff, 0xff, 0x90, 0x0, 0xef, 0xff,
    0x96, 0x66, 0x66, 0x53, 0x0, 0x0, 0xe, 0xff,
    0xf4, 0x0, 0x0, 0x0, 0x0, 0x0, 0x0, 0xef,
    0xff, 0x40, 0x0, 0x0, 0x0, 0x0, 0x0, 0xe,
    0xff, 0xf4, 0x0, 0x0, 0x0, 0x0, 0x0, 0x0,
    0xef, 0xff, 0x40, 0x0, 0x0, 0x0, 0x0, 0x0,
    0xe, 0xff, 0xf4, 0x0, 0x0, 0x0, 0x0, 0x0,
    0x0, 0xef, 0xff, 0x40, 0x0, 0x0, 0x0, 0x0,
    0x0, 0x0,

    /* U+0051 "Q" */
    0x0, 0x0, 0x3, 0x8c, 0xef, 0xfe, 0xc9, 0x40,
    0x0, 0x0, 0x0, 0x3, 0xcf, 0xff, 0xff, 0xff,
    0xff, 0xfd, 0x40, 0x0, 0x0, 0x4f, 0xff, 0xff,
    0xff, 0xff, 0xff, 0xff, 0xf7, 0x0, 0x2, 0xff,
    0xff, 0xfd, 0x97, 0x78, 0xdf, 0xff, 0xff, 0x50,
    0xb, 0xff, 0xff, 0x70, 0x0, 0x0, 0x4, 0xff,
    0xff, 0xe0, 0x2f, 0xff, 0xf7, 0x0, 0x0, 0x0,
    0x0, 0x4f, 0xff, 0xf5, 0x6f, 0xff, 0xf0, 0x0,
    0x0, 0x0, 0x0, 0xc, 0xff, 0xf9, 0x9f, 0xff,
    0xb0, 0x0, 0x0, 0x0, 0x0, 0x8, 0xff, 0xfc,
    0xbf, 0xff, 0x90, 0x0, 0x0, 0x0, 0x0, 0x6,
    0xff, 0xfe, 0xbf, 0xff, 0x90, 0x0, 0x0, 0x0,
    0x0, 0x5, 0xff, 0xfe, 0xbf, 0xff, 0x90, 0x0,
    0x0, 0x0, 0x0, 0x6, 0xff, 0xfe, 0x9f, 0xff,
    0xb0, 0x0, 0x0, 0x0, 0x0, 0x8, 0xff, 0xfc,
    0x6f, 0xff, 0xf0, 0x0, 0x0, 0x0, 0x0, 0xc,
    0xff, 0xf9, 0x2f, 0xff, 0xf8, 0x0, 0x0, 0x0,
    0x0, 0x4f, 0xff, 0xf4, 0xb, 0xff, 0xff, 0x60,
    0x0, 0x0, 0x4, 0xef, 0xff, 0xd0, 0x2, 0xff,
    0xff, 0xfd, 0x86, 0x68, 0xcf, 0xff, 0xff, 0x40,
    0x0, 0x4f, 0xff, 0xff, 0xff, 0xff, 0xff, 0xff,
    0xf6, 0x0, 0x0, 0x3, 0xcf, 0xff, 0xff, 0xff,
    0xff, 0xfd, 0x40, 0x0, 0x0, 0x0, 0x4, 0x9c,
    0xef, 0xff, 0xff, 0xf6, 0x0, 0x0, 0x0, 0x0,
    0x0, 0x0, 0x0, 0xb, 0xff, 0xff, 0x60, 0x0,
    0x0, 0x0, 0x0, 0x0, 0x0, 0x0, 0xdf, 0xff,
    0xf5, 0x0, 0x0, 0x0, 0x0, 0x0, 0x0, 0x0,
    0x1e, 0xff, 0xff, 0x50, 0x0, 0x0, 0x0, 0x0,
    0x0, 0x0, 0x2, 0x88, 0x88, 0x70,

    /* U+0052 "R" */
    0xef, 0xff, 0xff, 0xff, 0xff, 0xfe, 0xc7, 0x10,
    0x0, 0xef, 0xff, 0xff, 0xff, 0xff, 0xff, 0xff,
    0xe4, 0x0, 0xef, 0xff, 0xff, 0xff, 0xff, 0xff,
    0xff, 0xff, 0x20, 0xef, 0xff, 0x86, 0x66, 0x66,
    0x6b, 0xff, 0xff, 0x90, 0xef, 0xff, 0x40, 0x0,
    0x0, 0x0, 0xaf, 0xff, 0xd0, 0xef, 0xff, 0x40,
    0x0, 0x0, 0x0, 0x4f, 0xff, 0xf0, 0xef, 0xff,
    0x40, 0x0, 0x0, 0x0, 0x5f, 0xff, 0xf0, 0xef,
    0xff, 0x40, 0x0, 0x0, 0x0, 0xaf, 0xff, 0xc0,
    0xef, 0xff, 0x84, 0x44, 0x44, 0x5a, 0xff, 0xff,
    0x60, 0xef, 0xff, 0xff, 0xff, 0xff, 0xff, 0xff,
    0xfd, 0x0, 0xef, 0xff, 0xff, 0xff, 0xff, 0xff,
    0xff, 0xc1, 0x0, 0xef, 0xff, 0xff, 0xff, 0xff,
    0xff, 0xfe, 0x0, 0x0, 0xef, 0xff, 0x40, 0x0,
    0x2, 0xff, 0xff, 0x50, 0x0, 0xef, 0xff, 0x40,
    0x0, 0x0, 0xaf, 0xff, 0xd0, 0x0, 0xef, 0xff,
    0x40, 0x0, 0x0, 0x2f, 0xff, 0xf5, 0x0, 0xef,
    0xff, 0x40, 0x0, 0x0, 0xa, 0xff, 0xfd, 0x0,
    0xef, 0xff, 0x40, 0x0, 0x0, 0x2, 0xff, 0xff,
    0x60, 0xef, 0xff, 0x40, 0x0, 0x0, 0x0, 0xbf,
    0xff, 0xd0, 0xef, 0xff, 0x40, 0x0, 0x0, 0x0,
    0x3f, 0xff, 0xf6,

    /* U+0053 "S" */
    0x0, 0x0, 0x6a, 0xdf, 0xff, 0xda, 0x60, 0x0,
    0x0, 0x6, 0xff, 0xff, 0xff, 0xff, 0xff, 0xe4,
    0x0, 0x6, 0xff, 0xff, 0xff, 0xff, 0xff, 0xff,
    0xf4, 0x0, 0xff, 0xff, 0xe9, 0x55, 0x59, 0xff,
    0xff, 0xd0, 0x3f, 0xff, 0xf2, 0x0, 0x0, 0x3,
    0xff, 0xff, 0x24, 0xff, 0xff, 0x10, 0x0, 0x0,
    0x9, 0xcc, 0xc3, 0x2f, 0xff, 0xfc, 0x40, 0x0,
    0x0, 0x0, 0x0, 0x0, 0xbf, 0xff, 0xff, 0xea,
    0x62, 0x0, 0x0, 0x0, 0x1, 0xcf, 0xff, 0xff,
    0xff, 0xfd, 0x82, 0x0, 0x0, 0x0, 0x6d, 0xff,
    0xff, 0xff, 0xff, 0xf9, 0x0, 0x0, 0x0, 0x3,
    0x8c, 0xff, 0xff, 0xff, 0xfc, 0x0, 0x0, 0x0,
    0x0, 0x0, 0x5a, 0xff, 0xff, 0xf7, 0x45, 0x55,
    0x20, 0x0, 0x0, 0x1, 0xdf, 0xff, 0xbb, 0xff,
    0xf7, 0x0, 0x0, 0x0, 0x8, 0xff, 0xfc, 0x8f,
    0xff, 0xd1, 0x0, 0x0, 0x0, 0xcf, 0xff, 0xa3,
    0xff, 0xff, 0xf9, 0x65, 0x68, 0xdf, 0xff, 0xf5,
    0x8, 0xff, 0xff, 0xff, 0xff, 0xff, 0xff, 0xfb,
    0x0, 0x7, 0xff, 0xff, 0xff, 0xff, 0xff, 0xf9,
    0x0, 0x0, 0x1, 0x6b, 0xdf, 0xff, 0xeb, 0x72,
    0x0, 0x0,

    /* U+0054 "T" */
    0x4f, 0xff, 0xff, 0xff, 0xff, 0xff, 0xff, 0xff,
    0xf4, 0x4f, 0xff, 0xff, 0xff, 0xff, 0xff, 0xff,
    0xff, 0xf4, 0x4f, 0xff, 0xff, 0xff, 0xff, 0xff,
    0xff, 0xff, 0xf4, 0x27, 0x77, 0x77, 0x8f, 0xff,
    0xf8, 0x77, 0x77, 0x71, 0x0, 0x0, 0x0, 0x2f,
    0xff, 0xf1, 0x0, 0x0, 0x0, 0x0, 0x0, 0x0,
    0x2f, 0xff, 0xf1, 0x0, 0x0, 0x0, 0x0, 0x0,
    0x0, 0x2f, 0xff, 0xf1, 0x0, 0x0, 0x0, 0x0,
    0x0, 0x0, 0x2f, 0xff, 0xf1, 0x0, 0x0, 0x0,
    0x0, 0x0, 0x0, 0x2f, 0xff, 0xf1, 0x0, 0x0,
    0x0, 0x0, 0x0, 0x0, 0x2f, 0xff, 0xf1, 0x0,
    0x0, 0x0, 0x0, 0x0, 0x0, 0x2f, 0xff, 0xf1,
    0x0, 0x0, 0x0, 0x0, 0x0, 0x0, 0x2f, 0xff,
    0xf1, 0x0, 0x0, 0x0, 0x0, 0x0, 0x0, 0x2f,
    0xff, 0xf1, 0x0, 0x0, 0x0, 0x0, 0x0, 0x0,
    0x2f, 0xff, 0xf1, 0x0, 0x0, 0x0, 0x0, 0x0,
    0x0, 0x2f, 0xff, 0xf1, 0x0, 0x0, 0x0, 0x0,
    0x0, 0x0, 0x2f, 0xff, 0xf1, 0x0, 0x0, 0x0,
    0x0, 0x0, 0x0, 0x2f, 0xff, 0xf1, 0x0, 0x0,
    0x0, 0x0, 0x0, 0x0, 0x2f, 0xff, 0xf1, 0x0,
    0x0, 0x0, 0x0, 0x0, 0x0, 0x2f, 0xff, 0xf1,
    0x0, 0x0, 0x0,

    /* U+0055 "U" */
    0xff, 0xff, 0x30, 0x0, 0x0, 0x0, 0x4f, 0xff,
    0xef, 0xff, 0xf3, 0x0, 0x0, 0x0, 0x4, 0xff,
    0xfe, 0xff, 0xff, 0x30, 0x0, 0x0, 0x0, 0x4f,
    0xff, 0xef, 0xff, 0xf3, 0x0, 0x0, 0x0, 0x4,
    0xff, 0xfe, 0xff, 0xff, 0x30, 0x0, 0x0, 0x0,
    0x4f, 0xff, 0xef, 0xff, 0xf3, 0x0, 0x0, 0x0,
    0x4, 0xff, 0xfe, 0xff, 0xff, 0x30, 0x0, 0x0,
    0x0, 0x4f, 0xff, 0xef, 0xff, 0xf3, 0x0, 0x0,
    0x0, 0x4, 0xff, 0xfe, 0xff, 0xff, 0x30, 0x0,
    0x0, 0x0, 0x4f, 0xff, 0xef, 0xff, 0xf3, 0x0,
    0x0, 0x0, 0x4, 0xff, 0xfe, 0xff, 0xff, 0x30,
    0x0, 0x0, 0x0, 0x4f, 0xff, 0xef, 0xff, 0xf3,
    0x0, 0x0, 0x0, 0x4, 0xff, 0xfe, 0xef, 0xff,
    0x50, 0x0, 0x0, 0x0, 0x6f, 0xff, 0xdc, 0xff,
    0xf9, 0x0, 0x0, 0x0, 0xb, 0xff, 0xfb, 0x7f,
    0xff, 0xf5, 0x0, 0x0, 0x6, 0xff, 0xff, 0x71,
    0xff, 0xff, 0xfb, 0x76, 0x7c, 0xff, 0xff, 0xe1,
    0x5, 0xff, 0xff, 0xff, 0xff, 0xff, 0xff, 0xf3,
    0x0, 0x4, 0xef, 0xff, 0xff, 0xff, 0xff, 0xd4,
    0x0, 0x0, 0x0, 0x5a, 0xde, 0xfe, 0xda, 0x50,
    0x0, 0x0,

    /* U+0056 "V" */
    0x7f, 0xff, 0xf0, 0x0, 0x0, 0x0, 0x0, 0x6f,
    0xff, 0xe0, 0x1f, 0xff, 0xf5, 0x0, 0x0, 0x0,
    0x0, 0xbf, 0xff, 0x90, 0xb, 0xff, 0xfb, 0x0,
    0x0, 0x0, 0x1, 0xff, 0xff, 0x30, 0x6, 0xff,
    0xff, 0x10, 0x0, 0x0, 0x6, 0xff, 0xfd, 0x0,
    0x0, 0xff, 0xff, 0x60, 0x0, 0x0, 0xc, 0xff,
    0xf7, 0x0, 0x0, 0xaf, 0xff, 0xb0, 0x0, 0x0,
    0x1f, 0xff, 0xf1, 0x0, 0x0, 0x4f, 0xff, 0xf1,
    0x0, 0x0, 0x6f, 0xff, 0xb0, 0x0, 0x0, 0xe,
    0xff, 0xf6, 0x0, 0x0, 0xcf, 0xff, 0x50, 0x0,
    0x0, 0x8, 0xff, 0xfb, 0x0, 0x1, 0xff, 0xff,
    0x0, 0x0, 0x0, 0x3, 0xff, 0xff, 0x10, 0x7,
    0xff, 0xfa, 0x0, 0x0, 0x0, 0x0, 0xdf, 0xff,
    0x60, 0xc, 0xff, 0xf4, 0x0, 0x0, 0x0, 0x0,
    0x7f, 0xff, 0xc0, 0x2f, 0xff, 0xe0, 0x0, 0x0,
    0x0, 0x0, 0x1f, 0xff, 0xf1, 0x7f, 0xff, 0x80,
    0x0, 0x0, 0x0, 0x0, 0xb, 0xff, 0xf7, 0xcf,
    0xff, 0x20, 0x0, 0x0, 0x0, 0x0, 0x5, 0xff,
    0xfd, 0xff, 0xfc, 0x0, 0x0, 0x0, 0x0, 0x0,
    0x0, 0xff, 0xff, 0xff, 0xf7, 0x0, 0x0, 0x0,
    0x0, 0x0, 0x0, 0xaf, 0xff, 0xff, 0xf1, 0x0,
    0x0, 0x0, 0x0, 0x0, 0x0, 0x4f, 0xff, 0xff,
    0xb0, 0x0, 0x0, 0x0, 0x0, 0x0, 0x0, 0xe,
    0xff, 0xff, 0x50, 0x0, 0x0, 0x0,

    /* U+0057 "W" */
    0x9f, 0xff, 0xc0, 0x0, 0x0, 0xf, 0xff, 0xff,
    0x30, 0x0, 0x0, 0x6f, 0xff, 0x95, 0xff, 0xff,
    0x0, 0x0, 0x3, 0xff, 0xff, 0xf7, 0x0, 0x0,
    0xa, 0xff, 0xf5, 0x1f, 0xff, 0xf4, 0x0, 0x0,
    0x6f, 0xff, 0xff, 0xb0, 0x0, 0x0, 0xef, 0xff,
    0x10, 0xdf, 0xff, 0x80, 0x0, 0xa, 0xff, 0xff,
    0xfe, 0x0, 0x0, 0x1f, 0xff, 0xc0, 0x8, 0xff,
    0xfc, 0x0, 0x0, 0xef, 0xfe, 0xff, 0xf2, 0x0,
    0x5, 0xff, 0xf8, 0x0, 0x4f, 0xff, 0xf0, 0x0,
    0x1f, 0xff, 0x9f, 0xff, 0x60, 0x0, 0x9f, 0xff,
    0x40, 0x0, 0xff, 0xff, 0x40, 0x5, 0xff, 0xf3,
    0xff, 0xfa, 0x0, 0xd, 0xff, 0xf0, 0x0, 0xc,
    0xff, 0xf8, 0x0, 0x9f, 0xfe, 0xe, 0xff, 0xe0,
    0x1, 0xff, 0xfb, 0x0, 0x0, 0x7f, 0xff, 0xc0,
    0xc, 0xff, 0xb0, 0xaf, 0xff, 0x10, 0x5f, 0xff,
    0x70, 0x0, 0x3, 0xff, 0xff, 0x0, 0xff, 0xf7,
    0x6, 0xff, 0xf5, 0x9, 0xff, 0xf3, 0x0, 0x0,
    0xf, 0xff, 0xf4, 0x4f, 0xff, 0x30, 0x2f, 0xff,
    0x90, 0xdf, 0xfe, 0x0, 0x0, 0x0, 0xbf, 0xff,
    0x87, 0xff, 0xf0, 0x0, 0xef, 0xfd, 0x1f, 0xff,
    0xa0, 0x0, 0x0, 0x6, 0xff, 0xfb, 0xaf, 0xfb,
    0x0, 0xa, 0xff, 0xf5, 0xff, 0xf6, 0x0, 0x0,
    0x0, 0x2f, 0xff, 0xdd, 0xff, 0x80, 0x0, 0x6f,
    0xff, 0xbf, 0xff, 0x20, 0x0, 0x0, 0x0, 0xef,
    0xff, 0xff, 0xf4, 0x0, 0x2, 0xff, 0xff, 0xff,
    0xd0, 0x0, 0x0, 0x0, 0xa, 0xff, 0xff, 0xff,
    0x0, 0x0, 0xe, 0xff, 0xff, 0xf9, 0x0, 0x0,
    0x0, 0x0, 0x5f, 0xff, 0xff, 0xc0, 0x0, 0x0,
    0xbf, 0xff, 0xff, 0x50, 0x0, 0x0, 0x0, 0x1,
    0xff, 0xff, 0xf8, 0x0, 0x0, 0x7, 0xff, 0xff,
    0xf1, 0x0, 0x0, 0x0, 0x0, 0xd, 0xff, 0xff,
    0x40, 0x0, 0x0, 0x3f, 0xff, 0xfc, 0x0, 0x0,
    0x0,

    /* U+0058 "X" */
    0xb, 0xff, 0xff, 0x50, 0x0, 0x0, 0x4, 0xff,
    0xff, 0x80, 0x1, 0xef, 0xff, 0xe1, 0x0, 0x0,
    0xd, 0xff, 0xfc, 0x0, 0x0, 0x5f, 0xff, 0xfa,
    0x0, 0x0, 0x8f, 0xff, 0xf2, 0x0, 0x0, 0xa,
    0xff, 0xff, 0x50, 0x3, 0xff, 0xff, 0x60, 0x0,
    0x0, 0x1, 0xef, 0xff, 0xe1, 0xd, 0xff, 0xfb,
    0x0, 0x0, 0x0, 0x0, 0x4f, 0xff, 0xfa, 0x8f,
    0xff, 0xe1, 0x0, 0x0, 0x0, 0x0, 0x9, 0xff,
    0xff, 0xff, 0xff, 0x50, 0x0, 0x0, 0x0, 0x0,
    0x0, 0xdf, 0xff, 0xff, 0xfa, 0x0, 0x0, 0x0,
    0x0, 0x0, 0x0, 0x3f, 0xff, 0xff, 0xe0, 0x0,
    0x0, 0x0, 0x0, 0x0, 0x0, 0x3f, 0xff, 0xff,
    0xe0, 0x0, 0x0, 0x0, 0x0, 0x0, 0x0, 0xdf,
    0xff, 0xff, 0xfa, 0x0, 0x0, 0x0, 0x0, 0x0,
    0x8, 0xff, 0xff, 0xff, 0xff, 0x50, 0x0, 0x0,
    0x0, 0x0, 0x4f, 0xff, 0xf5, 0xdf, 0xff, 0xe1,
    0x0, 0x0, 0x0, 0x0, 0xef, 0xff, 0xa0, 0x3f,
    0xff, 0xfb, 0x0, 0x0, 0x0, 0xa, 0xff, 0xfe,
    0x10, 0x8, 0xff, 0xff, 0x60, 0x0, 0x0, 0x5f,
    0xff, 0xf5, 0x0, 0x0, 0xdf, 0xff, 0xf2, 0x0,
    0x1, 0xef, 0xff, 0xb0, 0x0, 0x0, 0x3f, 0xff,
    0xfc, 0x0, 0xb, 0xff, 0xff, 0x10, 0x0, 0x0,
    0x9, 0xff, 0xff, 0x70, 0x6f, 0xff, 0xf6, 0x0,
    0x0, 0x0, 0x0, 0xdf, 0xff, 0xf3,

    /* U+0059 "Y" */
    0x6f, 0xff, 0xf6, 0x0, 0x0, 0x0, 0x0, 0x9f,
    0xff, 0xe1, 0xc, 0xff, 0xfe, 0x10, 0x0, 0x0,
    0x3, 0xff, 0xff, 0x50, 0x2, 0xff, 0xff, 0xa0,
    0x0, 0x0, 0xc, 0xff, 0xfa, 0x0, 0x0, 0x7f,
    0xff, 0xf4, 0x0, 0x0, 0x6f, 0xff, 0xe1, 0x0,
    0x0, 0xc, 0xff, 0xfd, 0x0, 0x1, 0xff, 0xff,
    0x50, 0x0, 0x0, 0x2, 0xff, 0xff, 0x80, 0xa,
    0xff, 0xfb, 0x0, 0x0, 0x0, 0x0, 0x7f, 0xff,
    0xf2, 0x4f, 0xff, 0xf1, 0x0, 0x0, 0x0, 0x0,
    0xc, 0xff, 0xfc, 0xdf, 0xff, 0x60, 0x0, 0x0,
    0x0, 0x0, 0x3, 0xff, 0xff, 0xff, 0xfc, 0x0,
    0x0, 0x0, 0x0, 0x0, 0x0, 0x8f, 0xff, 0xff,
    0xf2, 0x0, 0x0, 0x0, 0x0, 0x0, 0x0, 0xd,
    0xff, 0xff, 0x70, 0x0, 0x0, 0x0, 0x0, 0x0,
    0x0, 0x5, 0xff, 0xfe, 0x0, 0x0, 0x0, 0x0,
    0x0, 0x0, 0x0, 0x4, 0xff, 0xfe, 0x0, 0x0,
    0x0, 0x0, 0x0, 0x0, 0x0, 0x4, 0xff, 0xfe,
    0x0, 0x0, 0x0, 0x0, 0x0, 0x0, 0x0, 0x4,
    0xff, 0xfe, 0x0, 0x0, 0x0, 0x0, 0x0, 0x0,
    0x0, 0x4, 0xff, 0xfe, 0x0, 0x0, 0x0, 0x0,
    0x0, 0x0, 0x0, 0x4, 0xff, 0xfe, 0x0, 0x0,
    0x0, 0x0, 0x0, 0x0, 0x0, 0x4, 0xff, 0xfe,
    0x0, 0x0, 0x0, 0x0, 0x0, 0x0, 0x0, 0x4,
    0xff, 0xfe, 0x0, 0x0, 0x0, 0x0,

    /* U+005A "Z" */
    0x8, 0xff, 0xff, 0xff, 0xff, 0xff, 0xff, 0xff,
    0xf0, 0x8, 0xff, 0xff, 0xff, 0xff, 0xff, 0xff,
    0xff, 0xf0, 0x8, 0xff, 0xff, 0xff, 0xff, 0xff,
    0xff, 0xff, 0x80, 0x3, 0x66, 0x66, 0x66, 0x66,
    0xaf, 0xff, 0xfc, 0x0, 0x0, 0x0, 0x0, 0x0,
    0x1, 0xef, 0xff, 0xf2, 0x0, 0x0, 0x0, 0x0,
    0x0, 0xc, 0xff, 0xff, 0x50, 0x0, 0x0, 0x0,
    0x0, 0x0, 0x7f, 0xff, 0xfa, 0x0, 0x0, 0x0,
    0x0, 0x0, 0x3, 0xff, 0xff, 0xd0, 0x0, 0x0,
    0x0, 0x0, 0x0, 0xd, 0xff, 0xff, 0x30, 0x0,
    0x0, 0x0, 0x0, 0x0, 0xaf, 0xff, 0xf7, 0x0,
    0x0, 0x0, 0x0, 0x0, 0x6, 0xff, 0xff, 0xb0,
    0x0, 0x0, 0x0, 0x0, 0x0, 0x2f, 0xff, 0xfe,
    0x10, 0x0, 0x0, 0x0, 0x0, 0x0, 0xcf, 0xff,
    0xf4, 0x0, 0x0, 0x0, 0x0, 0x0, 0x8, 0xff,
    0xff, 0x90, 0x0, 0x0, 0x0, 0x0, 0x0, 0x4f,
    0xff, 0xfd, 0x0, 0x0, 0x0, 0x0, 0x0, 0x1,
    0xef, 0xff, 0xf9, 0x77, 0x77, 0x77, 0x77, 0x71,
    0xb, 0xff, 0xff, 0xff, 0xff, 0xff, 0xff, 0xff,
    0xf4, 0x3f, 0xff, 0xff, 0xff, 0xff, 0xff, 0xff,
    0xff, 0xf4, 0x3f, 0xff, 0xff, 0xff, 0xff, 0xff,
    0xff, 0xff, 0xf4,

    /* U+005B "[" */
    0x2f, 0xff, 0xff, 0xf0, 0x2f, 0xff, 0xff, 0xf0,
    0x2f, 0xff, 0x87, 0x70, 0x2f, 0xff, 0x10, 0x0,
    0x2f, 0xff, 0x10, 0x0, 0x2f, 0xff, 0x10, 0x0,
    0x2f, 0xff, 0x10, 0x0, 0x2f, 0xff, 0x10, 0x0,
    0x2f, 0xff, 0x10, 0x0, 0x2f, 0xff, 0x10, 0x0,
    0x2f, 0xff, 0x10, 0x0, 0x2f, 0xff, 0x10, 0x0,
    0x2f, 0xff, 0x10, 0x0, 0x2f, 0xff, 0x10, 0x0,
    0x2f, 0xff, 0x10, 0x0, 0x2f, 0xff, 0x10, 0x0,
    0x2f, 0xff, 0x10, 0x0, 0x2f, 0xff, 0x10, 0x0,
    0x2f, 0xff, 0x10, 0x0, 0x2f, 0xff, 0x10, 0x0,
    0x2f, 0xff, 0x10, 0x0, 0x2f, 0xff, 0x10, 0x0,
    0x2f, 0xff, 0x88, 0x80, 0x2f, 0xff, 0xff, 0xf0,
    0x2f, 0xff, 0xff, 0xf0,

    /* U+005C "\\" */
    0xdf, 0xc0, 0x0, 0x0, 0x9, 0xff, 0x0, 0x0,
    0x0, 0x5f, 0xf4, 0x0, 0x0, 0x1, 0xff, 0x90,
    0x0, 0x0, 0xd, 0xfd, 0x0, 0x0, 0x0, 0x9f,
    0xf1, 0x0, 0x0, 0x4, 0xff, 0x50, 0x0, 0x0,
    0xf, 0xf9, 0x0, 0x0, 0x0, 0xcf, 0xe0, 0x0,
    0x0, 0x8, 0xff, 0x20, 0x0, 0x0, 0x4f, 0xf6,
    0x0, 0x0, 0x0, 0xff, 0xa0, 0x0, 0x0, 0xb,
    0xfe, 0x0, 0x0, 0x0, 0x7f, 0xf2, 0x0, 0x0,
    0x3, 0xff, 0x70, 0x0, 0x0, 0xf, 0xfb, 0x0,
    0x0, 0x0, 0xbf, 0xf0, 0x0, 0x0, 0x7, 0xff,
    0x30, 0x0, 0x0, 0x2f, 0xf7, 0x0, 0x0, 0x0,
    0xef, 0xc0, 0x0, 0x0, 0xa, 0xff, 0x0, 0x0,
    0x0, 0x6f, 0xf4,

    /* U+005D "]" */
    0x4f, 0xff, 0xff, 0xf4, 0xff, 0xff, 0xff, 0x28,
    0x8a, 0xff, 0xf0, 0x0, 0x4f, 0xff, 0x0, 0x4,
    0xff, 0xf0, 0x0, 0x4f, 0xff, 0x0, 0x4, 0xff,
    0xf0, 0x0, 0x4f, 0xff, 0x0, 0x4, 0xff, 0xf0,
    0x0, 0x4f, 0xff, 0x0, 0x4, 0xff, 0xf0, 0x0,
    0x4f, 0xff, 0x0, 0x4, 0xff, 0xf0, 0x0, 0x4f,
    0xff, 0x0, 0x4, 0xff, 0xf0, 0x0, 0x4f, 0xff,
    0x0, 0x4, 0xff, 0xf0, 0x0, 0x4f, 0xff, 0x0,
    0x4, 0xff, 0xf0, 0x0, 0x4f, 0xff, 0x0, 0x4,
    0xff, 0xf0, 0x0, 0x4f, 0xff, 0x17, 0x7a, 0xff,
    0xf4, 0xff, 0xff, 0xff, 0x4f, 0xff, 0xff, 0xf0,

    /* U+005E "^" */
    0x0, 0x0, 0x5, 0x88, 0x50, 0x0, 0x0, 0x0,
    0x0, 0x1f, 0xff, 0xf0, 0x0, 0x0, 0x0, 0x0,
    0x7f, 0xff, 0xf6, 0x0, 0x0, 0x0, 0x0, 0xef,
    0xff, 0xfd, 0x0, 0x0, 0x0, 0x5, 0xff, 0x9b,
    0xff, 0x40, 0x0, 0x0, 0xc, 0xff, 0x34, 0xff,
    0xb0, 0x0, 0x0, 0x3f, 0xfd, 0x0, 0xef, 0xf2,
    0x0, 0x0, 0x9f, 0xf6, 0x0, 0x7f, 0xf9, 0x0,
    0x1, 0xff, 0xf1, 0x0, 0x1f, 0xff, 0x0, 0x7,
    0xff, 0xa0, 0x0, 0xa, 0xff, 0x60, 0xe, 0xff,
    0x30, 0x0, 0x4, 0xff, 0xd0,

    /* U+005F "_" */
    0x99, 0x99, 0x99, 0x99, 0x99, 0x99, 0x99, 0x4f,
    0xff, 0xff, 0xff, 0xff, 0xff, 0xff, 0xf8, 0xff,
    0xff, 0xff, 0xff, 0xff, 0xff, 0xff, 0x80,

    /* U+0060 "`" */
    0x7a, 0xaa, 0x20, 0x1, 0xdf, 0xfc, 0x0, 0x2,
    0xef, 0xf6, 0x0, 0x3, 0xff, 0xf1,

    /* U+0061 "a" */
    0x0, 0x1, 0x7b, 0xef, 0xfe, 0xb6, 0x0, 0x0,
    0x0, 0x4, 0xef, 0xff, 0xff, 0xff, 0xfd, 0x10,
    0x0, 0x1, 0xef, 0xff, 0xfd, 0xef, 0xff, 0xfb,
    0x0, 0x0, 0x5f, 0xff, 0xb0, 0x0, 0x3f, 0xff,
    0xf1, 0x0, 0x2, 0x77, 0x73, 0x0, 0x0, 0xbf,
    0xff, 0x30, 0x0, 0x0, 0x0, 0x2, 0x45, 0x5c,
    0xff, 0xf3, 0x0, 0x0, 0x5, 0xbf, 0xff, 0xff,
    0xff, 0xff, 0x30, 0x0, 0xa, 0xff, 0xff, 0xff,
    0xff, 0xff, 0xf3, 0x0, 0x8, 0xff, 0xfe, 0x83,
    0x10, 0xaf, 0xff, 0x30, 0x0, 0xef, 0xff, 0x20,
    0x0, 0xc, 0xff, 0xf3, 0x0, 0xf, 0xff, 0xf0,
    0x0, 0x2, 0xff, 0xff, 0x30, 0x0, 0xff, 0xff,
    0x71, 0x15, 0xef, 0xff, 0xf6, 0x0, 0xc, 0xff,
    0xff, 0xff, 0xff, 0xff, 0xff, 0xff, 0x10, 0x3f,
    0xff, 0xff, 0xff, 0xd3, 0xef, 0xff, 0xf1, 0x0,
    0x2a, 0xef, 0xfc, 0x60, 0x3, 0xcf, 0xfb, 0x0,

    /* U+0062 "b" */
    0x3f, 0xff, 0xb0, 0x0, 0x0, 0x0, 0x0, 0x3,
    0xff, 0xfb, 0x0, 0x0, 0x0, 0x0, 0x0, 0x3f,
    0xff, 0xb0, 0x0, 0x0, 0x0, 0x0, 0x3, 0xff,
    0xfb, 0x0, 0x0, 0x0, 0x0, 0x0, 0x3f, 0xff,
    0xb0, 0x0, 0x0, 0x0, 0x0, 0x3, 0xff, 0xfb,
    0x6, 0xce, 0xfd, 0x81, 0x0, 0x3f, 0xff, 0xba,
    0xff, 0xff, 0xff, 0xd2, 0x3, 0xff, 0xff, 0xff,
    0xff, 0xff, 0xff, 0xc0, 0x3f, 0xff, 0xff, 0x73,
    0x39, 0xff, 0xff, 0x43, 0xff, 0xff, 0x50, 0x0,
    0x9, 0xff, 0xf9, 0x3f, 0xff, 0xe0, 0x0, 0x0,
    0x3f, 0xff, 0xc3, 0xff, 0xfb, 0x0, 0x0, 0x1,
    0xff, 0xfe, 0x3f, 0xff, 0xa0, 0x0, 0x0, 0xf,
    0xff, 0xe3, 0xff, 0xfb, 0x0, 0x0, 0x0, 0xff,
    0xfd, 0x3f, 0xff, 0xd0, 0x0, 0x0, 0x3f, 0xff,
    0xc3, 0xff, 0xff, 0x40, 0x0, 0x9, 0xff, 0xf9,
    0x3f, 0xff, 0xff, 0x73, 0x38, 0xff, 0xff, 0x43,
    0xff, 0xff, 0xff, 0xff, 0xff, 0xff, 0xc0, 0x3f,
    0xff, 0x4d, 0xff, 0xff, 0xff, 0xd2, 0x3, 0xff,
    0xf0, 0x7, 0xcf, 0xfd, 0x71, 0x0,

    /* U+0063 "c" */
    0x0, 0x3, 0x9d, 0xef, 0xeb, 0x60, 0x0, 0x0,
    0x9f, 0xff, 0xff, 0xff, 0xfe, 0x30, 0x8, 0xff,
    0xff, 0xff, 0xff, 0xff, 0xe1, 0x2f, 0xff, 0xf7,
    0x10, 0x3d, 0xff, 0xf8, 0x8f, 0xff, 0x80, 0x0,
    0x3, 0xff, 0xfc, 0xcf, 0xff, 0x30, 0x0, 0x0,
    0xdd, 0xdb, 0xdf, 0xff, 0x0, 0x0, 0x0, 0x0,
    0x0, 0xef, 0xff, 0x0, 0x0, 0x0, 0x0, 0x0,
    0xdf, 0xff, 0x0, 0x0, 0x0, 0x0, 0x0, 0xcf,
    0xff, 0x30, 0x0, 0x0, 0xad, 0xdb, 0x8f, 0xff,
    0x80, 0x0, 0x1, 0xff, 0xfc, 0x2f, 0xff, 0xf7,
    0x10, 0x2b, 0xff, 0xf7, 0x9, 0xff, 0xff, 0xff,
    0xff, 0xff, 0xe1, 0x0, 0x9f, 0xff, 0xff, 0xff,
    0xfd, 0x20, 0x0, 0x3, 0x9d, 0xef, 0xeb, 0x60,
    0x0,

    /* U+0064 "d" */
    0x0, 0x0, 0x0, 0x0, 0x0, 0xaf, 0xff, 0x30,
    0x0, 0x0, 0x0, 0x0, 0xa, 0xff, 0xf3, 0x0,
    0x0, 0x0, 0x0, 0x0, 0xaf, 0xff, 0x30, 0x0,
    0x0, 0x0, 0x0, 0xa, 0xff, 0xf3, 0x0, 0x0,
    0x0, 0x0, 0x0, 0xaf, 0xff, 0x30, 0x0, 0x7d,
    0xfe, 0xc6, 0xa, 0xff, 0xf3, 0x1, 0xdf, 0xff,
    0xff, 0xfb, 0xaf, 0xff, 0x30, 0xbf, 0xff, 0xff,
    0xff, 0xff, 0xff, 0xf3, 0x4f, 0xff, 0xf9, 0x43,
    0x7f, 0xff, 0xff, 0x39, 0xff, 0xf9, 0x0, 0x0,
    0x4f, 0xff, 0xf3, 0xcf, 0xff, 0x30, 0x0, 0x0,
    0xdf, 0xff, 0x3d, 0xff, 0xf1, 0x0, 0x0, 0xb,
    0xff, 0xf3, 0xef, 0xff, 0x0, 0x0, 0x0, 0xaf,
    0xff, 0x3d, 0xff, 0xf1, 0x0, 0x0, 0xa, 0xff,
    0xf3, 0xcf, 0xff, 0x30, 0x0, 0x0, 0xdf, 0xff,
    0x39, 0xff, 0xf9, 0x0, 0x0, 0x4f, 0xff, 0xf3,
    0x4f, 0xff, 0xf9, 0x43, 0x6e, 0xff, 0xff, 0x30,
    0xcf, 0xff, 0xff, 0xff, 0xff, 0xff, 0xf3, 0x1,
    0xdf, 0xff, 0xff, 0xfd, 0x3f, 0xff, 0x30, 0x0,
    0x7c, 0xff, 0xc7, 0x0, 0xff, 0xf3,

    /* U+0065 "e" */
    0x0, 0x3, 0x8d, 0xef, 0xec, 0x71, 0x0, 0x0,
    0x9, 0xff, 0xff, 0xff, 0xff, 0xe4, 0x0, 0x8,
    0xff, 0xff, 0xfe, 0xff, 0xff, 0xf2, 0x2, 0xff,
    0xfe, 0x40, 0x0, 0x9f, 0xff, 0xa0, 0x8f, 0xff,
    0x50, 0x0, 0x0, 0xef, 0xff, 0xc, 0xff, 0xf8,
    0x77, 0x77, 0x7d, 0xff, 0xf2, 0xdf, 0xff, 0xff,
    0xff, 0xff, 0xff, 0xff, 0x3e, 0xff, 0xff, 0xff,
    0xff, 0xff, 0xff, 0xf4, 0xdf, 0xff, 0x0, 0x0,
    0x0, 0x0, 0x0, 0xc, 0xff, 0xf3, 0x0, 0x0,
    0x6, 0xaa, 0xa2, 0x8f, 0xff, 0x80, 0x0, 0x0,
    0xcf, 0xff, 0x22, 0xff, 0xff, 0x60, 0x0, 0x8f,
    0xff, 0xe0, 0x8, 0xff, 0xff, 0xfe, 0xff, 0xff,
    0xf5, 0x0, 0x9, 0xff, 0xff, 0xff, 0xff, 0xf7,
    0x0, 0x0, 0x3, 0x9d, 0xef, 0xfc, 0x82, 0x0,
    0x0,

    /* U+0066 "f" */
    0x0, 0x1, 0xae, 0xfe, 0xc0, 0x0, 0xe, 0xff,
    0xff, 0xf1, 0x0, 0x5f, 0xff, 0xea, 0x90, 0x0,
    0x8f, 0xff, 0x60, 0x0, 0x0, 0x8f, 0xff, 0x50,
    0x0, 0xaf, 0xff, 0xff, 0xff, 0xf1, 0xaf, 0xff,
    0xff, 0xff, 0xf1, 0xaf, 0xff, 0xff, 0xff, 0xf1,
    0x0, 0x8f, 0xff, 0x50, 0x0, 0x0, 0x8f, 0xff,
    0x50, 0x0, 0x0, 0x8f, 0xff, 0x50, 0x0, 0x0,
    0x8f, 0xff, 0x50, 0x0, 0x0, 0x8f, 0xff, 0x50,
    0x0, 0x0, 0x8f, 0xff, 0x50, 0x0, 0x0, 0x8f,
    0xff, 0x50, 0x0, 0x0, 0x8f, 0xff, 0x50, 0x0,
    0x0, 0x8f, 0xff, 0x50, 0x0, 0x0, 0x8f, 0xff,
    0x50, 0x0, 0x0, 0x8f, 0xff, 0x50, 0x0, 0x0,
    0x8f, 0xff, 0x50, 0x0,

    /* U+0067 "g" */
    0x0, 0x0, 0x0, 0x0, 0x0, 0x0, 0x7, 0x88,
    0x40, 0x0, 0x0, 0x0, 0x0, 0x0, 0x4, 0xff,
    0xf8, 0x0, 0x0, 0x0, 0x0, 0x0, 0x0, 0xdf,
    0xff, 0x30, 0x0, 0x4, 0x9d, 0xef, 0xec, 0xdf,
    0xff, 0x70, 0x0, 0xb, 0xff, 0xff, 0xff, 0xff,
    0xfd, 0x20, 0x0, 0xa, 0xff, 0xfe, 0x98, 0xaf,
    0xff, 0xf4, 0x0, 0x1, 0xff, 0xfe, 0x10, 0x0,
    0x3f, 0xff, 0xc0, 0x0, 0x3f, 0xff, 0xa0, 0x0,
    0x0, 0xef, 0xff, 0x0, 0x2, 0xff, 0xfb, 0x0,
    0x0, 0xf, 0xff, 0xe0, 0x0, 0xd, 0xff, 0xf7,
    0x10, 0x2b, 0xff, 0xfa, 0x0, 0x0, 0x3f, 0xff,
    0xff, 0xff, 0xff, 0xfe, 0x20, 0x0, 0x0, 0x9f,
    0xff, 0xff, 0xff, 0xfb, 0x20, 0x0, 0x1, 0xdf,
    0xfd, 0x88, 0x87, 0x51, 0x0, 0x0, 0x0, 0x8f,
    0xff, 0x40, 0x0, 0x0, 0x0, 0x0, 0x0, 0xa,
    0xff, 0xf9, 0x22, 0x22, 0x22, 0x10, 0x0, 0x0,
    0x7f, 0xff, 0xff, 0xff, 0xff, 0xff, 0xfb, 0x20,
    0x0, 0xaf, 0xff, 0xff, 0xff, 0xff, 0xff, 0xfe,
    0x10, 0x5e, 0xff, 0xff, 0xff, 0xff, 0xff, 0xff,
    0xf7, 0x3f, 0xff, 0x90, 0x0, 0x0, 0x0, 0x9f,
    0xff, 0xa8, 0xff, 0xf6, 0x0, 0x0, 0x0, 0x6,
    0xff, 0xf8, 0x7f, 0xff, 0xfa, 0x99, 0x99, 0x9a,
    0xff, 0xff, 0x21, 0xef, 0xff, 0xff, 0xff, 0xff,
    0xff, 0xff, 0x60, 0x2, 0xae, 0xff, 0xff, 0xff,
    0xff, 0xd9, 0x20, 0x0,

    /* U+0068 "h" */
    0x3f, 0xff, 0xb0, 0x0, 0x0, 0x0, 0x0, 0x3,
    0xff, 0xfb, 0x0, 0x0, 0x0, 0x0, 0x0, 0x3f,
    0xff, 0xb0, 0x0, 0x0, 0x0, 0x0, 0x3, 0xff,
    0xfb, 0x0, 0x0, 0x0, 0x0, 0x0, 0x3f, 0xff,
    0xb0, 0x0, 0x0, 0x0, 0x0, 0x3, 0xff, 0xfb,
    0x4, 0xbe, 0xfd, 0x91, 0x0, 0x3f, 0xff, 0xb9,
    0xff, 0xff, 0xff, 0xe1, 0x3, 0xff, 0xff, 0xff,
    0xff, 0xff, 0xff, 0xa0, 0x3f, 0xff, 0xff, 0x73,
    0x5c, 0xff, 0xff, 0x3, 0xff, 0xff, 0x40, 0x0,
    0x1f, 0xff, 0xf1, 0x3f, 0xff, 0xd0, 0x0, 0x0,
    0xcf, 0xff, 0x23, 0xff, 0xfb, 0x0, 0x0, 0xc,
    0xff, 0xf2, 0x3f, 0xff, 0xb0, 0x0, 0x0, 0xcf,
    0xff, 0x23, 0xff, 0xfb, 0x0, 0x0, 0xc, 0xff,
    0xf2, 0x3f, 0xff, 0xb0, 0x0, 0x0, 0xcf, 0xff,
    0x23, 0xff, 0xfb, 0x0, 0x0, 0xc, 0xff, 0xf2,
    0x3f, 0xff, 0xb0, 0x0, 0x0, 0xcf, 0xff, 0x23,
    0xff, 0xfb, 0x0, 0x0, 0xc, 0xff, 0xf2, 0x3f,
    0xff, 0xb0, 0x0, 0x0, 0xcf, 0xff, 0x23, 0xff,
    0xfb, 0x0, 0x0, 0xc, 0xff, 0xf2,

    /* U+0069 "i" */
    0x3f, 0xff, 0xb3, 0xff, 0xfb, 0x3f, 0xff, 0xb1,
    0x55, 0x53, 0x0, 0x0, 0x3, 0xff, 0xfb, 0x3f,
    0xff, 0xb3, 0xff, 0xfb, 0x3f, 0xff, 0xb3, 0xff,
    0xfb, 0x3f, 0xff, 0xb3, 0xff, 0xfb, 0x3f, 0xff,
    0xb3, 0xff, 0xfb, 0x3f, 0xff, 0xb3, 0xff, 0xfb,
    0x3f, 0xff, 0xb3, 0xff, 0xfb, 0x3f, 0xff, 0xb3,
    0xff, 0xfb,

    /* U+006A "j" */
    0x0, 0x3f, 0xff, 0xb0, 0x3, 0xff, 0xfb, 0x0,
    0x3f, 0xff, 0xb0, 0x1, 0x55, 0x53, 0x0, 0x0,
    0x0, 0x0, 0x3, 0xff, 0xfb, 0x0, 0x3f, 0xff,
    0xb0, 0x3, 0xff, 0xfb, 0x0, 0x3f, 0xff, 0xb0,
    0x3, 0xff, 0xfb, 0x0, 0x3f, 0xff, 0xb0, 0x3,
    0xff, 0xfb, 0x0, 0x3f, 0xff, 0xb0, 0x3, 0xff,
    0xfb, 0x0, 0x3f, 0xff, 0xb0, 0x3, 0xff, 0xfb,
    0x0, 0x3f, 0xff, 0xb0, 0x3, 0xff, 0xfb, 0x0,
    0x3f, 0xff, 0xb0, 0x3, 0xff, 0xfb, 0x0, 0x3f,
    0xff, 0xa0, 0x8, 0xff, 0xfa, 0xef, 0xff, 0xff,
    0x7e, 0xff, 0xff, 0xe1, 0xae, 0xfe, 0xa2, 0x0,

    /* U+006B "k" */
    0x3f, 0xff, 0xb0, 0x0, 0x0, 0x0, 0x0, 0x3,
    0xff, 0xfb, 0x0, 0x0, 0x0, 0x0, 0x0, 0x3f,
    0xff, 0xb0, 0x0, 0x0, 0x0, 0x0, 0x3, 0xff,
    0xfb, 0x0, 0x0, 0x0, 0x0, 0x0, 0x3f, 0xff,
    0xb0, 0x0, 0x0, 0x0, 0x0, 0x3, 0xff, 0xfb,
    0x0, 0x0, 0x9f, 0xff, 0xe1, 0x3f, 0xff, 0xb0,
    0x0, 0x6f, 0xff, 0xf2, 0x3, 0xff, 0xfb, 0x0,
    0x3f, 0xff, 0xf4, 0x0, 0x3f, 0xff, 0xb0, 0x2e,
    0xff, 0xf6, 0x0, 0x3, 0xff, 0xfb, 0xd, 0xff,
    0xf8, 0x0, 0x0, 0x3f, 0xff, 0xba, 0xff, 0xfa,
    0x0, 0x0, 0x3, 0xff, 0xff, 0xff, 0xff, 0xb0,
    0x0, 0x0, 0x3f, 0xff, 0xff, 0xff, 0xff, 0x40,
    0x0, 0x3, 0xff, 0xff, 0xfe, 0xff, 0xfd, 0x0,
    0x0, 0x3f, 0xff, 0xfd, 0x1b, 0xff, 0xf7, 0x0,
    0x3, 0xff, 0xfe, 0x10, 0x3f, 0xff, 0xf1, 0x0,
    0x3f, 0xff, 0xb0, 0x0, 0xaf, 0xff, 0x90, 0x3,
    0xff, 0xfb, 0x0, 0x2, 0xff, 0xff, 0x30, 0x3f,
    0xff, 0xb0, 0x0, 0x9, 0xff, 0xfc, 0x3, 0xff,
    0xfb, 0x0, 0x0, 0x1f, 0xff, 0xf5,

    /* U+006C "l" */
    0x3f, 0xff, 0xb3, 0xff, 0xfb, 0x3f, 0xff, 0xb3,
    0xff, 0xfb, 0x3f, 0xff, 0xb3, 0xff, 0xfb, 0x3f,
    0xff, 0xb3, 0xff, 0xfb, 0x3f, 0xff, 0xb3, 0xff,
    0xfb, 0x3f, 0xff, 0xb3, 0xff, 0xfb, 0x3f, 0xff,
    0xb3, 0xff, 0xfb, 0x3f, 0xff, 0xb3, 0xff, 0xfb,
    0x3f, 0xff, 0xb3, 0xff, 0xfb, 0x3f, 0xff, 0xb3,
    0xff, 0xfb,

    /* U+006D "m" */
    0x3f, 0xff, 0x10, 0x7c, 0xff, 0xc6, 0x0, 0x29,
    0xdf, 0xeb, 0x30, 0x3, 0xff, 0xf5, 0xdf, 0xff,
    0xff, 0xf8, 0x5f, 0xff, 0xff, 0xff, 0x30, 0x3f,
    0xff, 0xff, 0xff, 0xff, 0xff, 0xff, 0xff, 0xff,
    0xff, 0xfc, 0x3, 0xff, 0xff, 0xc2, 0x3, 0xff,
    0xff, 0xfa, 0x10, 0x5f, 0xff, 0xf1, 0x3f, 0xff,
    0xf1, 0x0, 0x9, 0xff, 0xfd, 0x0, 0x0, 0xcf,
    0xff, 0x33, 0xff, 0xfc, 0x0, 0x0, 0x7f, 0xff,
    0x80, 0x0, 0xa, 0xff, 0xf4, 0x3f, 0xff, 0xb0,
    0x0, 0x6, 0xff, 0xf7, 0x0, 0x0, 0xaf, 0xff,
    0x43, 0xff, 0xfb, 0x0, 0x0, 0x6f, 0xff, 0x70,
    0x0, 0xa, 0xff, 0xf4, 0x3f, 0xff, 0xb0, 0x0,
    0x6, 0xff, 0xf7, 0x0, 0x0, 0xaf, 0xff, 0x43,
    0xff, 0xfb, 0x0, 0x0, 0x6f, 0xff, 0x70, 0x0,
    0xa, 0xff, 0xf4, 0x3f, 0xff, 0xb0, 0x0, 0x6,
    0xff, 0xf7, 0x0, 0x0, 0xaf, 0xff, 0x43, 0xff,
    0xfb, 0x0, 0x0, 0x6f, 0xff, 0x70, 0x0, 0xa,
    0xff, 0xf4, 0x3f, 0xff, 0xb0, 0x0, 0x6, 0xff,
    0xf7, 0x0, 0x0, 0xaf, 0xff, 0x43, 0xff, 0xfb,
    0x0, 0x0, 0x6f, 0xff, 0x70, 0x0, 0xa, 0xff,
    0xf4, 0x3f, 0xff, 0xb0, 0x0, 0x6, 0xff, 0xf7,
    0x0, 0x0, 0xaf, 0xff, 0x40,

    /* U+006E "n" */
    0x3f, 0xff, 0x10, 0x5c, 0xff, 0xd9, 0x10, 0x3,
    0xff, 0xf3, 0xbf, 0xff, 0xff, 0xfe, 0x10, 0x3f,
    0xff, 0xef, 0xff, 0xff, 0xff, 0xfa, 0x3, 0xff,
    0xff, 0xf7, 0x35, 0xcf, 0xff, 0xf0, 0x3f, 0xff,
    0xf4, 0x0, 0x1, 0xff, 0xff, 0x13, 0xff, 0xfd,
    0x0, 0x0, 0xc, 0xff, 0xf2, 0x3f, 0xff, 0xb0,
    0x0, 0x0, 0xcf, 0xff, 0x23, 0xff, 0xfb, 0x0,
    0x0, 0xc, 0xff, 0xf2, 0x3f, 0xff, 0xb0, 0x0,
    0x0, 0xcf, 0xff, 0x23, 0xff, 0xfb, 0x0, 0x0,
    0xc, 0xff, 0xf2, 0x3f, 0xff, 0xb0, 0x0, 0x0,
    0xcf, 0xff, 0x23, 0xff, 0xfb, 0x0, 0x0, 0xc,
    0xff, 0xf2, 0x3f, 0xff, 0xb0, 0x0, 0x0, 0xcf,
    0xff, 0x23, 0xff, 0xfb, 0x0, 0x0, 0xc, 0xff,
    0xf2, 0x3f, 0xff, 0xb0, 0x0, 0x0, 0xcf, 0xff,
    0x20,

    /* U+006F "o" */
    0x0, 0x2, 0x8c, 0xef, 0xed, 0x93, 0x0, 0x0,
    0x0, 0x8f, 0xff, 0xff, 0xff, 0xff, 0xa0, 0x0,
    0x8, 0xff, 0xff, 0xff, 0xff, 0xff, 0xfa, 0x0,
    0x2f, 0xff, 0xf8, 0x10, 0x17, 0xff, 0xff, 0x40,
    0x8f, 0xff, 0x90, 0x0, 0x0, 0x7f, 0xff, 0xa0,
    0xcf, 0xff, 0x30, 0x0, 0x0, 0x1f, 0xff, 0xe0,
    0xdf, 0xff, 0x10, 0x0, 0x0, 0xe, 0xff, 0xf0,
    0xef, 0xff, 0x0, 0x0, 0x0, 0xe, 0xff, 0xf1,
    0xdf, 0xff, 0x10, 0x0, 0x0, 0xe, 0xff, 0xf0,
    0xcf, 0xff, 0x30, 0x0, 0x0, 0x1f, 0xff, 0xe0,
    0x7f, 0xff, 0x90, 0x0, 0x0, 0x7f, 0xff, 0xa0,
    0x2f, 0xff, 0xf8, 0x20, 0x17, 0xff, 0xff, 0x40,
    0x8, 0xff, 0xff, 0xff, 0xff, 0xff, 0xfa, 0x0,
    0x0, 0x8f, 0xff, 0xff, 0xff, 0xff, 0xa0, 0x0,
    0x0, 0x2, 0x8c, 0xef, 0xed, 0x93, 0x0, 0x0,

    /* U+0070 "p" */
    0x3f, 0xff, 0x0, 0x7c, 0xff, 0xd7, 0x10, 0x3,
    0xff, 0xf4, 0xcf, 0xff, 0xff, 0xfd, 0x20, 0x3f,
    0xff, 0xff, 0xff, 0xff, 0xff, 0xfc, 0x3, 0xff,
    0xff, 0xf7, 0x33, 0x9f, 0xff, 0xf4, 0x3f, 0xff,
    0xf4, 0x0, 0x0, 0x9f, 0xff, 0x93, 0xff, 0xfe,
    0x0, 0x0, 0x3, 0xff, 0xfc, 0x3f, 0xff, 0xb0,
    0x0, 0x0, 0x1f, 0xff, 0xd3, 0xff, 0xfa, 0x0,
    0x0, 0x0, 0xff, 0xfe, 0x3f, 0xff, 0xb0, 0x0,
    0x0, 0xf, 0xff, 0xe3, 0xff, 0xfe, 0x0, 0x0,
    0x3, 0xff, 0xfc, 0x3f, 0xff, 0xf5, 0x0, 0x0,
    0x9f, 0xff, 0x93, 0xff, 0xff, 0xf7, 0x33, 0x8f,
    0xff, 0xf4, 0x3f, 0xff, 0xff, 0xff, 0xff, 0xff,
    0xfc, 0x3, 0xff, 0xfb, 0xaf, 0xff, 0xff, 0xfd,
    0x20, 0x3f, 0xff, 0xb0, 0x6c, 0xef, 0xd8, 0x10,
    0x3, 0xff, 0xfb, 0x0, 0x0, 0x0, 0x0, 0x0,
    0x3f, 0xff, 0xb0, 0x0, 0x0, 0x0, 0x0, 0x3,
    0xff, 0xfb, 0x0, 0x0, 0x0, 0x0, 0x0, 0x3f,
    0xff, 0xb0, 0x0, 0x0, 0x0, 0x0, 0x3, 0xff,
    0xfb, 0x0, 0x0, 0x0, 0x0, 0x0,

    /* U+0071 "q" */
    0x0, 0x7, 0xcf, 0xfc, 0x70, 0xf, 0xff, 0x30,
    0x2d, 0xff, 0xff, 0xff, 0xd4, 0xff, 0xf3, 0xc,
    0xff, 0xff, 0xff, 0xff, 0xff, 0xff, 0x34, 0xff,
    0xff, 0x94, 0x36, 0xff, 0xff, 0xf3, 0x9f, 0xff,
    0x90, 0x0, 0x4, 0xff, 0xff, 0x3c, 0xff, 0xf3,
    0x0, 0x0, 0xd, 0xff, 0xf3, 0xdf, 0xff, 0x10,
    0x0, 0x0, 0xaf, 0xff, 0x3e, 0xff, 0xf0, 0x0,
    0x0, 0xa, 0xff, 0xf3, 0xdf, 0xff, 0x10, 0x0,
    0x0, 0xbf, 0xff, 0x3c, 0xff, 0xf3, 0x0, 0x0,
    0xd, 0xff, 0xf3, 0x9f, 0xff, 0x90, 0x0, 0x4,
    0xff, 0xff, 0x34, 0xff, 0xff, 0x94, 0x36, 0xff,
    0xff, 0xf3, 0xb, 0xff, 0xff, 0xff, 0xff, 0xff,
    0xff, 0x30, 0x1d, 0xff, 0xff, 0xff, 0xba, 0xff,
    0xf3, 0x0, 0x7, 0xdf, 0xec, 0x60, 0xaf, 0xff,
    0x30, 0x0, 0x0, 0x0, 0x0, 0xa, 0xff, 0xf3,
    0x0, 0x0, 0x0, 0x0, 0x0, 0xaf, 0xff, 0x30,
    0x0, 0x0, 0x0, 0x0, 0xa, 0xff, 0xf3, 0x0,
    0x0, 0x0, 0x0, 0x0, 0xaf, 0xff, 0x30, 0x0,
    0x0, 0x0, 0x0, 0xa, 0xff, 0xf3,

    /* U+0072 "r" */
    0x3f, 0xff, 0x11, 0xaf, 0xf6, 0x3f, 0xff, 0x3d,
    0xff, 0xf6, 0x3f, 0xff, 0xcf, 0xff, 0xf6, 0x3f,
    0xff, 0xff, 0xfe, 0xc4, 0x3f, 0xff, 0xfc, 0x20,
    0x0, 0x3f, 0xff, 0xf2, 0x0, 0x0, 0x3f, 0xff,
    0xc0, 0x0, 0x0, 0x3f, 0xff, 0xb0, 0x0, 0x0,
    0x3f, 0xff, 0xb0, 0x0, 0x0, 0x3f, 0xff, 0xb0,
    0x0, 0x0, 0x3f, 0xff, 0xb0, 0x0, 0x0, 0x3f,
    0xff, 0xb0, 0x0, 0x0, 0x3f, 0xff, 0xb0, 0x0,
    0x0, 0x3f, 0xff, 0xb0, 0x0, 0x0, 0x3f, 0xff,
    0xb0, 0x0, 0x0,

    /* U+0073 "s" */
    0x0, 0x17, 0xbe, 0xff, 0xea, 0x50, 0x0, 0x4,
    0xff, 0xff, 0xff, 0xff, 0xfc, 0x10, 0x1f, 0xff,
    0xff, 0xde, 0xff, 0xff, 0xb0, 0x7f, 0xff, 0x90,
    0x0, 0x2e, 0xff, 0xf0, 0x8f, 0xff, 0x70, 0x0,
    0x5, 0x99, 0x90, 0x6f, 0xff, 0xfc, 0x73, 0x0,
    0x0, 0x0, 0xd, 0xff, 0xff, 0xff, 0xfa, 0x50,
    0x0, 0x1, 0x9f, 0xff, 0xff, 0xff, 0xfe, 0x40,
    0x0, 0x1, 0x5a, 0xef, 0xff, 0xff, 0xf1, 0x0,
    0x0, 0x0, 0x2, 0x7f, 0xff, 0xf6, 0xce, 0xec,
    0x0, 0x0, 0x6, 0xff, 0xf7, 0xbf, 0xff, 0x80,
    0x0, 0x1b, 0xff, 0xf6, 0x4f, 0xff, 0xff, 0xdd,
    0xff, 0xff, 0xe1, 0x6, 0xff, 0xff, 0xff, 0xff,
    0xfe, 0x30, 0x0, 0x18, 0xce, 0xfe, 0xdb, 0x71,
    0x0,

    /* U+0074 "t" */
    0x0, 0xf, 0xff, 0x20, 0x0, 0x2, 0xff, 0xf2,
    0x0, 0x0, 0x5f, 0xff, 0x20, 0x0, 0x8, 0xff,
    0xf2, 0x0, 0x8f, 0xff, 0xff, 0xff, 0xd8, 0xff,
    0xff, 0xff, 0xfd, 0x8f, 0xff, 0xff, 0xff, 0xd0,
    0xb, 0xff, 0xf2, 0x0, 0x0, 0xbf, 0xff, 0x20,
    0x0, 0xb, 0xff, 0xf2, 0x0, 0x0, 0xbf, 0xff,
    0x20, 0x0, 0xb, 0xff, 0xf2, 0x0, 0x0, 0xbf,
    0xff, 0x20, 0x0, 0xb, 0xff, 0xf2, 0x0, 0x0,
    0xbf, 0xff, 0x20, 0x0, 0xb, 0xff, 0xf7, 0x0,
    0x0, 0x8f, 0xff, 0xff, 0xd0, 0x2, 0xff, 0xff,
    0xfd, 0x0, 0x3, 0xbe, 0xfd, 0x90,

    /* U+0075 "u" */
    0x5f, 0xff, 0x90, 0x0, 0x0, 0xdf, 0xff, 0x5,
    0xff, 0xf9, 0x0, 0x0, 0xd, 0xff, 0xf0, 0x5f,
    0xff, 0x90, 0x0, 0x0, 0xdf, 0xff, 0x5, 0xff,
    0xf9, 0x0, 0x0, 0xd, 0xff, 0xf0, 0x5f, 0xff,
    0x90, 0x0, 0x0, 0xdf, 0xff, 0x5, 0xff, 0xf9,
    0x0, 0x0, 0xd, 0xff, 0xf0, 0x5f, 0xff, 0x90,
    0x0, 0x0, 0xdf, 0xff, 0x5, 0xff, 0xf9, 0x0,
    0x0, 0xd, 0xff, 0xf0, 0x5f, 0xff, 0x90, 0x0,
    0x0, 0xdf, 0xff, 0x4, 0xff, 0xf9, 0x0, 0x0,
    0xf, 0xff, 0xf0, 0x4f, 0xff, 0xd0, 0x0, 0x7,
    0xff, 0xff, 0x2, 0xff, 0xff, 0xa4, 0x49, 0xff,
    0xff, 0xf0, 0xd, 0xff, 0xff, 0xff, 0xff, 0xef,
    0xff, 0x0, 0x3f, 0xff, 0xff, 0xff, 0x95, 0xff,
    0xf0, 0x0, 0x2a, 0xef, 0xeb, 0x30, 0x3f, 0xff,
    0x0,

    /* U+0076 "v" */
    0xbf, 0xff, 0x60, 0x0, 0x0, 0xe, 0xff, 0xf0,
    0x5f, 0xff, 0xb0, 0x0, 0x0, 0x3f, 0xff, 0xa0,
    0xf, 0xff, 0xf1, 0x0, 0x0, 0x9f, 0xff, 0x40,
    0x9, 0xff, 0xf6, 0x0, 0x0, 0xef, 0xfe, 0x0,
    0x3, 0xff, 0xfc, 0x0, 0x4, 0xff, 0xf8, 0x0,
    0x0, 0xef, 0xff, 0x10, 0x9, 0xff, 0xf2, 0x0,
    0x0, 0x8f, 0xff, 0x70, 0xe, 0xff, 0xd0, 0x0,
    0x0, 0x2f, 0xff, 0xb0, 0x3f, 0xff, 0x70, 0x0,
    0x0, 0xc, 0xff, 0xf0, 0x8f, 0xff, 0x10, 0x0,
    0x0, 0x6, 0xff, 0xf5, 0xcf, 0xfb, 0x0, 0x0,
    0x0, 0x1, 0xff, 0xfa, 0xff, 0xf5, 0x0, 0x0,
    0x0, 0x0, 0xbf, 0xff, 0xff, 0xf0, 0x0, 0x0,
    0x0, 0x0, 0x5f, 0xff, 0xff, 0x90, 0x0, 0x0,
    0x0, 0x0, 0xe, 0xff, 0xff, 0x30, 0x0, 0x0,
    0x0, 0x0, 0x9, 0xff, 0xfd, 0x0, 0x0, 0x0,

    /* U+0077 "w" */
    0xcf, 0xff, 0x40, 0x0, 0xd, 0xff, 0xf7, 0x0,
    0x0, 0x9f, 0xff, 0x27, 0xff, 0xf8, 0x0, 0x1,
    0xff, 0xff, 0xb0, 0x0, 0xd, 0xff, 0xd0, 0x2f,
    0xff, 0xc0, 0x0, 0x4f, 0xff, 0xff, 0x0, 0x1,
    0xff, 0xf8, 0x0, 0xdf, 0xff, 0x0, 0x8, 0xff,
    0xff, 0xf3, 0x0, 0x5f, 0xff, 0x30, 0x8, 0xff,
    0xf4, 0x0, 0xcf, 0xfe, 0xff, 0x70, 0x9, 0xff,
    0xe0, 0x0, 0x4f, 0xff, 0x80, 0xf, 0xff, 0x9f,
    0xfb, 0x0, 0xdf, 0xf9, 0x0, 0x0, 0xef, 0xfc,
    0x4, 0xff, 0xc5, 0xff, 0xf0, 0x1f, 0xff, 0x40,
    0x0, 0xa, 0xff, 0xf0, 0x8f, 0xf8, 0x2f, 0xff,
    0x34, 0xff, 0xf0, 0x0, 0x0, 0x5f, 0xff, 0x3b,
    0xff, 0x40, 0xef, 0xf6, 0x8f, 0xfa, 0x0, 0x0,
    0x0, 0xff, 0xf7, 0xff, 0xf1, 0xa, 0xff, 0xac,
    0xff, 0x60, 0x0, 0x0, 0xb, 0xff, 0xdf, 0xfc,
    0x0, 0x6f, 0xfe, 0xff, 0xf1, 0x0, 0x0, 0x0,
    0x6f, 0xff, 0xff, 0x80, 0x2, 0xff, 0xff, 0xfc,
    0x0, 0x0, 0x0, 0x1, 0xff, 0xff, 0xf4, 0x0,
    0xe, 0xff, 0xff, 0x70, 0x0, 0x0, 0x0, 0xc,
    0xff, 0xff, 0x10, 0x0, 0xaf, 0xff, 0xf2, 0x0,
    0x0, 0x0, 0x0, 0x7f, 0xff, 0xc0, 0x0, 0x6,
    0xff, 0xfd, 0x0, 0x0, 0x0,

    /* U+0078 "x" */
    0x1e, 0xff, 0xf9, 0x0, 0x0, 0x3f, 0xff, 0xf2,
    0x5, 0xff, 0xff, 0x40, 0x0, 0xdf, 0xff, 0x70,
    0x0, 0xaf, 0xff, 0xd0, 0x7, 0xff, 0xfb, 0x0,
    0x0, 0x1e, 0xff, 0xf7, 0x2f, 0xff, 0xf1, 0x0,
    0x0, 0x4, 0xff, 0xff, 0xcf, 0xff, 0x50, 0x0,
    0x0, 0x0, 0x9f, 0xff, 0xff, 0xfa, 0x0, 0x0,
    0x0, 0x0, 0xd, 0xff, 0xff, 0xe1, 0x0, 0x0,
    0x0, 0x0, 0xa, 0xff, 0xff, 0xb0, 0x0, 0x0,
    0x0, 0x0, 0x4f, 0xff, 0xff, 0xf6, 0x0, 0x0,
    0x0, 0x1, 0xef, 0xff, 0xff, 0xff, 0x10, 0x0,
    0x0, 0xa, 0xff, 0xf7, 0xaf, 0xff, 0xb0, 0x0,
    0x0, 0x5f, 0xff, 0xd0, 0x1e, 0xff, 0xf6, 0x0,
    0x1, 0xef, 0xff, 0x30, 0x6, 0xff, 0xff, 0x20,
    0xb, 0xff, 0xf9, 0x0, 0x0, 0xcf, 0xff, 0xb0,
    0x6f, 0xff, 0xe0, 0x0, 0x0, 0x2f, 0xff, 0xf6,

    /* U+0079 "y" */
    0xbf, 0xff, 0x60, 0x0, 0x0, 0xd, 0xff, 0xf0,
    0x4f, 0xff, 0xc0, 0x0, 0x0, 0x2f, 0xff, 0xa0,
    0xe, 0xff, 0xf2, 0x0, 0x0, 0x7f, 0xff, 0x40,
    0x8, 0xff, 0xf8, 0x0, 0x0, 0xcf, 0xfe, 0x0,
    0x2, 0xff, 0xfe, 0x0, 0x1, 0xff, 0xf9, 0x0,
    0x0, 0xbf, 0xff, 0x40, 0x6, 0xff, 0xf3, 0x0,
    0x0, 0x5f, 0xff, 0xa0, 0xb, 0xff, 0xd0, 0x0,
    0x0, 0xe, 0xff, 0xf0, 0xf, 0xff, 0x80, 0x0,
    0x0, 0x9, 0xff, 0xf4, 0x4f, 0xff, 0x20, 0x0,
    0x0, 0x2, 0xff, 0xf8, 0x9f, 0xfc, 0x0, 0x0,
    0x0, 0x0, 0xcf, 0xfd, 0xdf, 0xf7, 0x0, 0x0,
    0x0, 0x0, 0x6f, 0xff, 0xff, 0xf1, 0x0, 0x0,
    0x0, 0x0, 0xf, 0xff, 0xff, 0xb0, 0x0, 0x0,
    0x0, 0x0, 0x9, 0xff, 0xff, 0x60, 0x0, 0x0,
    0x0, 0x0, 0x4, 0xff, 0xff, 0x0, 0x0, 0x0,
    0x0, 0x0, 0x8, 0xff, 0xf9, 0x0, 0x0, 0x0,
    0x0, 0x0, 0x8f, 0xff, 0xf2, 0x0, 0x0, 0x0,
    0xa, 0xff, 0xff, 0xff, 0x70, 0x0, 0x0, 0x0,
    0xb, 0xff, 0xff, 0xfa, 0x0, 0x0, 0x0, 0x0,
    0x8, 0xef, 0xfc, 0x50, 0x0, 0x0, 0x0, 0x0,

    /* U+007A "z" */
    0xe, 0xff, 0xff, 0xff, 0xff, 0xff, 0xf7, 0xe,
    0xff, 0xff, 0xff, 0xff, 0xff, 0xf6, 0xe, 0xff,
    0xff, 0xff, 0xff, 0xff, 0xd0, 0x0, 0x0, 0x0,
    0x8, 0xff, 0xff, 0x20, 0x0, 0x0, 0x0, 0x3f,
    0xff, 0xf7, 0x0, 0x0, 0x0, 0x0, 0xdf, 0xff,
    0xb0, 0x0, 0x0, 0x0, 0x9, 0xff, 0xff, 0x10,
    0x0, 0x0, 0x0, 0x4f, 0xff, 0xf5, 0x0, 0x0,
    0x0, 0x1, 0xef, 0xff, 0xa0, 0x0, 0x0, 0x0,
    0xa, 0xff, 0xfe, 0x10, 0x0, 0x0, 0x0, 0x6f,
    0xff, 0xf4, 0x0, 0x0, 0x0, 0x1, 0xff, 0xff,
    0x90, 0x0, 0x0, 0x0, 0xc, 0xff, 0xff, 0xff,
    0xff, 0xff, 0xfc, 0x5f, 0xff, 0xff, 0xff, 0xff,
    0xff, 0xfc, 0x5f, 0xff, 0xff, 0xff, 0xff, 0xff,
    0xfc,

    /* U+007B "{" */
    0x0, 0x0, 0x6b, 0xef, 0x80, 0x0, 0xaf, 0xff,
    0xf8, 0x0, 0x2f, 0xff, 0xb4, 0x10, 0x4, 0xff,
    0xf0, 0x0, 0x0, 0x5f, 0xfe, 0x0, 0x0, 0x5,
    0xff, 0xd0, 0x0, 0x0, 0x5f, 0xfd, 0x0, 0x0,
    0x5, 0xff, 0xc0, 0x0, 0x0, 0x5f, 0xfb, 0x0,
    0x0, 0x5, 0xff, 0xa0, 0x0, 0x4, 0xdf, 0xf6,
    0x0, 0xe, 0xff, 0xf9, 0x0, 0x0, 0xef, 0xd8,
    0x20, 0x0, 0x6, 0xbf, 0xff, 0x30, 0x0, 0x0,
    0x8f, 0xf9, 0x0, 0x0, 0x5, 0xff, 0xb0, 0x0,
    0x0, 0x5f, 0xfc, 0x0, 0x0, 0x5, 0xff, 0xc0,
    0x0, 0x0, 0x5f, 0xfd, 0x0, 0x0, 0x5, 0xff,
    0xd0, 0x0, 0x0, 0x5f, 0xfe, 0x0, 0x0, 0x4,
    0xff, 0xf0, 0x0, 0x0, 0x1f, 0xff, 0xb4, 0x10,
    0x0, 0x9f, 0xff, 0xf8, 0x0, 0x0, 0x6b, 0xef,
    0x80,

    /* U+007C "|" */
    0xef, 0xfe, 0xff, 0xef, 0xfe, 0xff, 0xef, 0xfe,
    0xff, 0xef, 0xfe, 0xff, 0xef, 0xfe, 0xff, 0xef,
    0xfe, 0xff, 0xef, 0xfe, 0xff, 0xef, 0xfe, 0xff,
    0xef, 0xfe, 0xff, 0xef, 0xfe, 0xff, 0xef, 0xfe,
    0xff, 0xef, 0xfe, 0xff, 0xef, 0xf9, 0xaa,

    /* U+007D "}" */
    0x8e, 0xdb, 0x60, 0x0, 0x8, 0xff, 0xff, 0xa0,
    0x0, 0x14, 0xbf, 0xff, 0x20, 0x0, 0x0, 0xff,
    0xf4, 0x0, 0x0, 0xe, 0xff, 0x50, 0x0, 0x0,
    0xdf, 0xf5, 0x0, 0x0, 0xd, 0xff, 0x50, 0x0,
    0x0, 0xcf, 0xf5, 0x0, 0x0, 0xb, 0xff, 0x50,
    0x0, 0x0, 0xaf, 0xf6, 0x0, 0x0, 0x7, 0xff,
    0xd4, 0x0, 0x0, 0x9, 0xff, 0xfe, 0x0, 0x0,
    0x28, 0xdf, 0xe0, 0x0, 0x2f, 0xff, 0xb7, 0x0,
    0x8, 0xff, 0x80, 0x0, 0x0, 0xbf, 0xf5, 0x0,
    0x0, 0xc, 0xff, 0x50, 0x0, 0x0, 0xcf, 0xf5,
    0x0, 0x0, 0xd, 0xff, 0x50, 0x0, 0x0, 0xef,
    0xf5, 0x0, 0x0, 0xe, 0xff, 0x50, 0x0, 0x0,
    0xff, 0xf4, 0x0, 0x14, 0xbf, 0xff, 0x10, 0x8,
    0xff, 0xff, 0x90, 0x0, 0x8f, 0xeb, 0x60, 0x0,
    0x0,

    /* U+007E "~" */
    0x0, 0x0, 0x0, 0x0, 0x0, 0x0, 0x0, 0x0,
    0x0, 0x5c, 0xff, 0xb4, 0x0, 0x0, 0x0, 0xa3,
    0xa, 0xff, 0xff, 0xff, 0xd7, 0x44, 0x7e, 0xf3,
    0x4f, 0xff, 0xff, 0xff, 0xff, 0xff, 0xff, 0xf3,
    0x4f, 0xe7, 0x34, 0x7e, 0xff, 0xff, 0xff, 0xa0,
    0x49, 0x0, 0x0, 0x0, 0x5b, 0xff, 0xc5, 0x0,
    0x0, 0x0, 0x0, 0x0, 0x0, 0x0, 0x0, 0x0,

    /* U+00A0 " " */

    /* U+00A1 "¡" */
    0xcf, 0xff, 0x3c, 0xff, 0xf3, 0xcf, 0xff, 0x3b,
    0xff, 0xf3, 0x0, 0x0, 0x0, 0x0, 0x0, 0x8,
    0x83, 0x1, 0xff, 0x70, 0x2f, 0xf8, 0x3, 0xff,
    0x90, 0x4f, 0xfb, 0x5, 0xff, 0xc0, 0x7f, 0xfd,
    0x8, 0xff, 0xe0, 0x9f, 0xff, 0xa, 0xff, 0xf0,
    0xbf, 0xff, 0x2c, 0xff, 0xf3, 0xef, 0xff, 0x4f,
    0xff, 0xf5,

    /* U+00A2 "¢" */
    0x0, 0x0, 0x0, 0x4f, 0x40, 0x0, 0x0, 0x0,
    0x0, 0x0, 0x4, 0xf4, 0x0, 0x0, 0x0, 0x0,
    0x0, 0x0, 0x4f, 0x40, 0x0, 0x0, 0x0, 0x0,
    0x3a, 0xdf, 0xff, 0xe9, 0x30, 0x0, 0x0, 0x7f,
    0xff, 0xff, 0xff, 0xff, 0x70, 0x0, 0x5f, 0xff,
    0xff, 0xff, 0xff, 0xff, 0x40, 0xe, 0xff, 0xf9,
    0x5f, 0x59, 0xff, 0xfc, 0x3, 0xff, 0xfc, 0x4,
    0xf4, 0xe, 0xff, 0xf1, 0x7f, 0xff, 0x70, 0x4f,
    0x40, 0x9d, 0xdd, 0x29, 0xff, 0xf5, 0x4, 0xf4,
    0x0, 0x0, 0x0, 0xaf, 0xff, 0x40, 0x4f, 0x40,
    0x0, 0x0, 0x9, 0xff, 0xf5, 0x4, 0xf4, 0x0,
    0x0, 0x0, 0x7f, 0xff, 0x70, 0x4f, 0x40, 0x5a,
    0xaa, 0x14, 0xff, 0xfb, 0x4, 0xf4, 0xb, 0xff,
    0xf1, 0xf, 0xff, 0xf6, 0x4f, 0x45, 0xff, 0xfd,
    0x0, 0x7f, 0xff, 0xff, 0xfe, 0xff, 0xff, 0x50,
    0x0, 0xaf, 0xff, 0xff, 0xff, 0xff, 0x90, 0x0,
    0x0, 0x6d, 0xff, 0xff, 0xfc, 0x50, 0x0, 0x0,
    0x0, 0x1, 0x6f, 0x60, 0x0, 0x0, 0x0, 0x0,
    0x0, 0x4, 0xf4, 0x0, 0x0, 0x0, 0x0, 0x0,
    0x0, 0x4f, 0x40, 0x0, 0x0, 0x0, 0x0, 0x0,
    0x4, 0xd4, 0x0, 0x0, 0x0,

    /* U+00A3 "£" */
    0x0, 0x0, 0x3, 0x9d, 0xef, 0xeb, 0x60, 0x0,
    0x0, 0x0, 0x7f, 0xff, 0xff, 0xff, 0xfd, 0x10,
    0x0, 0x4, 0xff, 0xff, 0xff, 0xff, 0xff, 0xc0,
    0x0, 0xb, 0xff, 0xfb, 0x32, 0x6f, 0xff, 0xf3,
    0x0, 0xe, 0xff, 0xf0, 0x0, 0x8, 0xff, 0xf6,
    0x0, 0xf, 0xff, 0xe0, 0x0, 0x3, 0xaa, 0xa5,
    0x0, 0xf, 0xff, 0xe0, 0x0, 0x0, 0x0, 0x0,
    0x0, 0xf, 0xff, 0xe0, 0x0, 0x0, 0x0, 0x0,
    0x4f, 0xff, 0xff, 0xff, 0xff, 0xf1, 0x0, 0x0,
    0x4f, 0xff, 0xff, 0xff, 0xff, 0xf1, 0x0, 0x0,
    0x4f, 0xff, 0xff, 0xff, 0xff, 0xf1, 0x0, 0x0,
    0x0, 0xf, 0xff, 0xd0, 0x0, 0x0, 0x0, 0x0,
    0x0, 0xf, 0xff, 0xc0, 0x0, 0x0, 0x0, 0x0,
    0x0, 0xf, 0xff, 0xb0, 0x0, 0x0, 0x0, 0x0,
    0x0, 0xf, 0xff, 0x90, 0x0, 0x0, 0x0, 0x0,
    0x1, 0x2f, 0xff, 0x92, 0x22, 0x22, 0x22, 0x20,
    0xd, 0xff, 0xff, 0xff, 0xff, 0xff, 0xff, 0xf2,
    0xd, 0xff, 0xff, 0xff, 0xff, 0xff, 0xff, 0xf2,
    0xd, 0xff, 0xff, 0xff, 0xff, 0xff, 0xff, 0xf2,

    /* U+00A4 "¤" */
    0x0, 0x0, 0x0, 0x0, 0x0, 0x0, 0x0, 0x1,
    0xd5, 0x5, 0xbe, 0xfd, 0x92, 0xb, 0x90, 0x6f,
    0xfc, 0xff, 0xff, 0xff, 0xfd, 0xff, 0x20, 0x8f,
    0xff, 0xd8, 0x79, 0xff, 0xff, 0x30, 0xa, 0xff,
    0x90, 0x0, 0x1, 0xdf, 0xf4, 0x2, 0xff, 0xb0,
    0x0, 0x0, 0x2, 0xff, 0xc0, 0x6f, 0xf3, 0x0,
    0x0, 0x0, 0x9, 0xff, 0x8, 0xff, 0x0, 0x0,
    0x0, 0x0, 0x6f, 0xf2, 0x8f, 0xf0, 0x0, 0x0,
    0x0, 0x6, 0xff, 0x26, 0xff, 0x30, 0x0, 0x0,
    0x0, 0x9f, 0xf0, 0x2f, 0xfb, 0x0, 0x0, 0x0,
    0x1f, 0xfc, 0x0, 0xaf, 0xf8, 0x0, 0x0, 0x1c,
    0xff, 0x40, 0x8, 0xff, 0xfd, 0x76, 0x9e, 0xff,
    0xf2, 0x6, 0xff, 0xcf, 0xff, 0xff, 0xff, 0xbf,
    0xe1, 0x2d, 0x40, 0x6b, 0xef, 0xea, 0x30, 0x99,
    0x0, 0x0, 0x0, 0x0, 0x0, 0x0, 0x0, 0x0,

    /* U+00A5 "¥" */
    0x7f, 0xff, 0xe0, 0x0, 0x0, 0x1, 0xff, 0xff,
    0x20, 0xdf, 0xff, 0x70, 0x0, 0x0, 0x8f, 0xff,
    0x80, 0x5, 0xff, 0xfe, 0x0, 0x0, 0x1f, 0xff,
    0xe1, 0x0, 0xc, 0xff, 0xf7, 0x0, 0x8, 0xff,
    0xf7, 0x0, 0x0, 0x3f, 0xff, 0xf1, 0x1, 0xff,
    0xfe, 0x0, 0x0, 0x0, 0xaf, 0xff, 0x80, 0x8f,
    0xff, 0x50, 0x0, 0x0, 0x1, 0xff, 0xff, 0x1e,
    0xff, 0xc0, 0x0, 0x0, 0x0, 0x8, 0xff, 0xfd,
    0xff, 0xf3, 0x0, 0x0, 0x3, 0x33, 0x4f, 0xff,
    0xff, 0xfc, 0x33, 0x32, 0x0, 0xff, 0xff, 0xff,
    0xff, 0xff, 0xff, 0xff, 0xb0, 0xf, 0xff, 0xff,
    0xff, 0xff, 0xff, 0xff, 0xfb, 0x0, 0x0, 0x0,
    0x9, 0xff, 0xf5, 0x0, 0x0, 0x0, 0x4, 0x44,
    0x44, 0xaf, 0xff, 0x84, 0x44, 0x42, 0x0, 0xff,
    0xff, 0xff, 0xff, 0xff, 0xff, 0xff, 0xb0, 0xf,
    0xff, 0xff, 0xff, 0xff, 0xff, 0xff, 0xfb, 0x0,
    0x0, 0x0, 0x9, 0xff, 0xf5, 0x0, 0x0, 0x0,
    0x0, 0x0, 0x0, 0x9f, 0xff, 0x50, 0x0, 0x0,
    0x0, 0x0, 0x0, 0x9, 0xff, 0xf5, 0x0, 0x0,
    0x0, 0x0, 0x0, 0x0, 0x9f, 0xff, 0x50, 0x0,
    0x0, 0x0,

    /* U+00A6 "¦" */
    0xef, 0xfe, 0xff, 0xef, 0xfe, 0xff, 0xef, 0xfe,
    0xff, 0xef, 0xfe, 0xff, 0xef, 0xfe, 0xff, 0x8a,
    0x90, 0x0, 0x0, 0x0, 0x0, 0x0, 0xe, 0xff,
    0xef, 0xfe, 0xff, 0xef, 0xfe, 0xff, 0xef, 0xfe,
    0xff, 0xef, 0xfe, 0xff, 0xef, 0xf8, 0xa9,

    /* U+00A7 "§" */
    0x0, 0x3, 0x9d, 0xff, 0xec, 0x92, 0x0, 0x0,
    0xa, 0xff, 0xff, 0xff, 0xff, 0xf8, 0x0, 0x8,
    0xff, 0xff, 0xed, 0xff, 0xff, 0xf5, 0x0, 0xef,
    0xff, 0x50, 0x0, 0x9f, 0xff, 0xa0, 0xf, 0xff,
    0xe0, 0x0, 0x1, 0x88, 0x86, 0x0, 0xdf, 0xff,
    0x70, 0x0, 0x0, 0x0, 0x0, 0x6, 0xff, 0xff,
    0xd6, 0x0, 0x0, 0x0, 0x0, 0x8, 0xff, 0xff,
    0xfe, 0x92, 0x0, 0x0, 0x1, 0xbf, 0xff, 0xff,
    0xff, 0xf9, 0x10, 0x0, 0xbf, 0xfd, 0x5a, 0xff,
    0xff, 0xfd, 0x20, 0x4f, 0xff, 0x40, 0x2, 0x9f,
    0xff, 0xfc, 0x7, 0xff, 0xf4, 0x0, 0x0, 0x4f,
    0xff, 0xf2, 0x5f, 0xff, 0xc0, 0x0, 0x0, 0x8f,
    0xff, 0x31, 0xff, 0xff, 0xc4, 0x0, 0x6, 0xff,
    0xf1, 0x4, 0xff, 0xff, 0xfc, 0x52, 0xef, 0xf7,
    0x0, 0x2, 0xbf, 0xff, 0xff, 0xff, 0xf9, 0x0,
    0x0, 0x0, 0x4a, 0xff, 0xff, 0xff, 0x40, 0x0,
    0x0, 0x0, 0x1, 0x7e, 0xff, 0xff, 0x20, 0x0,
    0x0, 0x0, 0x0, 0xb, 0xff, 0xfa, 0x0, 0x88,
    0x87, 0x0, 0x0, 0x2f, 0xff, 0xc0, 0xe, 0xff,
    0xf4, 0x0, 0x9, 0xff, 0xfb, 0x0, 0x9f, 0xff,
    0xfe, 0xdf, 0xff, 0xff, 0x40, 0x0, 0xbf, 0xff,
    0xff, 0xff, 0xff, 0x70, 0x0, 0x0, 0x4a, 0xde,
    0xfe, 0xc8, 0x20, 0x0,

    /* U+00A8 "¨" */
    0x44, 0x41, 0x0, 0x44, 0x40, 0xff, 0xf4, 0x3,
    0xff, 0xf2, 0xff, 0xf4, 0x3, 0xff, 0xf2, 0xff,
    0xf4, 0x3, 0xff, 0xf2,

    /* U+00A9 "©" */
    0x0, 0x0, 0x0, 0x1, 0x68, 0x99, 0x84, 0x0,
    0x0, 0x0, 0x0, 0x0, 0x0, 0x3b, 0xff, 0xff,
    0xff, 0xff, 0x81, 0x0, 0x0, 0x0, 0x0, 0x8f,
    0xf9, 0x41, 0x0, 0x26, 0xcf, 0xe3, 0x0, 0x0,
    0x0, 0x9f, 0xd2, 0x0, 0x0, 0x0, 0x0, 0x6f,
    0xf4, 0x0, 0x0, 0x6f, 0xb0, 0x1, 0x8d, 0xfe,
    0xc6, 0x0, 0x3f, 0xe1, 0x0, 0x1f, 0xe1, 0x2,
    0xef, 0xff, 0xff, 0xf8, 0x0, 0x6f, 0x90, 0x7,
    0xf6, 0x0, 0xbf, 0xf5, 0x11, 0x9f, 0xf2, 0x0,
    0xcf, 0x10, 0xcf, 0x0, 0x1f, 0xf8, 0x0, 0x0,
    0xff, 0x60, 0x6, 0xf6, 0xf, 0xc0, 0x4, 0xff,
    0x30, 0x0, 0xa, 0xb5, 0x0, 0x2f, 0x91, 0xfa,
    0x0, 0x5f, 0xf2, 0x0, 0x0, 0x0, 0x0, 0x0,
    0xfa, 0x2f, 0xa0, 0x5, 0xff, 0x20, 0x0, 0x0,
    0x0, 0x0, 0xf, 0xb0, 0xfb, 0x0, 0x4f, 0xf3,
    0x0, 0x0, 0x8a, 0x50, 0x1, 0xfa, 0xe, 0xe0,
    0x1, 0xff, 0x70, 0x0, 0xe, 0xf6, 0x0, 0x5f,
    0x70, 0x9f, 0x40, 0xb, 0xfe, 0x40, 0x8, 0xff,
    0x10, 0xa, 0xf2, 0x3, 0xfc, 0x0, 0x2e, 0xff,
    0xff, 0xff, 0x70, 0x3, 0xfc, 0x0, 0xa, 0xf8,
    0x0, 0x19, 0xdf, 0xec, 0x50, 0x0, 0xdf, 0x40,
    0x0, 0x1d, 0xf8, 0x0, 0x0, 0x0, 0x0, 0x2,
    0xcf, 0x80, 0x0, 0x0, 0x2d, 0xfc, 0x40, 0x0,
    0x0, 0x17, 0xff, 0x90, 0x0, 0x0, 0x0, 0x9,
    0xff, 0xeb, 0xaa, 0xcf, 0xfe, 0x50, 0x0, 0x0,
    0x0, 0x0, 0x2, 0x7b, 0xef, 0xfd, 0xa5, 0x0,
    0x0, 0x0,

    /* U+00AA "ª" */
    0x0, 0x4b, 0xef, 0xea, 0x10, 0x0, 0x4f, 0xff,
    0xef, 0xfd, 0x0, 0xa, 0xfe, 0x10, 0x6f, 0xf4,
    0x0, 0x12, 0x20, 0x2, 0xff, 0x50, 0x0, 0x4a,
    0xde, 0xff, 0xf5, 0x0, 0x7f, 0xfe, 0xbb, 0xff,
    0x50, 0xf, 0xfb, 0x0, 0x4f, 0xf5, 0x1, 0xff,
    0xa0, 0x1c, 0xff, 0x60, 0xd, 0xff, 0xff, 0xef,
    0xff, 0x80, 0x2b, 0xef, 0xb2, 0x5e, 0xf6,

    /* U+00AB "«" */
    0x0, 0x0, 0xaf, 0xf5, 0x0, 0x7f, 0xf7, 0x0,
    0x5, 0xff, 0xb0, 0x3, 0xff, 0xd0, 0x0, 0x2f,
    0xff, 0x20, 0x1e, 0xff, 0x30, 0x0, 0xdf, 0xf8,
    0x0, 0xaf, 0xfa, 0x0, 0x9, 0xff, 0xe0, 0x6,
    0xff, 0xf1, 0x0, 0x3f, 0xff, 0x60, 0x1f, 0xff,
    0x80, 0x0, 0xb, 0xff, 0xc0, 0x8, 0xff, 0xe0,
    0x0, 0x1, 0xef, 0xf6, 0x0, 0xcf, 0xf8, 0x0,
    0x0, 0x4f, 0xfe, 0x10, 0x2f, 0xff, 0x20, 0x0,
    0x8, 0xff, 0x90, 0x5, 0xff, 0xb0, 0x0, 0x0,
    0xcf, 0xf3, 0x0, 0x9f, 0xf5, 0x0, 0x0, 0x13,
    0x31, 0x0, 0x3, 0x32,

    /* U+00AC "¬" */
    0x0, 0x0, 0x0, 0x0, 0x0, 0x0, 0x0, 0x3,
    0xff, 0xff, 0xff, 0xff, 0xff, 0xff, 0xfe, 0x3f,
    0xff, 0xff, 0xff, 0xff, 0xff, 0xff, 0xe3, 0xff,
    0xff, 0xff, 0xff, 0xff, 0xff, 0xfe, 0x0, 0x0,
    0x0, 0x0, 0x0, 0x1, 0xff, 0xe0, 0x0, 0x0,
    0x0, 0x0, 0x0, 0x1f, 0xfe, 0x0, 0x0, 0x0,
    0x0, 0x0, 0x1, 0xff, 0xe0, 0x0, 0x0, 0x0,
    0x0, 0x0, 0x1f, 0xfe, 0x0, 0x0, 0x0, 0x0,
    0x0, 0x0, 0x88, 0x70,

    /* U+00AD "­" */
    0x56, 0x66, 0x66, 0x61, 0xef, 0xff, 0xff, 0xf3,
    0xef, 0xff, 0xff, 0xf3, 0xef, 0xff, 0xff, 0xf3,

    /* U+00AE "®" */
    0x0, 0x0, 0x0, 0x1, 0x68, 0x99, 0x84, 0x0,
    0x0, 0x0, 0x0, 0x0, 0x0, 0x3b, 0xff, 0xff,
    0xff, 0xff, 0x81, 0x0, 0x0, 0x0, 0x0, 0x8f,
    0xf9, 0x41, 0x0, 0x26, 0xcf, 0xe3, 0x0, 0x0,
    0x0, 0x9f, 0xd2, 0x0, 0x0, 0x0, 0x0, 0x6f,
    0xf4, 0x0, 0x0, 0x6f, 0xb0, 0x6f, 0xff, 0xff,
    0xeb, 0x20, 0x3f, 0xe1, 0x0, 0x1f, 0xe1, 0x7,
    0xff, 0xff, 0xff, 0xfe, 0x0, 0x6f, 0x90, 0x7,
    0xf6, 0x0, 0x7f, 0xf0, 0x0, 0x5f, 0xf7, 0x0,
    0xcf, 0x10, 0xcf, 0x0, 0x7, 0xff, 0x0, 0x0,
    0xdf, 0x90, 0x6, 0xf6, 0xf, 0xc0, 0x0, 0x7f,
    0xf0, 0x0, 0xe, 0xf9, 0x0, 0x2f, 0x91, 0xfa,
    0x0, 0x7, 0xff, 0x0, 0x6, 0xff, 0x60, 0x0,
    0xfa, 0x2f, 0xa0, 0x0, 0x7f, 0xff, 0xff, 0xff,
    0xd0, 0x0, 0xf, 0xb0, 0xfb, 0x0, 0x7, 0xff,
    0xff, 0xff, 0xe1, 0x0, 0x1, 0xfa, 0xe, 0xe0,
    0x0, 0x7f, 0xf0, 0x4, 0xff, 0x40, 0x0, 0x5f,
    0x70, 0x9f, 0x40, 0x7, 0xff, 0x0, 0xc, 0xfd,
    0x0, 0xa, 0xf2, 0x3, 0xfc, 0x0, 0x7f, 0xf0,
    0x0, 0x3f, 0xf5, 0x3, 0xfc, 0x0, 0xa, 0xf8,
    0x7, 0xff, 0x0, 0x0, 0xbf, 0xd1, 0xdf, 0x40,
    0x0, 0x1d, 0xf8, 0x0, 0x0, 0x0, 0x0, 0x2,
    0xcf, 0x80, 0x0, 0x0, 0x2d, 0xfc, 0x40, 0x0,
    0x0, 0x17, 0xff, 0x90, 0x0, 0x0, 0x0, 0x9,
    0xff, 0xeb, 0xaa, 0xcf, 0xfe, 0x50, 0x0, 0x0,
    0x0, 0x0, 0x2, 0x7b, 0xef, 0xfd, 0xa5, 0x0,
    0x0, 0x0,

    /* U+00AF "¯" */
    0x66, 0x66, 0x66, 0x66, 0x4f, 0xff, 0xff, 0xff,
    0xf9, 0xff, 0xff, 0xff, 0xff, 0x90,

    /* U+00B0 "°" */
    0x0, 0x0, 0x10, 0x0, 0x0, 0x9, 0xff, 0xfb,
    0x10, 0xb, 0xff, 0xff, 0xfd, 0x14, 0xff, 0x50,
    0x4e, 0xf7, 0x8f, 0xa0, 0x0, 0x7f, 0xb8, 0xfb,
    0x0, 0x8, 0xfb, 0x3f, 0xf7, 0x26, 0xff, 0x70,
    0x9f, 0xff, 0xff, 0xc0, 0x0, 0x6d, 0xfe, 0x80,
    0x0,

    /* U+00B1 "±" */
    0x0, 0x0, 0x1, 0x22, 0x10, 0x0, 0x0, 0x0,
    0x0, 0x8, 0xff, 0x70, 0x0, 0x0, 0x0, 0x0,
    0x8, 0xff, 0x70, 0x0, 0x0, 0x0, 0x0, 0x8,
    0xff, 0x70, 0x0, 0x0, 0x0, 0x0, 0x8, 0xff,
    0x70, 0x0, 0x0, 0x0, 0x0, 0x8, 0xff, 0x70,
    0x0, 0x0, 0xbf, 0xff, 0xff, 0xff, 0xff, 0xff,
    0xfb, 0xcf, 0xff, 0xff, 0xff, 0xff, 0xff, 0xfc,
    0xcf, 0xff, 0xff, 0xff, 0xff, 0xff, 0xfc, 0x0,
    0x0, 0x8, 0xff, 0x70, 0x0, 0x0, 0x0, 0x0,
    0x8, 0xff, 0x70, 0x0, 0x0, 0x0, 0x0, 0x8,
    0xff, 0x70, 0x0, 0x0, 0x0, 0x0, 0x8, 0xff,
    0x70, 0x0, 0x0, 0x0, 0x0, 0x8, 0xff, 0x70,
    0x0, 0x0, 0x0, 0x0, 0x8, 0xff, 0x70, 0x0,
    0x0, 0x0, 0x0, 0x0, 0x0, 0x0, 0x0, 0x0,
    0xbe, 0xee, 0xee, 0xee, 0xee, 0xee, 0xeb, 0xcf,
    0xff, 0xff, 0xff, 0xff, 0xff, 0xfc, 0xcf, 0xff,
    0xff, 0xff, 0xff, 0xff, 0xfc,

    /* U+00B2 "²" */
    0x2, 0xae, 0xfd, 0x70, 0x1f, 0xff, 0xef, 0xf6,
    0x7f, 0xf1, 0xa, 0xfc, 0x5b, 0x90, 0x9, 0xfc,
    0x0, 0x0, 0x6f, 0xf7, 0x0, 0x9, 0xff, 0xa0,
    0x1, 0xcf, 0xf7, 0x0, 0xd, 0xfe, 0x40, 0x0,
    0x6f, 0xff, 0xff, 0xff, 0x9f, 0xff, 0xff, 0xff,

    /* U+00B3 "³" */
    0x3, 0xbf, 0xfd, 0x60, 0x1f, 0xff, 0xef, 0xf6,
    0x6f, 0xe0, 0xc, 0xfb, 0x1, 0x10, 0x1d, 0xf9,
    0x0, 0xc, 0xff, 0xa0, 0x0, 0xa, 0xef, 0xe4,
    0x12, 0x10, 0x9, 0xfd, 0x9f, 0xc0, 0xa, 0xfe,
    0x3f, 0xfe, 0xef, 0xf8, 0x4, 0xbe, 0xfd, 0x70,

    /* U+00B4 "´" */
    0x0, 0x9a, 0xaa, 0x10, 0x6f, 0xff, 0x60, 0x1f,
    0xff, 0x70, 0xa, 0xff, 0x80, 0x0,

    /* U+00B5 "µ" */
    0x3f, 0xff, 0xb0, 0x0, 0x0, 0xcf, 0xff, 0x23,
    0xff, 0xfb, 0x0, 0x0, 0xc, 0xff, 0xf2, 0x3f,
    0xff, 0xb0, 0x0, 0x0, 0xcf, 0xff, 0x23, 0xff,
    0xfb, 0x0, 0x0, 0xc, 0xff, 0xf2, 0x3f, 0xff,
    0xb0, 0x0, 0x0, 0xcf, 0xff, 0x23, 0xff, 0xfb,
    0x0, 0x0, 0xc, 0xff, 0xf2, 0x3f, 0xff, 0xb0,
    0x0, 0x0, 0xcf, 0xff, 0x23, 0xff, 0xfb, 0x0,
    0x0, 0xc, 0xff, 0xf2, 0x3f, 0xff, 0xb0, 0x0,
    0x0, 0xcf, 0xff, 0x23, 0xff, 0xfb, 0x0, 0x0,
    0xe, 0xff, 0xf2, 0x3f, 0xff, 0xe0, 0x0, 0x5,
    0xff, 0xff, 0x23, 0xff, 0xff, 0xa3, 0x37, 0xff,
    0xff, 0xf2, 0x3f, 0xff, 0xff, 0xff, 0xff, 0xff,
    0xff, 0x23, 0xff, 0xff, 0xff, 0xff, 0xd5, 0xff,
    0xf2, 0x3f, 0xff, 0xdd, 0xfe, 0x91, 0x2f, 0xff,
    0x23, 0xff, 0xf9, 0x0, 0x0, 0x0, 0x0, 0x0,
    0x3f, 0xff, 0xa0, 0x0, 0x0, 0x0, 0x0, 0x3,
    0xff, 0xfb, 0x0, 0x0, 0x0, 0x0, 0x0, 0x3f,
    0xff, 0xb0, 0x0, 0x0, 0x0, 0x0, 0x3, 0xff,
    0xfb, 0x0, 0x0, 0x0, 0x0, 0x0,

    /* U+00B6 "¶" */
    0x0, 0x4, 0xad, 0xff, 0xff, 0xff, 0xff, 0xf4,
    0x0, 0xbf, 0xff, 0xff, 0xff, 0xff, 0xff, 0xf4,
    0xb, 0xff, 0xff, 0xff, 0xd1, 0x1f, 0xf9, 0x10,
    0x3f, 0xff, 0xff, 0xff, 0xd0, 0xf, 0xf9, 0x0,
    0x8f, 0xff, 0xff, 0xff, 0xd0, 0xf, 0xf9, 0x0,
    0xaf, 0xff, 0xff, 0xff, 0xd0, 0xf, 0xf9, 0x0,
    0xbf, 0xff, 0xff, 0xff, 0xd0, 0xf, 0xf9, 0x0,
    0x9f, 0xff, 0xff, 0xff, 0xd0, 0xf, 0xf9, 0x0,
    0x4f, 0xff, 0xff, 0xff, 0xd0, 0xf, 0xf9, 0x0,
    0xc, 0xff, 0xff, 0xff, 0xd0, 0xf, 0xf9, 0x0,
    0x1, 0xef, 0xff, 0xff, 0xd0, 0xf, 0xf9, 0x0,
    0x0, 0x8, 0xef, 0xff, 0xd0, 0xf, 0xf9, 0x0,
    0x0, 0x0, 0x1, 0xdf, 0xd0, 0xf, 0xf9, 0x0,
    0x0, 0x0, 0x0, 0xcf, 0xd0, 0xf, 0xf9, 0x0,
    0x0, 0x0, 0x0, 0xcf, 0xd0, 0xf, 0xf9, 0x0,
    0x0, 0x0, 0x0, 0xcf, 0xd0, 0xf, 0xf9, 0x0,
    0x0, 0x0, 0x0, 0xcf, 0xd0, 0xf, 0xf9, 0x0,
    0x0, 0x0, 0x0, 0xcf, 0xd0, 0xf, 0xf9, 0x0,
    0x0, 0x0, 0x0, 0xcf, 0xd0, 0xf, 0xf9, 0x0,
    0x0, 0x0, 0x0, 0xcf, 0xd0, 0xf, 0xf9, 0x0,
    0x0, 0x0, 0x0, 0xcf, 0xd0, 0xf, 0xf9, 0x0,
    0x0, 0x0, 0x0, 0xcf, 0xd0, 0xf, 0xf9, 0x0,
    0x0, 0x0, 0x0, 0xcf, 0xd0, 0xf, 0xf9, 0x0,
    0x0, 0x0, 0x0, 0xcf, 0xd0, 0xf, 0xf9, 0x0,

    /* U+00B7 "·" */
    0x4e, 0xee, 0x95, 0xff, 0xfa, 0x5f, 0xff, 0xa5,
    0xff, 0xfa,

    /* U+00B8 "¸" */
    0x1, 0xbb, 0x20, 0x0, 0x4f, 0xf4, 0x0, 0x6,
    0xff, 0xfe, 0x20, 0x0, 0x5f, 0xf9, 0xbb, 0xbd,
    0xff, 0x6d, 0xef, 0xfc, 0x60,

    /* U+00B9 "¹" */
    0x0, 0x28, 0xf9, 0x0, 0x2e, 0xff, 0xf9, 0x0,
    0x2b, 0xbe, 0xf9, 0x0, 0x0, 0xc, 0xf9, 0x0,
    0x0, 0xc, 0xf9, 0x0, 0x0, 0xc, 0xf9, 0x0,
    0x0, 0xc, 0xf9, 0x0, 0x0, 0xc, 0xf9, 0x0,
    0x4f, 0xff, 0xff, 0xfe, 0x4f, 0xff, 0xff, 0xfe,

    /* U+00BA "º" */
    0x0, 0x2a, 0xef, 0xea, 0x30, 0x0, 0x3f, 0xff,
    0xff, 0xff, 0x30, 0xc, 0xfe, 0x30, 0x3e, 0xfc,
    0x1, 0xff, 0x80, 0x0, 0x8f, 0xf1, 0x2f, 0xf6,
    0x0, 0x5, 0xff, 0x32, 0xff, 0x60, 0x0, 0x5f,
    0xf3, 0x1f, 0xf8, 0x0, 0x8, 0xff, 0x10, 0xcf,
    0xe3, 0x3, 0xef, 0xc0, 0x3, 0xff, 0xff, 0xff,
    0xf3, 0x0, 0x2, 0xae, 0xfe, 0xa3, 0x0,

    /* U+00BB "»" */
    0x5f, 0xf9, 0x0, 0x3f, 0xfb, 0x0, 0x0, 0xb,
    0xff, 0x50, 0x9, 0xff, 0x70, 0x0, 0x2, 0xff,
    0xf2, 0x1, 0xef, 0xf3, 0x0, 0x0, 0x8f, 0xfc,
    0x0, 0x6f, 0xfe, 0x10, 0x0, 0xe, 0xff, 0x80,
    0xc, 0xff, 0xa0, 0x0, 0x6, 0xff, 0xf2, 0x4,
    0xff, 0xf4, 0x0, 0xc, 0xff, 0xb0, 0xa, 0xff,
    0xd0, 0x0, 0x6f, 0xfe, 0x10, 0x4f, 0xff, 0x20,
    0x1, 0xef, 0xf4, 0x0, 0xdf, 0xf6, 0x0, 0x9,
    0xff, 0x80, 0x7, 0xff, 0xa0, 0x0, 0x3f, 0xfc,
    0x0, 0x1f, 0xfd, 0x0, 0x0, 0x13, 0x31, 0x0,
    0x13, 0x31, 0x0, 0x0,

    /* U+00BC "¼" */
    0x0, 0x0, 0x64, 0x0, 0x0, 0x0, 0x0, 0x0,
    0x5, 0x85, 0x0, 0x3, 0x8e, 0xf9, 0x0, 0x0,
    0x0, 0x0, 0x0, 0x3f, 0xf3, 0x0, 0x3f, 0xff,
    0xf9, 0x0, 0x0, 0x0, 0x0, 0x0, 0xdf, 0x70,
    0x0, 0x18, 0x8e, 0xf9, 0x0, 0x0, 0x0, 0x0,
    0xa, 0xfb, 0x0, 0x0, 0x0, 0xc, 0xf9, 0x0,
    0x0, 0x0, 0x0, 0x6f, 0xe1, 0x0, 0x0, 0x0,
    0xc, 0xf9, 0x0, 0x0, 0x0, 0x2, 0xff, 0x40,
    0x0, 0x0, 0x0, 0xc, 0xf9, 0x0, 0x0, 0x0,
    0xc, 0xf9, 0x0, 0x0, 0x0, 0x0, 0xc, 0xf9,
    0x0, 0x0, 0x0, 0x8f, 0xd0, 0x0, 0x0, 0x0,
    0x0, 0xc, 0xf9, 0x0, 0x0, 0x4, 0xff, 0x20,
    0x0, 0x0, 0x0, 0x4f, 0xff, 0xff, 0xfe, 0x0,
    0x1e, 0xf6, 0x0, 0x0, 0x0, 0x0, 0x4f, 0xff,
    0xff, 0xfe, 0x0, 0xbf, 0xb0, 0x0, 0x89, 0x50,
    0x0, 0x0, 0x0, 0x0, 0x0, 0x7, 0xfe, 0x10,
    0x3, 0xff, 0x44, 0x10, 0x0, 0x0, 0x0, 0x0,
    0x3f, 0xf4, 0x0, 0x9, 0xfd, 0x2f, 0x60, 0x0,
    0x0, 0x0, 0x0, 0xdf, 0x80, 0x0, 0xe, 0xf5,
    0x8f, 0x60, 0x0, 0x0, 0x0, 0xa, 0xfc, 0x0,
    0x0, 0x7f, 0xb0, 0xef, 0x60, 0x0, 0x0, 0x0,
    0x5f, 0xf2, 0x0, 0x1, 0xee, 0x10, 0xff, 0x60,
    0x0, 0x0, 0x2, 0xff, 0x50, 0x0, 0x6, 0xff,
    0xff, 0xff, 0xfa, 0x0, 0x0, 0xc, 0xfa, 0x0,
    0x0, 0x5, 0xee, 0xee, 0xff, 0xe8, 0x0, 0x0,
    0x8f, 0xd0, 0x0, 0x0, 0x0, 0x0, 0x0, 0xff,
    0x60, 0x0, 0x4, 0xff, 0x30, 0x0, 0x0, 0x0,
    0x0, 0x0, 0xff, 0x60, 0x0, 0x6, 0x85, 0x0,
    0x0, 0x0, 0x0, 0x0, 0x0, 0x0, 0x0,

    /* U+00BD "½" */
    0x0, 0x0, 0x64, 0x0, 0x0, 0x0, 0x0, 0x0,
    0x5, 0x85, 0x0, 0x3, 0x8e, 0xf9, 0x0, 0x0,
    0x0, 0x0, 0x0, 0x3f, 0xf3, 0x0, 0x3f, 0xff,
    0xf9, 0x0, 0x0, 0x0, 0x0, 0x0, 0xdf, 0x70,
    0x0, 0x18, 0x8e, 0xf9, 0x0, 0x0, 0x0, 0x0,
    0xa, 0xfb, 0x0, 0x0, 0x0, 0xc, 0xf9, 0x0,
    0x0, 0x0, 0x0, 0x6f, 0xe1, 0x0, 0x0, 0x0,
    0xc, 0xf9, 0x0, 0x0, 0x0, 0x2, 0xff, 0x40,
    0x0, 0x0, 0x0, 0xc, 0xf9, 0x0, 0x0, 0x0,
    0xc, 0xf9, 0x0, 0x0, 0x0, 0x0, 0xc, 0xf9,
    0x0, 0x0, 0x0, 0x8f, 0xd0, 0x0, 0x0, 0x0,
    0x0, 0xc, 0xf9, 0x0, 0x0, 0x4, 0xff, 0x20,
    0x0, 0x0, 0x0, 0x4f, 0xff, 0xff, 0xfe, 0x0,
    0x1e, 0xf6, 0x0, 0x0, 0x0, 0x0, 0x4f, 0xff,
    0xff, 0xfe, 0x0, 0xbf, 0xb0, 0x2, 0xae, 0xfd,
    0x70, 0x0, 0x0, 0x0, 0x0, 0x7, 0xfe, 0x10,
    0x1e, 0xff, 0xef, 0xf7, 0x0, 0x0, 0x0, 0x0,
    0x3f, 0xf4, 0x0, 0x6f, 0xf2, 0x9, 0xfd, 0x0,
    0x0, 0x0, 0x0, 0xdf, 0x80, 0x0, 0x4b, 0x90,
    0x9, 0xfd, 0x0, 0x0, 0x0, 0xa, 0xfc, 0x0,
    0x0, 0x0, 0x0, 0x5f, 0xf8, 0x0, 0x0, 0x0,
    0x5f, 0xf2, 0x0, 0x0, 0x0, 0x8, 0xff, 0xb0,
    0x0, 0x0, 0x2, 0xff, 0x50, 0x0, 0x0, 0x1,
    0xbf, 0xf8, 0x0, 0x0, 0x0, 0xc, 0xfa, 0x0,
    0x0, 0x0, 0xc, 0xfe, 0x40, 0x0, 0x0, 0x0,
    0x8f, 0xd0, 0x0, 0x0, 0x0, 0x5f, 0xff, 0xff,
    0xff, 0x0, 0x4, 0xff, 0x30, 0x0, 0x0, 0x0,
    0x8f, 0xff, 0xff, 0xff, 0x0, 0x6, 0x85, 0x0,
    0x0, 0x0, 0x0, 0x0, 0x0, 0x0, 0x0,

    /* U+00BE "¾" */
    0x0, 0x6b, 0xb8, 0x20, 0x0, 0x0, 0x0, 0x0,
    0x9, 0xc7, 0x0, 0xc, 0xff, 0xff, 0xf2, 0x0,
    0x0, 0x0, 0x0, 0x6f, 0xe1, 0x0, 0x5f, 0xf3,
    0x1e, 0xf9, 0x0, 0x0, 0x0, 0x2, 0xff, 0x40,
    0x0, 0x5b, 0x90, 0xa, 0xfb, 0x0, 0x0, 0x0,
    0xc, 0xf9, 0x0, 0x0, 0x0, 0x0, 0x1e, 0xf7,
    0x0, 0x0, 0x0, 0x8f, 0xd0, 0x0, 0x0, 0x0,
    0xc, 0xff, 0x90, 0x0, 0x0, 0x4, 0xff, 0x30,
    0x0, 0x0, 0x0, 0xa, 0xef, 0xf4, 0x0, 0x0,
    0x1e, 0xf7, 0x0, 0x0, 0x0, 0x23, 0x20, 0x9,
    0xfd, 0x0, 0x0, 0xaf, 0xb0, 0x0, 0x0, 0x0,
    0x9f, 0xc1, 0x1b, 0xfe, 0x0, 0x6, 0xfe, 0x10,
    0x0, 0x0, 0x0, 0x3f, 0xff, 0xff, 0xf7, 0x0,
    0x2f, 0xf5, 0x0, 0x11, 0x0, 0x0, 0x2, 0x9c,
    0xda, 0x50, 0x0, 0xcf, 0x90, 0x0, 0xff, 0x70,
    0x0, 0x0, 0x0, 0x0, 0x0, 0x8, 0xfd, 0x0,
    0x5, 0xff, 0x24, 0x10, 0x0, 0x0, 0x0, 0x0,
    0x4f, 0xf3, 0x0, 0xa, 0xfb, 0x2f, 0x60, 0x0,
    0x0, 0x0, 0x1, 0xef, 0x70, 0x0, 0x1f, 0xf3,
    0x8f, 0x60, 0x0, 0x0, 0x0, 0xa, 0xfb, 0x0,
    0x0, 0x8f, 0xa0, 0xef, 0x60, 0x0, 0x0, 0x0,
    0x6f, 0xe1, 0x0, 0x1, 0xfe, 0x10, 0xff, 0x60,
    0x0, 0x0, 0x2, 0xff, 0x50, 0x0, 0x6, 0xff,
    0xff, 0xff, 0xfa, 0x0, 0x0, 0xc, 0xf9, 0x0,
    0x0, 0x5, 0xee, 0xee, 0xff, 0xe8, 0x0, 0x0,
    0x8f, 0xd0, 0x0, 0x0, 0x0, 0x0, 0x0, 0xff,
    0x60, 0x0, 0x4, 0xff, 0x30, 0x0, 0x0, 0x0,
    0x0, 0x0, 0xff, 0x60, 0x0, 0x6, 0x85, 0x0,
    0x0, 0x0, 0x0, 0x0, 0x0, 0x0, 0x0,

    /* U+00BF "¿" */
    0x0, 0x0, 0x4, 0xff, 0xfb, 0x0, 0x0, 0x0,
    0x0, 0x0, 0x4f, 0xff, 0xb0, 0x0, 0x0, 0x0,
    0x0, 0x4, 0xff, 0xfb, 0x0, 0x0, 0x0, 0x0,
    0x0, 0x4e, 0xee, 0xa0, 0x0, 0x0, 0x0, 0x0,
    0x0, 0x0, 0x0, 0x0, 0x0, 0x0, 0x0, 0x0,
    0x4, 0x44, 0x20, 0x0, 0x0, 0x0, 0x0, 0x1,
    0xff, 0xf8, 0x0, 0x0, 0x0, 0x0, 0x0, 0x3f,
    0xff, 0x70, 0x0, 0x0, 0x0, 0x0, 0x1d, 0xff,
    0xf4, 0x0, 0x0, 0x0, 0x0, 0x2d, 0xff, 0xfc,
    0x0, 0x0, 0x0, 0x0, 0x4f, 0xff, 0xfe, 0x20,
    0x0, 0x0, 0x0, 0x2f, 0xff, 0xfd, 0x20, 0x0,
    0x0, 0x0, 0xa, 0xff, 0xfd, 0x10, 0x0, 0x0,
    0x0, 0x0, 0xff, 0xff, 0x40, 0x0, 0x4, 0xdd,
    0xd6, 0xf, 0xff, 0xf2, 0x0, 0x0, 0x7f, 0xff,
    0x80, 0xff, 0xff, 0x50, 0x0, 0xc, 0xff, 0xf6,
    0xc, 0xff, 0xff, 0x63, 0x4a, 0xff, 0xff, 0x10,
    0x4f, 0xff, 0xff, 0xff, 0xff, 0xff, 0x70, 0x0,
    0x5f, 0xff, 0xff, 0xff, 0xff, 0x70, 0x0, 0x0,
    0x27, 0xce, 0xff, 0xc8, 0x10, 0x0,

    /* U+00C0 "À" */
    0x0, 0x0, 0x0, 0xcf, 0xff, 0x30, 0x0, 0x0,
    0x0, 0x0, 0x0, 0x0, 0x0, 0x1, 0xdf, 0xfd,
    0x0, 0x0, 0x0, 0x0, 0x0, 0x0, 0x0, 0x0,
    0x1, 0xef, 0xf7, 0x0, 0x0, 0x0, 0x0, 0x0,
    0x0, 0x0, 0x0, 0x2, 0xaa, 0xa0, 0x0, 0x0,
    0x0, 0x0, 0x0, 0x0, 0x0, 0x0, 0x0, 0x0,
    0x0, 0x0, 0x0, 0x0, 0x0, 0x0, 0x0, 0x0,
    0xaf, 0xff, 0xfe, 0x0, 0x0, 0x0, 0x0, 0x0,
    0x0, 0x0, 0xf, 0xff, 0xff, 0xf4, 0x0, 0x0,
    0x0, 0x0, 0x0, 0x0, 0x6, 0xff, 0xff, 0xff,
    0xb0, 0x0, 0x0, 0x0, 0x0, 0x0, 0x0, 0xcf,
    0xff, 0xef, 0xff, 0x10, 0x0, 0x0, 0x0, 0x0,
    0x0, 0x3f, 0xff, 0xa9, 0xff, 0xf7, 0x0, 0x0,
    0x0, 0x0, 0x0, 0x9, 0xff, 0xf5, 0x4f, 0xff,
    0xd0, 0x0, 0x0, 0x0, 0x0, 0x0, 0xef, 0xff,
    0x0, 0xff, 0xff, 0x30, 0x0, 0x0, 0x0, 0x0,
    0x5f, 0xff, 0xb0, 0x9, 0xff, 0xfa, 0x0, 0x0,
    0x0, 0x0, 0xb, 0xff, 0xf5, 0x0, 0x4f, 0xff,
    0xf0, 0x0, 0x0, 0x0, 0x2, 0xff, 0xfe, 0x0,
    0x0, 0xef, 0xff, 0x60, 0x0, 0x0, 0x0, 0x8f,
    0xff, 0x90, 0x0, 0x8, 0xff, 0xfc, 0x0, 0x0,
    0x0, 0xe, 0xff, 0xf3, 0x0, 0x0, 0x2f, 0xff,
    0xf3, 0x0, 0x0, 0x4, 0xff, 0xff, 0xff, 0xff,
    0xff, 0xff, 0xff, 0x90, 0x0, 0x0, 0xbf, 0xff,
    0xff, 0xff, 0xff, 0xff, 0xff, 0xfe, 0x0, 0x0,
    0x1f, 0xff, 0xff, 0xff, 0xff, 0xff, 0xff, 0xff,
    0xf5, 0x0, 0x7, 0xff, 0xfd, 0x55, 0x55, 0x55,
    0x55, 0xcf, 0xff, 0xb0, 0x0, 0xdf, 0xff, 0x60,
    0x0, 0x0, 0x0, 0x5, 0xff, 0xff, 0x20, 0x3f,
    0xff, 0xf1, 0x0, 0x0, 0x0, 0x0, 0xf, 0xff,
    0xf8, 0xa, 0xff, 0xfa, 0x0, 0x0, 0x0, 0x0,
    0x0, 0x9f, 0xff, 0xe0,

    /* U+00C1 "Á" */
    0x0, 0x0, 0x0, 0x0, 0x0, 0xaf, 0xff, 0x70,
    0x0, 0x0, 0x0, 0x0, 0x0, 0x0, 0x0, 0x4f,
    0xff, 0x80, 0x0, 0x0, 0x0, 0x0, 0x0, 0x0,
    0x0, 0xe, 0xff, 0x90, 0x0, 0x0, 0x0, 0x0,
    0x0, 0x0, 0x0, 0x5, 0xbb, 0x80, 0x0, 0x0,
    0x0, 0x0, 0x0, 0x0, 0x0, 0x0, 0x0, 0x0,
    0x0, 0x0, 0x0, 0x0, 0x0, 0x0, 0x0, 0x0,
    0xaf, 0xff, 0xfe, 0x0, 0x0, 0x0, 0x0, 0x0,
    0x0, 0x0, 0xf, 0xff, 0xff, 0xf4, 0x0, 0x0,
    0x0, 0x0, 0x0, 0x0, 0x6, 0xff, 0xff, 0xff,
    0xb0, 0x0, 0x0, 0x0, 0x0, 0x0, 0x0, 0xcf,
    0xff, 0xef, 0xff, 0x10, 0x0, 0x0, 0x0, 0x0,
    0x0, 0x3f, 0xff, 0xa9, 0xff, 0xf7, 0x0, 0x0,
    0x0, 0x0, 0x0, 0x9, 0xff, 0xf5, 0x4f, 0xff,
    0xd0, 0x0, 0x0, 0x0, 0x0, 0x0, 0xef, 0xff,
    0x0, 0xff, 0xff, 0x30, 0x0, 0x0, 0x0, 0x0,
    0x5f, 0xff, 0xb0, 0x9, 0xff, 0xfa, 0x0, 0x0,
    0x0, 0x0, 0xb, 0xff, 0xf5, 0x0, 0x4f, 0xff,
    0xf0, 0x0, 0x0, 0x0, 0x2, 0xff, 0xfe, 0x0,
    0x0, 0xef, 0xff, 0x60, 0x0, 0x0, 0x0, 0x8f,
    0xff, 0x90, 0x0, 0x8, 0xff, 0xfc, 0x0, 0x0,
    0x0, 0xe, 0xff, 0xf3, 0x0, 0x0, 0x2f, 0xff,
    0xf3, 0x0, 0x0, 0x4, 0xff, 0xff, 0xff, 0xff,
    0xff, 0xff, 0xff, 0x90, 0x0, 0x0, 0xbf, 0xff,
    0xff, 0xff, 0xff, 0xff, 0xff, 0xfe, 0x0, 0x0,
    0x1f, 0xff, 0xff, 0xff, 0xff, 0xff, 0xff, 0xff,
    0xf5, 0x0, 0x7, 0xff, 0xfd, 0x55, 0x55, 0x55,
    0x55, 0xcf, 0xff, 0xb0, 0x0, 0xdf, 0xff, 0x60,
    0x0, 0x0, 0x0, 0x5, 0xff, 0xff, 0x20, 0x3f,
    0xff, 0xf1, 0x0, 0x0, 0x0, 0x0, 0xf, 0xff,
    0xf8, 0xa, 0xff, 0xfa, 0x0, 0x0, 0x0, 0x0,
    0x0, 0x9f, 0xff, 0xe0,

    /* U+00C2 "Â" */
    0x0, 0x0, 0x0, 0x3, 0xff, 0xff, 0x70, 0x0,
    0x0, 0x0, 0x0, 0x0, 0x0, 0x1, 0xef, 0xff,
    0xff, 0x50, 0x0, 0x0, 0x0, 0x0, 0x0, 0x0,
    0xcf, 0xf8, 0x3f, 0xff, 0x30, 0x0, 0x0, 0x0,
    0x0, 0x0, 0x6b, 0xb8, 0x0, 0x5b, 0xb9, 0x0,
    0x0, 0x0, 0x0, 0x0, 0x0, 0x0, 0x0, 0x0,
    0x0, 0x0, 0x0, 0x0, 0x0, 0x0, 0x0, 0x0,
    0xaf, 0xff, 0xfe, 0x0, 0x0, 0x0, 0x0, 0x0,
    0x0, 0x0, 0xf, 0xff, 0xff, 0xf4, 0x0, 0x0,
    0x0, 0x0, 0x0, 0x0, 0x6, 0xff, 0xff, 0xff,
    0xb0, 0x0, 0x0, 0x0, 0x0, 0x0, 0x0, 0xcf,
    0xff, 0xef, 0xff, 0x10, 0x0, 0x0, 0x0, 0x0,
    0x0, 0x3f, 0xff, 0xa9, 0xff, 0xf7, 0x0, 0x0,
    0x0, 0x0, 0x0, 0x9, 0xff, 0xf5, 0x4f, 0xff,
    0xd0, 0x0, 0x0, 0x0, 0x0, 0x0, 0xef, 0xff,
    0x0, 0xff, 0xff, 0x30, 0x0, 0x0, 0x0, 0x0,
    0x5f, 0xff, 0xb0, 0x9, 0xff, 0xfa, 0x0, 0x0,
    0x0, 0x0, 0xb, 0xff, 0xf5, 0x0, 0x4f, 0xff,
    0xf0, 0x0, 0x0, 0x0, 0x2, 0xff, 0xfe, 0x0,
    0x0, 0xef, 0xff, 0x60, 0x0, 0x0, 0x0, 0x8f,
    0xff, 0x90, 0x0, 0x8, 0xff, 0xfc, 0x0, 0x0,
    0x0, 0xe, 0xff, 0xf3, 0x0, 0x0, 0x2f, 0xff,
    0xf3, 0x0, 0x0, 0x4, 0xff, 0xff, 0xff, 0xff,
    0xff, 0xff, 0xff, 0x90, 0x0, 0x0, 0xbf, 0xff,
    0xff, 0xff, 0xff, 0xff, 0xff, 0xfe, 0x0, 0x0,
    0x1f, 0xff, 0xff, 0xff, 0xff, 0xff, 0xff, 0xff,
    0xf5, 0x0, 0x7, 0xff, 0xfd, 0x55, 0x55, 0x55,
    0x55, 0xcf, 0xff, 0xb0, 0x0, 0xdf, 0xff, 0x60,
    0x0, 0x0, 0x0, 0x5, 0xff, 0xff, 0x20, 0x3f,
    0xff, 0xf1, 0x0, 0x0, 0x0, 0x0, 0xf, 0xff,
    0xf8, 0xa, 0xff, 0xfa, 0x0, 0x0, 0x0, 0x0,
    0x0, 0x9f, 0xff, 0xe0,

    /* U+00C3 "Ã" */
    0x0, 0x0, 0x0, 0x5, 0x41, 0x0, 0x5, 0x60,
    0x0, 0x0, 0x0, 0x0, 0x0, 0x1e, 0xff, 0xfc,
    0x89, 0xff, 0x0, 0x0, 0x0, 0x0, 0x0, 0x9,
    0xff, 0xff, 0xff, 0xff, 0xa0, 0x0, 0x0, 0x0,
    0x0, 0x0, 0xdf, 0x60, 0x4a, 0xef, 0xb1, 0x0,
    0x0, 0x0, 0x0, 0x0, 0x0, 0x0, 0x0, 0x0,
    0x0, 0x0, 0x0, 0x0, 0x0, 0x0, 0x0, 0x0,
    0x0, 0x0, 0x0, 0x0, 0x0, 0x0, 0x0, 0x0,
    0x0, 0x0, 0xa, 0xff, 0xff, 0xe0, 0x0, 0x0,
    0x0, 0x0, 0x0, 0x0, 0x0, 0xff, 0xff, 0xff,
    0x40, 0x0, 0x0, 0x0, 0x0, 0x0, 0x0, 0x6f,
    0xff, 0xff, 0xfb, 0x0, 0x0, 0x0, 0x0, 0x0,
    0x0, 0xc, 0xff, 0xfe, 0xff, 0xf1, 0x0, 0x0,
    0x0, 0x0, 0x0, 0x3, 0xff, 0xfa, 0x9f, 0xff,
    0x70, 0x0, 0x0, 0x0, 0x0, 0x0, 0x9f, 0xff,
    0x54, 0xff, 0xfd, 0x0, 0x0, 0x0, 0x0, 0x0,
    0xe, 0xff, 0xf0, 0xf, 0xff, 0xf3, 0x0, 0x0,
    0x0, 0x0, 0x5, 0xff, 0xfb, 0x0, 0x9f, 0xff,
    0xa0, 0x0, 0x0, 0x0, 0x0, 0xbf, 0xff, 0x50,
    0x4, 0xff, 0xff, 0x0, 0x0, 0x0, 0x0, 0x2f,
    0xff, 0xe0, 0x0, 0xe, 0xff, 0xf6, 0x0, 0x0,
    0x0, 0x8, 0xff, 0xf9, 0x0, 0x0, 0x8f, 0xff,
    0xc0, 0x0, 0x0, 0x0, 0xef, 0xff, 0x30, 0x0,
    0x2, 0xff, 0xff, 0x30, 0x0, 0x0, 0x4f, 0xff,
    0xff, 0xff, 0xff, 0xff, 0xff, 0xf9, 0x0, 0x0,
    0xb, 0xff, 0xff, 0xff, 0xff, 0xff, 0xff, 0xff,
    0xe0, 0x0, 0x1, 0xff, 0xff, 0xff, 0xff, 0xff,
    0xff, 0xff, 0xff, 0x50, 0x0, 0x7f, 0xff, 0xd5,
    0x55, 0x55, 0x55, 0x5c, 0xff, 0xfb, 0x0, 0xd,
    0xff, 0xf6, 0x0, 0x0, 0x0, 0x0, 0x5f, 0xff,
    0xf2, 0x3, 0xff, 0xff, 0x10, 0x0, 0x0, 0x0,
    0x0, 0xff, 0xff, 0x80, 0xaf, 0xff, 0xa0, 0x0,
    0x0, 0x0, 0x0, 0x9, 0xff, 0xfe, 0x0,

    /* U+00C4 "Ä" */
    0x0, 0x0, 0x1, 0x44, 0x30, 0x2, 0x44, 0x20,
    0x0, 0x0, 0x0, 0x0, 0x0, 0x6f, 0xfe, 0x0,
    0x9f, 0xfb, 0x0, 0x0, 0x0, 0x0, 0x0, 0x6,
    0xff, 0xe0, 0x9, 0xff, 0xb0, 0x0, 0x0, 0x0,
    0x0, 0x0, 0x6f, 0xfe, 0x0, 0x9f, 0xfb, 0x0,
    0x0, 0x0, 0x0, 0x0, 0x0, 0x0, 0x0, 0x0,
    0x0, 0x0, 0x0, 0x0, 0x0, 0x0, 0x0, 0x0,
    0x0, 0x0, 0x0, 0x0, 0x0, 0x0, 0x0, 0x0,
    0x0, 0x0, 0xa, 0xff, 0xff, 0xe0, 0x0, 0x0,
    0x0, 0x0, 0x0, 0x0, 0x0, 0xff, 0xff, 0xff,
    0x40, 0x0, 0x0, 0x0, 0x0, 0x0, 0x0, 0x6f,
    0xff, 0xff, 0xfb, 0x0, 0x0, 0x0, 0x0, 0x0,
    0x0, 0xc, 0xff, 0xfe, 0xff, 0xf1, 0x0, 0x0,
    0x0, 0x0, 0x0, 0x3, 0xff, 0xfa, 0x9f, 0xff,
    0x70, 0x0, 0x0, 0x0, 0x0, 0x0, 0x9f, 0xff,
    0x54, 0xff, 0xfd, 0x0, 0x0, 0x0, 0x0, 0x0,
    0xe, 0xff, 0xf0, 0xf, 0xff, 0xf3, 0x0, 0x0,
    0x0, 0x0, 0x5, 0xff, 0xfb, 0x0, 0x9f, 0xff,
    0xa0, 0x0, 0x0, 0x0, 0x0, 0xbf, 0xff, 0x50,
    0x4, 0xff, 0xff, 0x0, 0x0, 0x0, 0x0, 0x2f,
    0xff, 0xe0, 0x0, 0xe, 0xff, 0xf6, 0x0, 0x0,
    0x0, 0x8, 0xff, 0xf9, 0x0, 0x0, 0x8f, 0xff,
    0xc0, 0x0, 0x0, 0x0, 0xef, 0xff, 0x30, 0x0,
    0x2, 0xff, 0xff, 0x30, 0x0, 0x0, 0x4f, 0xff,
    0xff, 0xff, 0xff, 0xff, 0xff, 0xf9, 0x0, 0x0,
    0xb, 0xff, 0xff, 0xff, 0xff, 0xff, 0xff, 0xff,
    0xe0, 0x0, 0x1, 0xff, 0xff, 0xff, 0xff, 0xff,
    0xff, 0xff, 0xff, 0x50, 0x0, 0x7f, 0xff, 0xd5,
    0x55, 0x55, 0x55, 0x5c, 0xff, 0xfb, 0x0, 0xd,
    0xff, 0xf6, 0x0, 0x0, 0x0, 0x0, 0x5f, 0xff,
    0xf2, 0x3, 0xff, 0xff, 0x10, 0x0, 0x0, 0x0,
    0x0, 0xff, 0xff, 0x80, 0xaf, 0xff, 0xa0, 0x0,
    0x0, 0x0, 0x0, 0x9, 0xff, 0xfe, 0x0,

    /* U+00C5 "Å" */
    0x0, 0x0, 0x0, 0x0, 0x8e, 0xea, 0x10, 0x0,
    0x0, 0x0, 0x0, 0x0, 0x0, 0x0, 0x7f, 0xdb,
    0xfc, 0x0, 0x0, 0x0, 0x0, 0x0, 0x0, 0x0,
    0xc, 0xf0, 0xb, 0xf1, 0x0, 0x0, 0x0, 0x0,
    0x0, 0x0, 0x0, 0xbf, 0x31, 0xdf, 0x0, 0x0,
    0x0, 0x0, 0x0, 0x0, 0x0, 0x4, 0xff, 0xff,
    0x80, 0x0, 0x0, 0x0, 0x0, 0x0, 0x0, 0x0,
    0x2, 0x89, 0x50, 0x0, 0x0, 0x0, 0x0, 0x0,
    0x0, 0x0, 0x0, 0x0, 0x0, 0x0, 0x0, 0x0,
    0x0, 0x0, 0x0, 0x0, 0x0, 0xaf, 0xff, 0xfe,
    0x0, 0x0, 0x0, 0x0, 0x0, 0x0, 0x0, 0xf,
    0xff, 0xff, 0xf4, 0x0, 0x0, 0x0, 0x0, 0x0,
    0x0, 0x6, 0xff, 0xff, 0xff, 0xb0, 0x0, 0x0,
    0x0, 0x0, 0x0, 0x0, 0xcf, 0xff, 0xef, 0xff,
    0x10, 0x0, 0x0, 0x0, 0x0, 0x0, 0x3f, 0xff,
    0xa9, 0xff, 0xf7, 0x0, 0x0, 0x0, 0x0, 0x0,
    0x9, 0xff, 0xf5, 0x4f, 0xff, 0xd0, 0x0, 0x0,
    0x0, 0x0, 0x0, 0xef, 0xff, 0x0, 0xff, 0xff,
    0x30, 0x0, 0x0, 0x0, 0x0, 0x5f, 0xff, 0xb0,
    0x9, 0xff, 0xfa, 0x0, 0x0, 0x0, 0x0, 0xb,
    0xff, 0xf5, 0x0, 0x4f, 0xff, 0xf0, 0x0, 0x0,
    0x0, 0x2, 0xff, 0xfe, 0x0, 0x0, 0xef, 0xff,
    0x60, 0x0, 0x0, 0x0, 0x8f, 0xff, 0x90, 0x0,
    0x8, 0xff, 0xfc, 0x0, 0x0, 0x0, 0xe, 0xff,
    0xf3, 0x0, 0x0, 0x2f, 0xff, 0xf3, 0x0, 0x0,
    0x4, 0xff, 0xff, 0xff, 0xff, 0xff, 0xff, 0xff,
    0x90, 0x0, 0x0, 0xbf, 0xff, 0xff, 0xff, 0xff,
    0xff, 0xff, 0xfe, 0x0, 0x0, 0x1f, 0xff, 0xff,
    0xff, 0xff, 0xff, 0xff, 0xff, 0xf5, 0x0, 0x7,
    0xff, 0xfd, 0x55, 0x55, 0x55, 0x55, 0xcf, 0xff,
    0xb0, 0x0, 0xdf, 0xff, 0x60, 0x0, 0x0, 0x0,
    0x5, 0xff, 0xff, 0x20, 0x3f, 0xff, 0xf1, 0x0,
    0x0, 0x0, 0x0, 0xf, 0xff, 0xf8, 0xa, 0xff,
    0xfa, 0x0, 0x0, 0x0, 0x0, 0x0, 0x9f, 0xff,
    0xe0,

    /* U+00C6 "Æ" */
    0x0, 0x0, 0x0, 0x0, 0x3, 0xff, 0xff, 0xff,
    0xff, 0xff, 0xff, 0xff, 0xff, 0xf7, 0x0, 0x0,
    0x0, 0x0, 0xb, 0xff, 0xff, 0xff, 0xff, 0xff,
    0xff, 0xff, 0xff, 0xf7, 0x0, 0x0, 0x0, 0x0,
    0x3f, 0xff, 0xff, 0xff, 0xff, 0xff, 0xff, 0xff,
    0xff, 0xf7, 0x0, 0x0, 0x0, 0x0, 0xaf, 0xff,
    0xdf, 0xff, 0xa6, 0x66, 0x66, 0x66, 0x66, 0x62,
    0x0, 0x0, 0x0, 0x2, 0xff, 0xfc, 0x6f, 0xff,
    0xa0, 0x0, 0x0, 0x0, 0x0, 0x0, 0x0, 0x0,
    0x0, 0xa, 0xff, 0xf5, 0x2f, 0xff, 0xe0, 0x0,
    0x0, 0x0, 0x0, 0x0, 0x0, 0x0, 0x0, 0x1f,
    0xff, 0xe0, 0xe, 0xff, 0xf3, 0x0, 0x0, 0x0,
    0x0, 0x0, 0x0, 0x0, 0x0, 0x9f, 0xff, 0x60,
    0xa, 0xff, 0xfa, 0x55, 0x55, 0x55, 0x55, 0x0,
    0x0, 0x0, 0x1, 0xff, 0xfe, 0x0, 0x6, 0xff,
    0xff, 0xff, 0xff, 0xff, 0xff, 0x20, 0x0, 0x0,
    0x8, 0xff, 0xf8, 0x0, 0x1, 0xff, 0xff, 0xff,
    0xff, 0xff, 0xff, 0x20, 0x0, 0x0, 0x1f, 0xff,
    0xf1, 0x0, 0x0, 0xdf, 0xff, 0xff, 0xff, 0xff,
    0xff, 0x20, 0x0, 0x0, 0x8f, 0xff, 0x90, 0x0,
    0x0, 0x9f, 0xff, 0x80, 0x0, 0x0, 0x0, 0x0,
    0x0, 0x0, 0xef, 0xff, 0xff, 0xff, 0xff, 0xff,
    0xff, 0xd0, 0x0, 0x0, 0x0, 0x0, 0x0, 0x7,
    0xff, 0xff, 0xff, 0xff, 0xff, 0xff, 0xff, 0xf1,
    0x0, 0x0, 0x0, 0x0, 0x0, 0xe, 0xff, 0xff,
    0xff, 0xff, 0xff, 0xff, 0xff, 0xf5, 0x0, 0x0,
    0x0, 0x0, 0x0, 0x6f, 0xff, 0xd5, 0x55, 0x55,
    0x55, 0x5b, 0xff, 0xfc, 0x77, 0x77, 0x77, 0x74,
    0x0, 0xef, 0xff, 0x50, 0x0, 0x0, 0x0, 0x5,
    0xff, 0xff, 0xff, 0xff, 0xff, 0xfa, 0x6, 0xff,
    0xfe, 0x0, 0x0, 0x0, 0x0, 0x1, 0xff, 0xff,
    0xff, 0xff, 0xff, 0xfa, 0xd, 0xff, 0xf6, 0x0,
    0x0, 0x0, 0x0, 0x0, 0xcf, 0xff, 0xff, 0xff,
    0xff, 0xfa,

    /* U+00C7 "Ç" */
    0x0, 0x0, 0x4, 0x9d, 0xef, 0xed, 0xa5, 0x0,
    0x0, 0x0, 0x0, 0x3d, 0xff, 0xff, 0xff, 0xff,
    0xfe, 0x60, 0x0, 0x0, 0x5f, 0xff, 0xff, 0xff,
    0xff, 0xff, 0xff, 0x80, 0x0, 0x3f, 0xff, 0xff,
    0xc8, 0x77, 0xaf, 0xff, 0xff, 0x50, 0xb, 0xff,
    0xff, 0x50, 0x0, 0x0, 0x2e, 0xff, 0xfd, 0x2,
    0xff, 0xff, 0x60, 0x0, 0x0, 0x0, 0x4f, 0xff,
    0xf2, 0x6f, 0xff, 0xf0, 0x0, 0x0, 0x0, 0x0,
    0xef, 0xff, 0x59, 0xff, 0xfb, 0x0, 0x0, 0x0,
    0x0, 0x4, 0x55, 0x51, 0xaf, 0xff, 0xa0, 0x0,
    0x0, 0x0, 0x0, 0x0, 0x0, 0xb, 0xff, 0xf9,
    0x0, 0x0, 0x0, 0x0, 0x0, 0x0, 0x0, 0xbf,
    0xff, 0x90, 0x0, 0x0, 0x0, 0x0, 0x0, 0x0,
    0x9, 0xff, 0xfb, 0x0, 0x0, 0x0, 0x0, 0x2,
    0x33, 0x31, 0x7f, 0xff, 0xe0, 0x0, 0x0, 0x0,
    0x0, 0xbf, 0xff, 0x53, 0xff, 0xff, 0x50, 0x0,
    0x0, 0x0, 0x1f, 0xff, 0xf3, 0xd, 0xff, 0xfe,
    0x30, 0x0, 0x0, 0xb, 0xff, 0xfe, 0x0, 0x4f,
    0xff, 0xff, 0xa6, 0x55, 0x8e, 0xff, 0xff, 0x70,
    0x0, 0x8f, 0xff, 0xff, 0xff, 0xff, 0xff, 0xff,
    0xb0, 0x0, 0x0, 0x6f, 0xff, 0xff, 0xff, 0xff,
    0xff, 0x90, 0x0, 0x0, 0x0, 0x16, 0xbe, 0xff,
    0xff, 0xd8, 0x20, 0x0, 0x0, 0x0, 0x0, 0x0,
    0x9, 0xfd, 0x20, 0x0, 0x0, 0x0, 0x0, 0x0,
    0x0, 0x0, 0xcf, 0xff, 0xa0, 0x0, 0x0, 0x0,
    0x0, 0x0, 0x0, 0x0, 0xa, 0xff, 0x30, 0x0,
    0x0, 0x0, 0x0, 0x0, 0x3b, 0xbb, 0xff, 0xf1,
    0x0, 0x0, 0x0, 0x0, 0x0, 0x4, 0xdf, 0xfe,
    0xb3, 0x0, 0x0, 0x0,

    /* U+00C8 "È" */
    0x0, 0x2, 0xef, 0xfe, 0x0, 0x0, 0x0, 0x0,
    0x0, 0x0, 0x3f, 0xff, 0x90, 0x0, 0x0, 0x0,
    0x0, 0x0, 0x4, 0xff, 0xf3, 0x0, 0x0, 0x0,
    0x0, 0x0, 0x0, 0x5a, 0xa7, 0x0, 0x0, 0x0,
    0x0, 0x0, 0x0, 0x0, 0x0, 0x0, 0x0, 0x0,
    0xef, 0xff, 0xff, 0xff, 0xff, 0xff, 0xff, 0xf7,
    0xef, 0xff, 0xff, 0xff, 0xff, 0xff, 0xff, 0xf7,
    0xef, 0xff, 0xff, 0xff, 0xff, 0xff, 0xff, 0xf7,
    0xef, 0xff, 0x96, 0x66, 0x66, 0x66, 0x66, 0x62,
    0xef, 0xff, 0x50, 0x0, 0x0, 0x0, 0x0, 0x0,
    0xef, 0xff, 0x50, 0x0, 0x0, 0x0, 0x0, 0x0,
    0xef, 0xff, 0x50, 0x0, 0x0, 0x0, 0x0, 0x0,
    0xef, 0xff, 0x95, 0x55, 0x55, 0x55, 0x55, 0x10,
    0xef, 0xff, 0xff, 0xff, 0xff, 0xff, 0xff, 0x30,
    0xef, 0xff, 0xff, 0xff, 0xff, 0xff, 0xff, 0x30,
    0xef, 0xff, 0xff, 0xff, 0xff, 0xff, 0xff, 0x30,
    0xef, 0xff, 0x50, 0x0, 0x0, 0x0, 0x0, 0x0,
    0xef, 0xff, 0x50, 0x0, 0x0, 0x0, 0x0, 0x0,
    0xef, 0xff, 0x50, 0x0, 0x0, 0x0, 0x0, 0x0,
    0xef, 0xff, 0x50, 0x0, 0x0, 0x0, 0x0, 0x0,
    0xef, 0xff, 0x97, 0x77, 0x77, 0x77, 0x77, 0x74,
    0xef, 0xff, 0xff, 0xff, 0xff, 0xff, 0xff, 0xfa,
    0xef, 0xff, 0xff, 0xff, 0xff, 0xff, 0xff, 0xfa,
    0xef, 0xff, 0xff, 0xff, 0xff, 0xff, 0xff, 0xfa,

    /* U+00C9 "É" */
    0x0, 0x0, 0x0, 0x0, 0xef, 0xff, 0x30, 0x0,
    0x0, 0x0, 0x0, 0x9, 0xff, 0xf4, 0x0, 0x0,
    0x0, 0x0, 0x0, 0x3f, 0xff, 0x50, 0x0, 0x0,
    0x0, 0x0, 0x0, 0x8b, 0xb6, 0x0, 0x0, 0x0,
    0x0, 0x0, 0x0, 0x0, 0x0, 0x0, 0x0, 0x0,
    0xef, 0xff, 0xff, 0xff, 0xff, 0xff, 0xff, 0xf7,
    0xef, 0xff, 0xff, 0xff, 0xff, 0xff, 0xff, 0xf7,
    0xef, 0xff, 0xff, 0xff, 0xff, 0xff, 0xff, 0xf7,
    0xef, 0xff, 0x96, 0x66, 0x66, 0x66, 0x66, 0x62,
    0xef, 0xff, 0x50, 0x0, 0x0, 0x0, 0x0, 0x0,
    0xef, 0xff, 0x50, 0x0, 0x0, 0x0, 0x0, 0x0,
    0xef, 0xff, 0x50, 0x0, 0x0, 0x0, 0x0, 0x0,
    0xef, 0xff, 0x95, 0x55, 0x55, 0x55, 0x55, 0x10,
    0xef, 0xff, 0xff, 0xff, 0xff, 0xff, 0xff, 0x30,
    0xef, 0xff, 0xff, 0xff, 0xff, 0xff, 0xff, 0x30,
    0xef, 0xff, 0xff, 0xff, 0xff, 0xff, 0xff, 0x30,
    0xef, 0xff, 0x50, 0x0, 0x0, 0x0, 0x0, 0x0,
    0xef, 0xff, 0x50, 0x0, 0x0, 0x0, 0x0, 0x0,
    0xef, 0xff, 0x50, 0x0, 0x0, 0x0, 0x0, 0x0,
    0xef, 0xff, 0x50, 0x0, 0x0, 0x0, 0x0, 0x0,
    0xef, 0xff, 0x97, 0x77, 0x77, 0x77, 0x77, 0x74,
    0xef, 0xff, 0xff, 0xff, 0xff, 0xff, 0xff, 0xfa,
    0xef, 0xff, 0xff, 0xff, 0xff, 0xff, 0xff, 0xfa,
    0xef, 0xff, 0xff, 0xff, 0xff, 0xff, 0xff, 0xfa,

    /* U+00CA "Ê" */
    0x0, 0x0, 0x7, 0xff, 0xff, 0x30, 0x0, 0x0,
    0x0, 0x0, 0x4f, 0xff, 0xff, 0xe1, 0x0, 0x0,
    0x0, 0x2, 0xff, 0xf4, 0x7f, 0xfd, 0x0, 0x0,
    0x0, 0x9, 0xbb, 0x50, 0x8, 0xbb, 0x60, 0x0,
    0x0, 0x0, 0x0, 0x0, 0x0, 0x0, 0x0, 0x0,
    0xef, 0xff, 0xff, 0xff, 0xff, 0xff, 0xff, 0xf7,
    0xef, 0xff, 0xff, 0xff, 0xff, 0xff, 0xff, 0xf7,
    0xef, 0xff, 0xff, 0xff, 0xff, 0xff, 0xff, 0xf7,
    0xef, 0xff, 0x96, 0x66, 0x66, 0x66, 0x66, 0x62,
    0xef, 0xff, 0x50, 0x0, 0x0, 0x0, 0x0, 0x0,
    0xef, 0xff, 0x50, 0x0, 0x0, 0x0, 0x0, 0x0,
    0xef, 0xff, 0x50, 0x0, 0x0, 0x0, 0x0, 0x0,
    0xef, 0xff, 0x95, 0x55, 0x55, 0x55, 0x55, 0x10,
    0xef, 0xff, 0xff, 0xff, 0xff, 0xff, 0xff, 0x30,
    0xef, 0xff, 0xff, 0xff, 0xff, 0xff, 0xff, 0x30,
    0xef, 0xff, 0xff, 0xff, 0xff, 0xff, 0xff, 0x30,
    0xef, 0xff, 0x50, 0x0, 0x0, 0x0, 0x0, 0x0,
    0xef, 0xff, 0x50, 0x0, 0x0, 0x0, 0x0, 0x0,
    0xef, 0xff, 0x50, 0x0, 0x0, 0x0, 0x0, 0x0,
    0xef, 0xff, 0x50, 0x0, 0x0, 0x0, 0x0, 0x0,
    0xef, 0xff, 0x97, 0x77, 0x77, 0x77, 0x77, 0x74,
    0xef, 0xff, 0xff, 0xff, 0xff, 0xff, 0xff, 0xfa,
    0xef, 0xff, 0xff, 0xff, 0xff, 0xff, 0xff, 0xfa,
    0xef, 0xff, 0xff, 0xff, 0xff, 0xff, 0xff, 0xfa,

    /* U+00CB "Ë" */
    0x0, 0x2, 0x44, 0x20, 0x3, 0x44, 0x10, 0x0,
    0x0, 0xb, 0xff, 0xa0, 0xe, 0xff, 0x60, 0x0,
    0x0, 0xb, 0xff, 0xa0, 0xe, 0xff, 0x60, 0x0,
    0x0, 0xb, 0xff, 0xa0, 0xe, 0xff, 0x60, 0x0,
    0x0, 0x0, 0x0, 0x0, 0x0, 0x0, 0x0, 0x0,
    0x0, 0x0, 0x0, 0x0, 0x0, 0x0, 0x0, 0x0,
    0xef, 0xff, 0xff, 0xff, 0xff, 0xff, 0xff, 0xf7,
    0xef, 0xff, 0xff, 0xff, 0xff, 0xff, 0xff, 0xf7,
    0xef, 0xff, 0xff, 0xff, 0xff, 0xff, 0xff, 0xf7,
    0xef, 0xff, 0x96, 0x66, 0x66, 0x66, 0x66, 0x62,
    0xef, 0xff, 0x50, 0x0, 0x0, 0x0, 0x0, 0x0,
    0xef, 0xff, 0x50, 0x0, 0x0, 0x0, 0x0, 0x0,
    0xef, 0xff, 0x50, 0x0, 0x0, 0x0, 0x0, 0x0,
    0xef, 0xff, 0x95, 0x55, 0x55, 0x55, 0x55, 0x10,
    0xef, 0xff, 0xff, 0xff, 0xff, 0xff, 0xff, 0x30,
    0xef, 0xff, 0xff, 0xff, 0xff, 0xff, 0xff, 0x30,
    0xef, 0xff, 0xff, 0xff, 0xff, 0xff, 0xff, 0x30,
    0xef, 0xff, 0x50, 0x0, 0x0, 0x0, 0x0, 0x0,
    0xef, 0xff, 0x50, 0x0, 0x0, 0x0, 0x0, 0x0,
    0xef, 0xff, 0x50, 0x0, 0x0, 0x0, 0x0, 0x0,
    0xef, 0xff, 0x50, 0x0, 0x0, 0x0, 0x0, 0x0,
    0xef, 0xff, 0x97, 0x77, 0x77, 0x77, 0x77, 0x74,
    0xef, 0xff, 0xff, 0xff, 0xff, 0xff, 0xff, 0xfa,
    0xef, 0xff, 0xff, 0xff, 0xff, 0xff, 0xff, 0xfa,
    0xef, 0xff, 0xff, 0xff, 0xff, 0xff, 0xff, 0xfa,

    /* U+00CC "Ì" */
    0xb, 0xff, 0xf4, 0x0, 0x0, 0xcf, 0xfe, 0x0,
    0x0, 0x1d, 0xff, 0x80, 0x0, 0x2, 0xaa, 0xa1,
    0x0, 0x0, 0x0, 0x0, 0x0, 0xe, 0xff, 0xf4,
    0x0, 0xe, 0xff, 0xf4, 0x0, 0xe, 0xff, 0xf4,
    0x0, 0xe, 0xff, 0xf4, 0x0, 0xe, 0xff, 0xf4,
    0x0, 0xe, 0xff, 0xf4, 0x0, 0xe, 0xff, 0xf4,
    0x0, 0xe, 0xff, 0xf4, 0x0, 0xe, 0xff, 0xf4,
    0x0, 0xe, 0xff, 0xf4, 0x0, 0xe, 0xff, 0xf4,
    0x0, 0xe, 0xff, 0xf4, 0x0, 0xe, 0xff, 0xf4,
    0x0, 0xe, 0xff, 0xf4, 0x0, 0xe, 0xff, 0xf4,
    0x0, 0xe, 0xff, 0xf4, 0x0, 0xe, 0xff, 0xf4,
    0x0, 0xe, 0xff, 0xf4, 0x0, 0xe, 0xff, 0xf4,

    /* U+00CD "Í" */
    0x0, 0x9f, 0xff, 0x80, 0x3f, 0xff, 0x90, 0xd,
    0xff, 0xa0, 0x4, 0xbb, 0x90, 0x0, 0x0, 0x0,
    0x0, 0xe, 0xff, 0xf4, 0x0, 0xef, 0xff, 0x40,
    0xe, 0xff, 0xf4, 0x0, 0xef, 0xff, 0x40, 0xe,
    0xff, 0xf4, 0x0, 0xef, 0xff, 0x40, 0xe, 0xff,
    0xf4, 0x0, 0xef, 0xff, 0x40, 0xe, 0xff, 0xf4,
    0x0, 0xef, 0xff, 0x40, 0xe, 0xff, 0xf4, 0x0,
    0xef, 0xff, 0x40, 0xe, 0xff, 0xf4, 0x0, 0xef,
    0xff, 0x40, 0xe, 0xff, 0xf4, 0x0, 0xef, 0xff,
    0x40, 0xe, 0xff, 0xf4, 0x0, 0xef, 0xff, 0x40,
    0xe, 0xff, 0xf4, 0x0,

    /* U+00CE "Î" */
    0x0, 0x2e, 0xff, 0xf8, 0x0, 0x0, 0x1d, 0xff,
    0xff, 0xf6, 0x0, 0xc, 0xff, 0x93, 0xff, 0xf3,
    0x5, 0xbb, 0x90, 0x4, 0xbb, 0xa0, 0x0, 0x0,
    0x0, 0x0, 0x0, 0x0, 0x0, 0xef, 0xff, 0x40,
    0x0, 0x0, 0xe, 0xff, 0xf4, 0x0, 0x0, 0x0,
    0xef, 0xff, 0x40, 0x0, 0x0, 0xe, 0xff, 0xf4,
    0x0, 0x0, 0x0, 0xef, 0xff, 0x40, 0x0, 0x0,
    0xe, 0xff, 0xf4, 0x0, 0x0, 0x0, 0xef, 0xff,
    0x40, 0x0, 0x0, 0xe, 0xff, 0xf4, 0x0, 0x0,
    0x0, 0xef, 0xff, 0x40, 0x0, 0x0, 0xe, 0xff,
    0xf4, 0x0, 0x0, 0x0, 0xef, 0xff, 0x40, 0x0,
    0x0, 0xe, 0xff, 0xf4, 0x0, 0x0, 0x0, 0xef,
    0xff, 0x40, 0x0, 0x0, 0xe, 0xff, 0xf4, 0x0,
    0x0, 0x0, 0xef, 0xff, 0x40, 0x0, 0x0, 0xe,
    0xff, 0xf4, 0x0, 0x0, 0x0, 0xef, 0xff, 0x40,
    0x0, 0x0, 0xe, 0xff, 0xf4, 0x0, 0x0, 0x0,
    0xef, 0xff, 0x40, 0x0,

    /* U+00CF "Ï" */
    0x14, 0x44, 0x0, 0x24, 0x43, 0x5f, 0xff, 0x0,
    0x8f, 0xfc, 0x5f, 0xff, 0x0, 0x8f, 0xfc, 0x5f,
    0xff, 0x0, 0x8f, 0xfc, 0x0, 0x0, 0x0, 0x0,
    0x0, 0x0, 0x0, 0x0, 0x0, 0x0, 0x0, 0xe,
    0xff, 0xf4, 0x0, 0x0, 0xe, 0xff, 0xf4, 0x0,
    0x0, 0xe, 0xff, 0xf4, 0x0, 0x0, 0xe, 0xff,
    0xf4, 0x0, 0x0, 0xe, 0xff, 0xf4, 0x0, 0x0,
    0xe, 0xff, 0xf4, 0x0, 0x0, 0xe, 0xff, 0xf4,
    0x0, 0x0, 0xe, 0xff, 0xf4, 0x0, 0x0, 0xe,
    0xff, 0xf4, 0x0, 0x0, 0xe, 0xff, 0xf4, 0x0,
    0x0, 0xe, 0xff, 0xf4, 0x0, 0x0, 0xe, 0xff,
    0xf4, 0x0, 0x0, 0xe, 0xff, 0xf4, 0x0, 0x0,
    0xe, 0xff, 0xf4, 0x0, 0x0, 0xe, 0xff, 0xf4,
    0x0, 0x0, 0xe, 0xff, 0xf4, 0x0, 0x0, 0xe,
    0xff, 0xf4, 0x0, 0x0, 0xe, 0xff, 0xf4, 0x0,
    0x0, 0xe, 0xff, 0xf4, 0x0,

    /* U+00D0 "Ð" */
    0x0, 0xef, 0xff, 0xff, 0xff, 0xfe, 0xc8, 0x30,
    0x0, 0x0, 0x0, 0xef, 0xff, 0xff, 0xff, 0xff,
    0xff, 0xfb, 0x10, 0x0, 0x0, 0xef, 0xff, 0xff,
    0xff, 0xff, 0xff, 0xff, 0xe2, 0x0, 0x0, 0xef,
    0xff, 0x96, 0x66, 0x79, 0xef, 0xff, 0xfd, 0x0,
    0x0, 0xef, 0xff, 0x40, 0x0, 0x0, 0x9, 0xff,
    0xff, 0x70, 0x0, 0xef, 0xff, 0x40, 0x0, 0x0,
    0x0, 0xcf, 0xff, 0xd0, 0x0, 0xef, 0xff, 0x40,
    0x0, 0x0, 0x0, 0x4f, 0xff, 0xf2, 0x0, 0xef,
    0xff, 0x40, 0x0, 0x0, 0x0, 0xf, 0xff, 0xf4,
    0xff, 0xff, 0xff, 0xff, 0xff, 0x90, 0x0, 0xe,
    0xff, 0xf6, 0xff, 0xff, 0xff, 0xff, 0xff, 0x90,
    0x0, 0xe, 0xff, 0xf6, 0xff, 0xff, 0xff, 0xff,
    0xff, 0x90, 0x0, 0xe, 0xff, 0xf6, 0x0, 0xef,
    0xff, 0x40, 0x0, 0x0, 0x0, 0xf, 0xff, 0xf4,
    0x0, 0xef, 0xff, 0x40, 0x0, 0x0, 0x0, 0x4f,
    0xff, 0xf2, 0x0, 0xef, 0xff, 0x40, 0x0, 0x0,
    0x0, 0xbf, 0xff, 0xd0, 0x0, 0xef, 0xff, 0x40,
    0x0, 0x0, 0x9, 0xff, 0xff, 0x70, 0x0, 0xef,
    0xff, 0x97, 0x77, 0x79, 0xef, 0xff, 0xfd, 0x0,
    0x0, 0xef, 0xff, 0xff, 0xff, 0xff, 0xff, 0xff,
    0xe2, 0x0, 0x0, 0xef, 0xff, 0xff, 0xff, 0xff,
    0xff, 0xfb, 0x10, 0x0, 0x0, 0xef, 0xff, 0xff,
    0xff, 0xfe, 0xc8, 0x30, 0x0, 0x0,

    /* U+00D1 "Ñ" */
    0x0, 0x0, 0x3, 0x53, 0x0, 0x3, 0x63, 0x0,
    0x0, 0x0, 0x9, 0xff, 0xfe, 0x97, 0xdf, 0x60,
    0x0, 0x0, 0x2, 0xff, 0xff, 0xff, 0xff, 0xf1,
    0x0, 0x0, 0x0, 0x6f, 0xc1, 0x28, 0xcf, 0xd4,
    0x0, 0x0, 0x0, 0x0, 0x0, 0x0, 0x0, 0x0,
    0x0, 0x0, 0x0, 0x0, 0x0, 0x0, 0x0, 0x0,
    0x0, 0x0, 0x0, 0xef, 0xff, 0x50, 0x0, 0x0,
    0x0, 0xf, 0xff, 0xfe, 0xff, 0xff, 0x20, 0x0,
    0x0, 0x0, 0xff, 0xff, 0xef, 0xff, 0xfd, 0x0,
    0x0, 0x0, 0xf, 0xff, 0xfe, 0xff, 0xff, 0xf9,
    0x0, 0x0, 0x0, 0xff, 0xff, 0xef, 0xff, 0xff,
    0xf5, 0x0, 0x0, 0xf, 0xff, 0xfe, 0xff, 0xff,
    0xff, 0xf2, 0x0, 0x0, 0xff, 0xff, 0xef, 0xff,
    0xff, 0xff, 0xd0, 0x0, 0xf, 0xff, 0xfe, 0xff,
    0xf8, 0xff, 0xff, 0x90, 0x0, 0xff, 0xff, 0xef,
    0xff, 0x1b, 0xff, 0xff, 0x50, 0xf, 0xff, 0xfe,
    0xff, 0xf1, 0x1e, 0xff, 0xff, 0x20, 0xff, 0xff,
    0xef, 0xff, 0x10, 0x4f, 0xff, 0xfd, 0xf, 0xff,
    0xfe, 0xff, 0xf1, 0x0, 0x7f, 0xff, 0xf9, 0xff,
    0xff, 0xef, 0xff, 0x10, 0x0, 0xbf, 0xff, 0xff,
    0xff, 0xfe, 0xff, 0xf1, 0x0, 0x1, 0xef, 0xff,
    0xff, 0xff, 0xef, 0xff, 0x10, 0x0, 0x4, 0xff,
    0xff, 0xff, 0xfe, 0xff, 0xf1, 0x0, 0x0, 0x7,
    0xff, 0xff, 0xff, 0xef, 0xff, 0x10, 0x0, 0x0,
    0xb, 0xff, 0xff, 0xfe, 0xff, 0xf1, 0x0, 0x0,
    0x0, 0x1e, 0xff, 0xff, 0xef, 0xff, 0x10, 0x0,
    0x0, 0x0, 0x4f, 0xff, 0xf0,

    /* U+00D2 "Ò" */
    0x0, 0x0, 0x1, 0x9a, 0xaa, 0x0, 0x0, 0x0,
    0x0, 0x0, 0x0, 0x0, 0x0, 0x4f, 0xff, 0x90,
    0x0, 0x0, 0x0, 0x0, 0x0, 0x0, 0x0, 0x6,
    0xff, 0xf3, 0x0, 0x0, 0x0, 0x0, 0x0, 0x0,
    0x0, 0x0, 0x7f, 0xfd, 0x0, 0x0, 0x0, 0x0,
    0x0, 0x0, 0x0, 0x0, 0x0, 0x0, 0x0, 0x0,
    0x0, 0x0, 0x0, 0x0, 0x0, 0x0, 0x0, 0x0,
    0x0, 0x0, 0x0, 0x0, 0x0, 0x0, 0x3, 0x8c,
    0xef, 0xfe, 0xc9, 0x40, 0x0, 0x0, 0x0, 0x3,
    0xcf, 0xff, 0xff, 0xff, 0xff, 0xfd, 0x40, 0x0,
    0x0, 0x4f, 0xff, 0xff, 0xff, 0xff, 0xff, 0xff,
    0xf7, 0x0, 0x2, 0xff, 0xff, 0xfd, 0x97, 0x78,
    0xdf, 0xff, 0xff, 0x50, 0xb, 0xff, 0xff, 0x70,
    0x0, 0x0, 0x4, 0xff, 0xff, 0xe0, 0x2f, 0xff,
    0xf7, 0x0, 0x0, 0x0, 0x0, 0x4f, 0xff, 0xf5,
    0x6f, 0xff, 0xf0, 0x0, 0x0, 0x0, 0x0, 0xc,
    0xff, 0xf9, 0x9f, 0xff, 0xb0, 0x0, 0x0, 0x0,
    0x0, 0x8, 0xff, 0xfc, 0xbf, 0xff, 0x90, 0x0,
    0x0, 0x0, 0x0, 0x6, 0xff, 0xfe, 0xbf, 0xff,
    0x90, 0x0, 0x0, 0x0, 0x0, 0x5, 0xff, 0xfe,
    0xbf, 0xff, 0x90, 0x0, 0x0, 0x0, 0x0, 0x6,
    0xff, 0xfe, 0x9f, 0xff, 0xb0, 0x0, 0x0, 0x0,
    0x0, 0x8, 0xff, 0xfc, 0x6f, 0xff, 0xf0, 0x0,
    0x0, 0x0, 0x0, 0xc, 0xff, 0xf9, 0x2f, 0xff,
    0xf8, 0x0, 0x0, 0x0, 0x0, 0x4f, 0xff, 0xf5,
    0xb, 0xff, 0xff, 0x60, 0x0, 0x0, 0x4, 0xef,
    0xff, 0xe0, 0x2, 0xff, 0xff, 0xfd, 0x86, 0x68,
    0xcf, 0xff, 0xff, 0x40, 0x0, 0x4f, 0xff, 0xff,
    0xff, 0xff, 0xff, 0xff, 0xf7, 0x0, 0x0, 0x3,
    0xcf, 0xff, 0xff, 0xff, 0xff, 0xfd, 0x40, 0x0,
    0x0, 0x0, 0x3, 0x8c, 0xef, 0xfe, 0xc9, 0x50,
    0x0, 0x0,

    /* U+00D3 "Ó" */
    0x0, 0x0, 0x0, 0x0, 0x0, 0x7b, 0xbb, 0x60,
    0x0, 0x0, 0x0, 0x0, 0x0, 0x0, 0x2, 0xff,
    0xfb, 0x0, 0x0, 0x0, 0x0, 0x0, 0x0, 0x0,
    0xc, 0xff, 0xc0, 0x0, 0x0, 0x0, 0x0, 0x0,
    0x0, 0x0, 0x6f, 0xfd, 0x10, 0x0, 0x0, 0x0,
    0x0, 0x0, 0x0, 0x0, 0x0, 0x0, 0x0, 0x0,
    0x0, 0x0, 0x0, 0x0, 0x0, 0x0, 0x0, 0x0,
    0x0, 0x0, 0x0, 0x0, 0x0, 0x0, 0x3, 0x8c,
    0xef, 0xfe, 0xc9, 0x40, 0x0, 0x0, 0x0, 0x3,
    0xcf, 0xff, 0xff, 0xff, 0xff, 0xfd, 0x40, 0x0,
    0x0, 0x4f, 0xff, 0xff, 0xff, 0xff, 0xff, 0xff,
    0xf7, 0x0, 0x2, 0xff, 0xff, 0xfd, 0x97, 0x78,
    0xdf, 0xff, 0xff, 0x50, 0xb, 0xff, 0xff, 0x70,
    0x0, 0x0, 0x4, 0xff, 0xff, 0xe0, 0x2f, 0xff,
    0xf7, 0x0, 0x0, 0x0, 0x0, 0x4f, 0xff, 0xf5,
    0x6f, 0xff, 0xf0, 0x0, 0x0, 0x0, 0x0, 0xc,
    0xff, 0xf9, 0x9f, 0xff, 0xb0, 0x0, 0x0, 0x0,
    0x0, 0x8, 0xff, 0xfc, 0xbf, 0xff, 0x90, 0x0,
    0x0, 0x0, 0x0, 0x6, 0xff, 0xfe, 0xbf, 0xff,
    0x90, 0x0, 0x0, 0x0, 0x0, 0x5, 0xff, 0xfe,
    0xbf, 0xff, 0x90, 0x0, 0x0, 0x0, 0x0, 0x6,
    0xff, 0xfe, 0x9f, 0xff, 0xb0, 0x0, 0x0, 0x0,
    0x0, 0x8, 0xff, 0xfc, 0x6f, 0xff, 0xf0, 0x0,
    0x0, 0x0, 0x0, 0xc, 0xff, 0xf9, 0x2f, 0xff,
    0xf8, 0x0, 0x0, 0x0, 0x0, 0x4f, 0xff, 0xf5,
    0xb, 0xff, 0xff, 0x60, 0x0, 0x0, 0x4, 0xef,
    0xff, 0xe0, 0x2, 0xff, 0xff, 0xfd, 0x86, 0x68,
    0xcf, 0xff, 0xff, 0x40, 0x0, 0x4f, 0xff, 0xff,
    0xff, 0xff, 0xff, 0xff, 0xf7, 0x0, 0x0, 0x3,
    0xcf, 0xff, 0xff, 0xff, 0xff, 0xfd, 0x40, 0x0,
    0x0, 0x0, 0x3, 0x8c, 0xef, 0xfe, 0xc9, 0x50,
    0x0, 0x0,

    /* U+00D4 "Ô" */
    0x0, 0x0, 0x0, 0x1, 0xab, 0xbb, 0x30, 0x0,
    0x0, 0x0, 0x0, 0x0, 0x0, 0xc, 0xff, 0xff,
    0xe1, 0x0, 0x0, 0x0, 0x0, 0x0, 0x0, 0xaf,
    0xfb, 0x8f, 0xfd, 0x0, 0x0, 0x0, 0x0, 0x0,
    0x7, 0xff, 0xc0, 0xa, 0xff, 0xb0, 0x0, 0x0,
    0x0, 0x0, 0x0, 0x0, 0x0, 0x0, 0x0, 0x0,
    0x0, 0x0, 0x0, 0x0, 0x0, 0x0, 0x0, 0x0,
    0x0, 0x0, 0x0, 0x0, 0x0, 0x0, 0x3, 0x8c,
    0xef, 0xfe, 0xc9, 0x40, 0x0, 0x0, 0x0, 0x3,
    0xcf, 0xff, 0xff, 0xff, 0xff, 0xfd, 0x40, 0x0,
    0x0, 0x4f, 0xff, 0xff, 0xff, 0xff, 0xff, 0xff,
    0xf7, 0x0, 0x2, 0xff, 0xff, 0xfd, 0x97, 0x78,
    0xdf, 0xff, 0xff, 0x50, 0xb, 0xff, 0xff, 0x70,
    0x0, 0x0, 0x4, 0xff, 0xff, 0xe0, 0x2f, 0xff,
    0xf7, 0x0, 0x0, 0x0, 0x0, 0x4f, 0xff, 0xf5,
    0x6f, 0xff, 0xf0, 0x0, 0x0, 0x0, 0x0, 0xc,
    0xff, 0xf9, 0x9f, 0xff, 0xb0, 0x0, 0x0, 0x0,
    0x0, 0x8, 0xff, 0xfc, 0xbf, 0xff, 0x90, 0x0,
    0x0, 0x0, 0x0, 0x6, 0xff, 0xfe, 0xbf, 0xff,
    0x90, 0x0, 0x0, 0x0, 0x0, 0x5, 0xff, 0xfe,
    0xbf, 0xff, 0x90, 0x0, 0x0, 0x0, 0x0, 0x6,
    0xff, 0xfe, 0x9f, 0xff, 0xb0, 0x0, 0x0, 0x0,
    0x0, 0x8, 0xff, 0xfc, 0x6f, 0xff, 0xf0, 0x0,
    0x0, 0x0, 0x0, 0xc, 0xff, 0xf9, 0x2f, 0xff,
    0xf8, 0x0, 0x0, 0x0, 0x0, 0x4f, 0xff, 0xf5,
    0xb, 0xff, 0xff, 0x60, 0x0, 0x0, 0x4, 0xef,
    0xff, 0xe0, 0x2, 0xff, 0xff, 0xfd, 0x86, 0x68,
    0xcf, 0xff, 0xff, 0x40, 0x0, 0x4f, 0xff, 0xff,
    0xff, 0xff, 0xff, 0xff, 0xf7, 0x0, 0x0, 0x3,
    0xcf, 0xff, 0xff, 0xff, 0xff, 0xfd, 0x40, 0x0,
    0x0, 0x0, 0x3, 0x8c, 0xef, 0xfe, 0xc9, 0x50,
    0x0, 0x0,

    /* U+00D5 "Õ" */
    0x0, 0x0, 0x0, 0x8e, 0xeb, 0x51, 0x2f, 0xf0,
    0x0, 0x0, 0x0, 0x0, 0x7, 0xff, 0xff, 0xff,
    0xff, 0xc0, 0x0, 0x0, 0x0, 0x0, 0xd, 0xfb,
    0x6b, 0xff, 0xff, 0x40, 0x0, 0x0, 0x0, 0x0,
    0x6, 0x61, 0x0, 0x14, 0x51, 0x0, 0x0, 0x0,
    0x0, 0x0, 0x0, 0x0, 0x0, 0x0, 0x0, 0x0,
    0x0, 0x0, 0x0, 0x0, 0x0, 0x0, 0x0, 0x0,
    0x0, 0x0, 0x0, 0x0, 0x0, 0x0, 0x3, 0x8c,
    0xef, 0xfe, 0xc9, 0x40, 0x0, 0x0, 0x0, 0x3,
    0xcf, 0xff, 0xff, 0xff, 0xff, 0xfd, 0x40, 0x0,
    0x0, 0x4f, 0xff, 0xff, 0xff, 0xff, 0xff, 0xff,
    0xf7, 0x0, 0x2, 0xff, 0xff, 0xfd, 0x97, 0x78,
    0xdf, 0xff, 0xff, 0x50, 0xb, 0xff, 0xff, 0x70,
    0x0, 0x0, 0x4, 0xff, 0xff, 0xe0, 0x2f, 0xff,
    0xf7, 0x0, 0x0, 0x0, 0x0, 0x4f, 0xff, 0xf5,
    0x6f, 0xff, 0xf0, 0x0, 0x0, 0x0, 0x0, 0xc,
    0xff, 0xf9, 0x9f, 0xff, 0xb0, 0x0, 0x0, 0x0,
    0x0, 0x8, 0xff, 0xfc, 0xbf, 0xff, 0x90, 0x0,
    0x0, 0x0, 0x0, 0x6, 0xff, 0xfe, 0xbf, 0xff,
    0x90, 0x0, 0x0, 0x0, 0x0, 0x5, 0xff, 0xfe,
    0xbf, 0xff, 0x90, 0x0, 0x0, 0x0, 0x0, 0x6,
    0xff, 0xfe, 0x9f, 0xff, 0xb0, 0x0, 0x0, 0x0,
    0x0, 0x8, 0xff, 0xfc, 0x6f, 0xff, 0xf0, 0x0,
    0x0, 0x0, 0x0, 0xc, 0xff, 0xf9, 0x2f, 0xff,
    0xf8, 0x0, 0x0, 0x0, 0x0, 0x4f, 0xff, 0xf5,
    0xb, 0xff, 0xff, 0x60, 0x0, 0x0, 0x4, 0xef,
    0xff, 0xe0, 0x2, 0xff, 0xff, 0xfd, 0x86, 0x68,
    0xcf, 0xff, 0xff, 0x40, 0x0, 0x4f, 0xff, 0xff,
    0xff, 0xff, 0xff, 0xff, 0xf7, 0x0, 0x0, 0x3,
    0xcf, 0xff, 0xff, 0xff, 0xff, 0xfd, 0x40, 0x0,
    0x0, 0x0, 0x3, 0x8c, 0xef, 0xfe, 0xc9, 0x50,
    0x0, 0x0,

    /* U+00D6 "Ö" */
    0x0, 0x0, 0x7, 0xff, 0xd0, 0xa, 0xff, 0xa0,
    0x0, 0x0, 0x0, 0x0, 0x7, 0xff, 0xd0, 0xa,
    0xff, 0xa0, 0x0, 0x0, 0x0, 0x0, 0x7, 0xff,
    0xd0, 0xa, 0xff, 0xa0, 0x0, 0x0, 0x0, 0x0,
    0x1, 0x44, 0x30, 0x2, 0x44, 0x20, 0x0, 0x0,
    0x0, 0x0, 0x0, 0x0, 0x0, 0x0, 0x0, 0x0,
    0x0, 0x0, 0x0, 0x0, 0x0, 0x0, 0x0, 0x0,
    0x0, 0x0, 0x0, 0x0, 0x0, 0x0, 0x3, 0x8c,
    0xef, 0xfe, 0xc9, 0x40, 0x0, 0x0, 0x0, 0x3,
    0xcf, 0xff, 0xff, 0xff, 0xff, 0xfd, 0x40, 0x0,
    0x0, 0x4f, 0xff, 0xff, 0xff, 0xff, 0xff, 0xff,
    0xf7, 0x0, 0x2, 0xff, 0xff, 0xfd, 0x97, 0x78,
    0xdf, 0xff, 0xff, 0x50, 0xb, 0xff, 0xff, 0x70,
    0x0, 0x0, 0x4, 0xff, 0xff, 0xe0, 0x2f, 0xff,
    0xf7, 0x0, 0x0, 0x0, 0x0, 0x4f, 0xff, 0xf5,
    0x6f, 0xff, 0xf0, 0x0, 0x0, 0x0, 0x0, 0xc,
    0xff, 0xf9, 0x9f, 0xff, 0xb0, 0x0, 0x0, 0x0,
    0x0, 0x8, 0xff, 0xfc, 0xbf, 0xff, 0x90, 0x0,
    0x0, 0x0, 0x0, 0x6, 0xff, 0xfe, 0xbf, 0xff,
    0x90, 0x0, 0x0, 0x0, 0x0, 0x5, 0xff, 0xfe,
    0xbf, 0xff, 0x90, 0x0, 0x0, 0x0, 0x0, 0x6,
    0xff, 0xfe, 0x9f, 0xff, 0xb0, 0x0, 0x0, 0x0,
    0x0, 0x8, 0xff, 0xfc, 0x6f, 0xff, 0xf0, 0x0,
    0x0, 0x0, 0x0, 0xc, 0xff, 0xf9, 0x2f, 0xff,
    0xf8, 0x0, 0x0, 0x0, 0x0, 0x4f, 0xff, 0xf5,
    0xb, 0xff, 0xff, 0x60, 0x0, 0x0, 0x4, 0xef,
    0xff, 0xe0, 0x2, 0xff, 0xff, 0xfd, 0x86, 0x68,
    0xcf, 0xff, 0xff, 0x40, 0x0, 0x4f, 0xff, 0xff,
    0xff, 0xff, 0xff, 0xff, 0xf7, 0x0, 0x0, 0x3,
    0xcf, 0xff, 0xff, 0xff, 0xff, 0xfd, 0x40, 0x0,
    0x0, 0x0, 0x3, 0x8c, 0xef, 0xfe, 0xc9, 0x50,
    0x0, 0x0,

    /* U+00D7 "×" */
    0x0, 0x20, 0x0, 0x0, 0x0, 0x2, 0x0, 0x4,
    0xfa, 0x0, 0x0, 0x0, 0xbf, 0x30, 0x1f, 0xff,
    0xa0, 0x0, 0xb, 0xff, 0xf1, 0x7, 0xff, 0xfa,
    0x0, 0xbf, 0xff, 0x60, 0x0, 0x7f, 0xff, 0xbb,
    0xff, 0xf6, 0x0, 0x0, 0x7, 0xff, 0xff, 0xff,
    0x60, 0x0, 0x0, 0x0, 0x7f, 0xff, 0xf6, 0x0,
    0x0, 0x0, 0x0, 0xbf, 0xff, 0xfa, 0x0, 0x0,
    0x0, 0xb, 0xff, 0xff, 0xff, 0xa0, 0x0, 0x0,
    0xbf, 0xff, 0x66, 0xff, 0xfa, 0x0, 0xc, 0xff,
    0xf6, 0x0, 0x6f, 0xff, 0xb0, 0x1d, 0xff, 0x60,
    0x0, 0x6, 0xff, 0xc0, 0x1, 0xc6, 0x0, 0x0,
    0x0, 0x6c, 0x0, 0x0, 0x0, 0x0, 0x0, 0x0,
    0x0, 0x0,

    /* U+00D8 "Ø" */
    0x0, 0x0, 0x0, 0x0, 0x0, 0x0, 0x0, 0x0,
    0x7f, 0xf6, 0x0, 0x0, 0x3, 0x8c, 0xef, 0xfe,
    0xc9, 0x43, 0xff, 0xa0, 0x0, 0x3, 0xcf, 0xff,
    0xff, 0xff, 0xff, 0xff, 0xfd, 0x0, 0x0, 0x4f,
    0xff, 0xff, 0xff, 0xff, 0xff, 0xff, 0xf7, 0x0,
    0x2, 0xff, 0xff, 0xfe, 0x97, 0x68, 0xcf, 0xff,
    0xff, 0x40, 0xb, 0xff, 0xff, 0x70, 0x0, 0x0,
    0x4f, 0xff, 0xff, 0xd0, 0x2f, 0xff, 0xf9, 0x0,
    0x0, 0x2, 0xef, 0xdf, 0xff, 0xf4, 0x6f, 0xff,
    0xf1, 0x0, 0x0, 0xc, 0xfe, 0x1c, 0xff, 0xf9,
    0x9f, 0xff, 0xc0, 0x0, 0x0, 0x9f, 0xf3, 0x8,
    0xff, 0xfc, 0xbf, 0xff, 0xa0, 0x0, 0x5, 0xff,
    0x50, 0x6, 0xff, 0xfe, 0xbf, 0xff, 0x90, 0x0,
    0x2f, 0xf8, 0x0, 0x5, 0xff, 0xfe, 0xaf, 0xff,
    0x90, 0x0, 0xdf, 0xb0, 0x0, 0x6, 0xff, 0xfe,
    0x9f, 0xff, 0xa0, 0x9, 0xfd, 0x10, 0x0, 0x8,
    0xff, 0xfc, 0x6f, 0xff, 0xd0, 0x6f, 0xf2, 0x0,
    0x0, 0xc, 0xff, 0xf9, 0x1f, 0xff, 0xf5, 0xff,
    0x40, 0x0, 0x0, 0x4f, 0xff, 0xf5, 0xa, 0xff,
    0xff, 0xf7, 0x0, 0x0, 0x4, 0xef, 0xff, 0xe0,
    0x1, 0xef, 0xff, 0xfd, 0x86, 0x68, 0xcf, 0xff,
    0xff, 0x50, 0x0, 0x4f, 0xff, 0xff, 0xff, 0xff,
    0xff, 0xff, 0xf7, 0x0, 0x0, 0xbf, 0xff, 0xff,
    0xff, 0xff, 0xff, 0xfd, 0x40, 0x0, 0x8, 0xff,
    0x63, 0x8c, 0xef, 0xfe, 0xc9, 0x50, 0x0, 0x0,
    0x4f, 0xfa, 0x0, 0x0, 0x0, 0x0, 0x0, 0x0,
    0x0, 0x0,

    /* U+00D9 "Ù" */
    0x0, 0x0, 0x7a, 0xaa, 0x40, 0x0, 0x0, 0x0,
    0x0, 0x0, 0x1, 0xdf, 0xfe, 0x10, 0x0, 0x0,
    0x0, 0x0, 0x0, 0x1, 0xef, 0xf9, 0x0, 0x0,
    0x0, 0x0, 0x0, 0x0, 0x2, 0xef, 0xf4, 0x0,
    0x0, 0x0, 0x0, 0x0, 0x0, 0x0, 0x0, 0x0,
    0x0, 0x0, 0x0, 0x0, 0x0, 0x0, 0x0, 0x0,
    0x0, 0x0, 0x0, 0xff, 0xff, 0x30, 0x0, 0x0,
    0x0, 0x4f, 0xff, 0xef, 0xff, 0xf3, 0x0, 0x0,
    0x0, 0x4, 0xff, 0xfe, 0xff, 0xff, 0x30, 0x0,
    0x0, 0x0, 0x4f, 0xff, 0xef, 0xff, 0xf3, 0x0,
    0x0, 0x0, 0x4, 0xff, 0xfe, 0xff, 0xff, 0x30,
    0x0, 0x0, 0x0, 0x4f, 0xff, 0xef, 0xff, 0xf3,
    0x0, 0x0, 0x0, 0x4, 0xff, 0xfe, 0xff, 0xff,
    0x30, 0x0, 0x0, 0x0, 0x4f, 0xff, 0xef, 0xff,
    0xf3, 0x0, 0x0, 0x0, 0x4, 0xff, 0xfe, 0xff,
    0xff, 0x30, 0x0, 0x0, 0x0, 0x4f, 0xff, 0xef,
    0xff, 0xf3, 0x0, 0x0, 0x0, 0x4, 0xff, 0xfe,
    0xff, 0xff, 0x30, 0x0, 0x0, 0x0, 0x4f, 0xff,
    0xef, 0xff, 0xf3, 0x0, 0x0, 0x0, 0x4, 0xff,
    0xfe, 0xef, 0xff, 0x50, 0x0, 0x0, 0x0, 0x6f,
    0xff, 0xdc, 0xff, 0xf9, 0x0, 0x0, 0x0, 0xb,
    0xff, 0xfb, 0x7f, 0xff, 0xf5, 0x0, 0x0, 0x6,
    0xff, 0xff, 0x71, 0xff, 0xff, 0xfb, 0x76, 0x7c,
    0xff, 0xff, 0xe1, 0x5, 0xff, 0xff, 0xff, 0xff,
    0xff, 0xff, 0xf3, 0x0, 0x4, 0xef, 0xff, 0xff,
    0xff, 0xff, 0xd4, 0x0, 0x0, 0x0, 0x5a, 0xde,
    0xfe, 0xda, 0x50, 0x0, 0x0,

    /* U+00DA "Ú" */
    0x0, 0x0, 0x0, 0x0, 0x2b, 0xbb, 0x90, 0x0,
    0x0, 0x0, 0x0, 0x0, 0xc, 0xff, 0xf3, 0x0,
    0x0, 0x0, 0x0, 0x0, 0x6, 0xff, 0xf3, 0x0,
    0x0, 0x0, 0x0, 0x0, 0x1, 0xff, 0xf4, 0x0,
    0x0, 0x0, 0x0, 0x0, 0x0, 0x0, 0x0, 0x0,
    0x0, 0x0, 0x0, 0x0, 0x0, 0x0, 0x0, 0x0,
    0x0, 0x0, 0x0, 0xff, 0xff, 0x30, 0x0, 0x0,
    0x0, 0x4f, 0xff, 0xef, 0xff, 0xf3, 0x0, 0x0,
    0x0, 0x4, 0xff, 0xfe, 0xff, 0xff, 0x30, 0x0,
    0x0, 0x0, 0x4f, 0xff, 0xef, 0xff, 0xf3, 0x0,
    0x0, 0x0, 0x4, 0xff, 0xfe, 0xff, 0xff, 0x30,
    0x0, 0x0, 0x0, 0x4f, 0xff, 0xef, 0xff, 0xf3,
    0x0, 0x0, 0x0, 0x4, 0xff, 0xfe, 0xff, 0xff,
    0x30, 0x0, 0x0, 0x0, 0x4f, 0xff, 0xef, 0xff,
    0xf3, 0x0, 0x0, 0x0, 0x4, 0xff, 0xfe, 0xff,
    0xff, 0x30, 0x0, 0x0, 0x0, 0x4f, 0xff, 0xef,
    0xff, 0xf3, 0x0, 0x0, 0x0, 0x4, 0xff, 0xfe,
    0xff, 0xff, 0x30, 0x0, 0x0, 0x0, 0x4f, 0xff,
    0xef, 0xff, 0xf3, 0x0, 0x0, 0x0, 0x4, 0xff,
    0xfe, 0xef, 0xff, 0x50, 0x0, 0x0, 0x0, 0x6f,
    0xff, 0xdc, 0xff, 0xf9, 0x0, 0x0, 0x0, 0xb,
    0xff, 0xfb, 0x7f, 0xff, 0xf5, 0x0, 0x0, 0x6,
    0xff, 0xff, 0x71, 0xff, 0xff, 0xfb, 0x76, 0x7c,
    0xff, 0xff, 0xe1, 0x5, 0xff, 0xff, 0xff, 0xff,
    0xff, 0xff, 0xf3, 0x0, 0x4, 0xef, 0xff, 0xff,
    0xff, 0xff, 0xd4, 0x0, 0x0, 0x0, 0x5a, 0xde,
    0xfe, 0xda, 0x50, 0x0, 0x0,

    /* U+00DB "Û" */
    0x0, 0x0, 0x0, 0x7b, 0xbb, 0x70, 0x0, 0x0,
    0x0, 0x0, 0x0, 0x6f, 0xff, 0xff, 0x60, 0x0,
    0x0, 0x0, 0x0, 0x4f, 0xfe, 0x5f, 0xff, 0x40,
    0x0, 0x0, 0x0, 0x2f, 0xff, 0x40, 0x4f, 0xfe,
    0x20, 0x0, 0x0, 0x0, 0x0, 0x0, 0x0, 0x0,
    0x0, 0x0, 0x0, 0x0, 0x0, 0x0, 0x0, 0x0,
    0x0, 0x0, 0x0, 0xff, 0xff, 0x30, 0x0, 0x0,
    0x0, 0x4f, 0xff, 0xef, 0xff, 0xf3, 0x0, 0x0,
    0x0, 0x4, 0xff, 0xfe, 0xff, 0xff, 0x30, 0x0,
    0x0, 0x0, 0x4f, 0xff, 0xef, 0xff, 0xf3, 0x0,
    0x0, 0x0, 0x4, 0xff, 0xfe, 0xff, 0xff, 0x30,
    0x0, 0x0, 0x0, 0x4f, 0xff, 0xef, 0xff, 0xf3,
    0x0, 0x0, 0x0, 0x4, 0xff, 0xfe, 0xff, 0xff,
    0x30, 0x0, 0x0, 0x0, 0x4f, 0xff, 0xef, 0xff,
    0xf3, 0x0, 0x0, 0x0, 0x4, 0xff, 0xfe, 0xff,
    0xff, 0x30, 0x0, 0x0, 0x0, 0x4f, 0xff, 0xef,
    0xff, 0xf3, 0x0, 0x0, 0x0, 0x4, 0xff, 0xfe,
    0xff, 0xff, 0x30, 0x0, 0x0, 0x0, 0x4f, 0xff,
    0xef, 0xff, 0xf3, 0x0, 0x0, 0x0, 0x4, 0xff,
    0xfe, 0xef, 0xff, 0x50, 0x0, 0x0, 0x0, 0x6f,
    0xff, 0xdc, 0xff, 0xf9, 0x0, 0x0, 0x0, 0xb,
    0xff, 0xfb, 0x7f, 0xff, 0xf5, 0x0, 0x0, 0x6,
    0xff, 0xff, 0x71, 0xff, 0xff, 0xfb, 0x76, 0x7c,
    0xff, 0xff, 0xe1, 0x5, 0xff, 0xff, 0xff, 0xff,
    0xff, 0xff, 0xf3, 0x0, 0x4, 0xef, 0xff, 0xff,
    0xff, 0xff, 0xd4, 0x0, 0x0, 0x0, 0x5a, 0xde,
    0xfe, 0xda, 0x50, 0x0, 0x0,

    /* U+00DC "Ü" */
    0x0, 0x1, 0xff, 0xf3, 0x4, 0xff, 0xf0, 0x0,
    0x0, 0x0, 0x1f, 0xff, 0x30, 0x4f, 0xff, 0x0,
    0x0, 0x0, 0x1, 0xff, 0xf3, 0x4, 0xff, 0xf0,
    0x0, 0x0, 0x0, 0x4, 0x44, 0x0, 0x14, 0x44,
    0x0, 0x0, 0x0, 0x0, 0x0, 0x0, 0x0, 0x0,
    0x0, 0x0, 0x0, 0x0, 0x0, 0x0, 0x0, 0x0,
    0x0, 0x0, 0x0, 0xff, 0xff, 0x30, 0x0, 0x0,
    0x0, 0x4f, 0xff, 0xef, 0xff, 0xf3, 0x0, 0x0,
    0x0, 0x4, 0xff, 0xfe, 0xff, 0xff, 0x30, 0x0,
    0x0, 0x0, 0x4f, 0xff, 0xef, 0xff, 0xf3, 0x0,
    0x0, 0x0, 0x4, 0xff, 0xfe, 0xff, 0xff, 0x30,
    0x0, 0x0, 0x0, 0x4f, 0xff, 0xef, 0xff, 0xf3,
    0x0, 0x0, 0x0, 0x4, 0xff, 0xfe, 0xff, 0xff,
    0x30, 0x0, 0x0, 0x0, 0x4f, 0xff, 0xef, 0xff,
    0xf3, 0x0, 0x0, 0x0, 0x4, 0xff, 0xfe, 0xff,
    0xff, 0x30, 0x0, 0x0, 0x0, 0x4f, 0xff, 0xef,
    0xff, 0xf3, 0x0, 0x0, 0x0, 0x4, 0xff, 0xfe,
    0xff, 0xff, 0x30, 0x0, 0x0, 0x0, 0x4f, 0xff,
    0xef, 0xff, 0xf3, 0x0, 0x0, 0x0, 0x4, 0xff,
    0xfe, 0xef, 0xff, 0x50, 0x0, 0x0, 0x0, 0x6f,
    0xff, 0xdc, 0xff, 0xf9, 0x0, 0x0, 0x0, 0xb,
    0xff, 0xfb, 0x7f, 0xff, 0xf5, 0x0, 0x0, 0x6,
    0xff, 0xff, 0x71, 0xff, 0xff, 0xfb, 0x76, 0x7c,
    0xff, 0xff, 0xe1, 0x5, 0xff, 0xff, 0xff, 0xff,
    0xff, 0xff, 0xf3, 0x0, 0x4, 0xef, 0xff, 0xff,
    0xff, 0xff, 0xd4, 0x0, 0x0, 0x0, 0x5a, 0xde,
    0xfe, 0xda, 0x50, 0x0, 0x0,

    /* U+00DD "Ý" */
    0x0, 0x0, 0x0, 0x0, 0x1, 0xef, 0xff, 0x30,
    0x0, 0x0, 0x0, 0x0, 0x0, 0x0, 0x9, 0xff,
    0xf4, 0x0, 0x0, 0x0, 0x0, 0x0, 0x0, 0x0,
    0x3f, 0xff, 0x50, 0x0, 0x0, 0x0, 0x0, 0x0,
    0x0, 0x0, 0x8b, 0xb5, 0x0, 0x0, 0x0, 0x0,
    0x0, 0x0, 0x0, 0x0, 0x0, 0x0, 0x0, 0x0,
    0x0, 0x0, 0x6f, 0xff, 0xf6, 0x0, 0x0, 0x0,
    0x0, 0x9f, 0xff, 0xe1, 0xc, 0xff, 0xfe, 0x10,
    0x0, 0x0, 0x3, 0xff, 0xff, 0x50, 0x2, 0xff,
    0xff, 0xa0, 0x0, 0x0, 0xc, 0xff, 0xfa, 0x0,
    0x0, 0x7f, 0xff, 0xf4, 0x0, 0x0, 0x6f, 0xff,
    0xe1, 0x0, 0x0, 0xc, 0xff, 0xfd, 0x0, 0x1,
    0xff, 0xff, 0x50, 0x0, 0x0, 0x2, 0xff, 0xff,
    0x80, 0xa, 0xff, 0xfb, 0x0, 0x0, 0x0, 0x0,
    0x7f, 0xff, 0xf2, 0x4f, 0xff, 0xf1, 0x0, 0x0,
    0x0, 0x0, 0xc, 0xff, 0xfc, 0xdf, 0xff, 0x60,
    0x0, 0x0, 0x0, 0x0, 0x3, 0xff, 0xff, 0xff,
    0xfc, 0x0, 0x0, 0x0, 0x0, 0x0, 0x0, 0x8f,
    0xff, 0xff, 0xf2, 0x0, 0x0, 0x0, 0x0, 0x0,
    0x0, 0xd, 0xff, 0xff, 0x70, 0x0, 0x0, 0x0,
    0x0, 0x0, 0x0, 0x5, 0xff, 0xfe, 0x0, 0x0,
    0x0, 0x0, 0x0, 0x0, 0x0, 0x4, 0xff, 0xfe,
    0x0, 0x0, 0x0, 0x0, 0x0, 0x0, 0x0, 0x4,
    0xff, 0xfe, 0x0, 0x0, 0x0, 0x0, 0x0, 0x0,
    0x0, 0x4, 0xff, 0xfe, 0x0, 0x0, 0x0, 0x0,
    0x0, 0x0, 0x0, 0x4, 0xff, 0xfe, 0x0, 0x0,
    0x0, 0x0, 0x0, 0x0, 0x0, 0x4, 0xff, 0xfe,
    0x0, 0x0, 0x0, 0x0, 0x0, 0x0, 0x0, 0x4,
    0xff, 0xfe, 0x0, 0x0, 0x0, 0x0, 0x0, 0x0,
    0x0, 0x4, 0xff, 0xfe, 0x0, 0x0, 0x0, 0x0,

    /* U+00DE "Þ" */
    0xcf, 0xff, 0x60, 0x0, 0x0, 0x0, 0x0, 0x0,
    0xc, 0xff, 0xf6, 0x0, 0x0, 0x0, 0x0, 0x0,
    0x0, 0xcf, 0xff, 0x60, 0x0, 0x0, 0x0, 0x0,
    0x0, 0xc, 0xff, 0xff, 0xff, 0xff, 0xfe, 0xc7,
    0x10, 0x0, 0xcf, 0xff, 0xff, 0xff, 0xff, 0xff,
    0xfe, 0x40, 0xc, 0xff, 0xff, 0xff, 0xff, 0xff,
    0xff, 0xfe, 0x10, 0xcf, 0xff, 0xa6, 0x66, 0x66,
    0xbf, 0xff, 0xf8, 0xc, 0xff, 0xf6, 0x0, 0x0,
    0x0, 0x9f, 0xff, 0xd0, 0xcf, 0xff, 0x60, 0x0,
    0x0, 0x4, 0xff, 0xff, 0xc, 0xff, 0xf6, 0x0,
    0x0, 0x0, 0x3f, 0xff, 0xf0, 0xcf, 0xff, 0x60,
    0x0, 0x0, 0x7, 0xff, 0xfe, 0xc, 0xff, 0xf6,
    0x0, 0x0, 0x15, 0xff, 0xff, 0xa0, 0xcf, 0xff,
    0xff, 0xff, 0xff, 0xff, 0xff, 0xf4, 0xc, 0xff,
    0xff, 0xff, 0xff, 0xff, 0xff, 0xf8, 0x0, 0xcf,
    0xff, 0xff, 0xff, 0xff, 0xff, 0xd5, 0x0, 0xc,
    0xff, 0xfa, 0x66, 0x66, 0x54, 0x20, 0x0, 0x0,
    0xcf, 0xff, 0x60, 0x0, 0x0, 0x0, 0x0, 0x0,
    0xc, 0xff, 0xf6, 0x0, 0x0, 0x0, 0x0, 0x0,
    0x0, 0xcf, 0xff, 0x60, 0x0, 0x0, 0x0, 0x0,
    0x0, 0x0,

    /* U+00DF "ß" */
    0x0, 0x5, 0xad, 0xff, 0xeb, 0x71, 0x0, 0x0,
    0x1c, 0xff, 0xff, 0xff, 0xff, 0xe4, 0x0, 0xd,
    0xff, 0xff, 0xff, 0xff, 0xff, 0xf3, 0x7, 0xff,
    0xfe, 0x50, 0x3, 0xdf, 0xff, 0xa0, 0xcf, 0xff,
    0x40, 0x0, 0x3, 0xff, 0xfd, 0xe, 0xff, 0xf0,
    0x0, 0x0, 0xf, 0xff, 0xc0, 0xff, 0xff, 0x0,
    0x0, 0x4, 0xff, 0xf8, 0xf, 0xff, 0xf0, 0x3,
    0x36, 0xff, 0xfe, 0x10, 0xff, 0xff, 0x4, 0xff,
    0xff, 0xfc, 0x20, 0xf, 0xff, 0xf0, 0x4f, 0xff,
    0xff, 0x71, 0x0, 0xff, 0xff, 0x4, 0xff, 0xff,
    0xff, 0xd1, 0xf, 0xff, 0xf0, 0x0, 0x2, 0x9f,
    0xff, 0xc0, 0xff, 0xff, 0x0, 0x0, 0x0, 0xcf,
    0xff, 0x4f, 0xff, 0xf0, 0x0, 0x0, 0x6, 0xff,
    0xf7, 0xff, 0xff, 0x0, 0x0, 0x0, 0x6f, 0xff,
    0x9f, 0xff, 0xf0, 0x0, 0x0, 0xc, 0xff, 0xf7,
    0xff, 0xff, 0x0, 0x0, 0x2a, 0xff, 0xff, 0x2f,
    0xff, 0xf0, 0x4f, 0xff, 0xff, 0xff, 0x90, 0xff,
    0xff, 0x4, 0xff, 0xff, 0xff, 0xa0, 0xf, 0xff,
    0xf0, 0x4f, 0xff, 0xda, 0x40, 0x0,

    /* U+00E0 "à" */
    0x0, 0x1, 0xdf, 0xfe, 0x10, 0x0, 0x0, 0x0,
    0x0, 0x0, 0x1, 0xef, 0xfa, 0x0, 0x0, 0x0,
    0x0, 0x0, 0x0, 0x2, 0xef, 0xf4, 0x0, 0x0,
    0x0, 0x0, 0x0, 0x0, 0x3, 0xaa, 0x80, 0x0,
    0x0, 0x0, 0x0, 0x0, 0x0, 0x0, 0x0, 0x0,
    0x0, 0x0, 0x0, 0x0, 0x17, 0xbe, 0xff, 0xeb,
    0x60, 0x0, 0x0, 0x0, 0x4e, 0xff, 0xff, 0xff,
    0xff, 0xd1, 0x0, 0x0, 0x1e, 0xff, 0xff, 0xde,
    0xff, 0xff, 0xb0, 0x0, 0x5, 0xff, 0xfb, 0x0,
    0x3, 0xff, 0xff, 0x10, 0x0, 0x27, 0x77, 0x30,
    0x0, 0xb, 0xff, 0xf3, 0x0, 0x0, 0x0, 0x0,
    0x24, 0x55, 0xcf, 0xff, 0x30, 0x0, 0x0, 0x5b,
    0xff, 0xff, 0xff, 0xff, 0xf3, 0x0, 0x0, 0xaf,
    0xff, 0xff, 0xff, 0xff, 0xff, 0x30, 0x0, 0x8f,
    0xff, 0xe8, 0x31, 0xa, 0xff, 0xf3, 0x0, 0xe,
    0xff, 0xf2, 0x0, 0x0, 0xcf, 0xff, 0x30, 0x0,
    0xff, 0xff, 0x0, 0x0, 0x2f, 0xff, 0xf3, 0x0,
    0xf, 0xff, 0xf7, 0x11, 0x5e, 0xff, 0xff, 0x60,
    0x0, 0xcf, 0xff, 0xff, 0xff, 0xff, 0xff, 0xff,
    0xf1, 0x3, 0xff, 0xff, 0xff, 0xfd, 0x3e, 0xff,
    0xff, 0x10, 0x2, 0xae, 0xff, 0xc6, 0x0, 0x3c,
    0xff, 0xb0,

    /* U+00E1 "á" */
    0x0, 0x0, 0x0, 0x2, 0xff, 0xfd, 0x10, 0x0,
    0x0, 0x0, 0x0, 0x0, 0xbf, 0xfd, 0x10, 0x0,
    0x0, 0x0, 0x0, 0x0, 0x5f, 0xfe, 0x20, 0x0,
    0x0, 0x0, 0x0, 0x0, 0x9, 0xaa, 0x20, 0x0,
    0x0, 0x0, 0x0, 0x0, 0x0, 0x0, 0x0, 0x0,
    0x0, 0x0, 0x0, 0x0, 0x17, 0xbe, 0xff, 0xeb,
    0x60, 0x0, 0x0, 0x0, 0x4e, 0xff, 0xff, 0xff,
    0xff, 0xd1, 0x0, 0x0, 0x1e, 0xff, 0xff, 0xde,
    0xff, 0xff, 0xb0, 0x0, 0x5, 0xff, 0xfb, 0x0,
    0x3, 0xff, 0xff, 0x10, 0x0, 0x27, 0x77, 0x30,
    0x0, 0xb, 0xff, 0xf3, 0x0, 0x0, 0x0, 0x0,
    0x24, 0x55, 0xcf, 0xff, 0x30, 0x0, 0x0, 0x5b,
    0xff, 0xff, 0xff, 0xff, 0xf3, 0x0, 0x0, 0xaf,
    0xff, 0xff, 0xff, 0xff, 0xff, 0x30, 0x0, 0x8f,
    0xff, 0xe8, 0x31, 0xa, 0xff, 0xf3, 0x0, 0xe,
    0xff, 0xf2, 0x0, 0x0, 0xcf, 0xff, 0x30, 0x0,
    0xff, 0xff, 0x0, 0x0, 0x2f, 0xff, 0xf3, 0x0,
    0xf, 0xff, 0xf7, 0x11, 0x5e, 0xff, 0xff, 0x60,
    0x0, 0xcf, 0xff, 0xff, 0xff, 0xff, 0xff, 0xff,
    0xf1, 0x3, 0xff, 0xff, 0xff, 0xfd, 0x3e, 0xff,
    0xff, 0x10, 0x2, 0xae, 0xff, 0xc6, 0x0, 0x3c,
    0xff, 0xb0,

    /* U+00E2 "â" */
    0x0, 0x0, 0x4, 0xff, 0xff, 0x20, 0x0, 0x0,
    0x0, 0x0, 0x2, 0xff, 0xff, 0xfe, 0x10, 0x0,
    0x0, 0x0, 0x1, 0xdf, 0xf4, 0x6f, 0xfc, 0x0,
    0x0, 0x0, 0x0, 0x7a, 0xa5, 0x0, 0x7a, 0xa5,
    0x0, 0x0, 0x0, 0x0, 0x0, 0x0, 0x0, 0x0,
    0x0, 0x0, 0x0, 0x0, 0x17, 0xbe, 0xff, 0xeb,
    0x60, 0x0, 0x0, 0x0, 0x4e, 0xff, 0xff, 0xff,
    0xff, 0xd1, 0x0, 0x0, 0x1e, 0xff, 0xff, 0xde,
    0xff, 0xff, 0xb0, 0x0, 0x5, 0xff, 0xfb, 0x0,
    0x3, 0xff, 0xff, 0x10, 0x0, 0x27, 0x77, 0x30,
    0x0, 0xb, 0xff, 0xf3, 0x0, 0x0, 0x0, 0x0,
    0x24, 0x55, 0xcf, 0xff, 0x30, 0x0, 0x0, 0x5b,
    0xff, 0xff, 0xff, 0xff, 0xf3, 0x0, 0x0, 0xaf,
    0xff, 0xff, 0xff, 0xff, 0xff, 0x30, 0x0, 0x8f,
    0xff, 0xe8, 0x31, 0xa, 0xff, 0xf3, 0x0, 0xe,
    0xff, 0xf2, 0x0, 0x0, 0xcf, 0xff, 0x30, 0x0,
    0xff, 0xff, 0x0, 0x0, 0x2f, 0xff, 0xf3, 0x0,
    0xf, 0xff, 0xf7, 0x11, 0x5e, 0xff, 0xff, 0x60,
    0x0, 0xcf, 0xff, 0xff, 0xff, 0xff, 0xff, 0xff,
    0xf1, 0x3, 0xff, 0xff, 0xff, 0xfd, 0x3e, 0xff,
    0xff, 0x10, 0x2, 0xae, 0xff, 0xc6, 0x0, 0x3c,
    0xff, 0xb0,

    /* U+00E3 "ã" */
    0x0, 0x0, 0xaf, 0xea, 0x41, 0x5f, 0xd0, 0x0,
    0x0, 0x0, 0xaf, 0xff, 0xff, 0xff, 0xfa, 0x0,
    0x0, 0x0, 0xf, 0xf9, 0x7b, 0xff, 0xfe, 0x20,
    0x0, 0x0, 0x0, 0x66, 0x0, 0x1, 0x55, 0x10,
    0x0, 0x0, 0x0, 0x0, 0x0, 0x0, 0x0, 0x0,
    0x0, 0x0, 0x0, 0x0, 0x17, 0xbe, 0xff, 0xeb,
    0x60, 0x0, 0x0, 0x0, 0x4e, 0xff, 0xff, 0xff,
    0xff, 0xd1, 0x0, 0x0, 0x1e, 0xff, 0xff, 0xde,
    0xff, 0xff, 0xb0, 0x0, 0x5, 0xff, 0xfb, 0x0,
    0x3, 0xff, 0xff, 0x10, 0x0, 0x27, 0x77, 0x30,
    0x0, 0xb, 0xff, 0xf3, 0x0, 0x0, 0x0, 0x0,
    0x24, 0x55, 0xcf, 0xff, 0x30, 0x0, 0x0, 0x5b,
    0xff, 0xff, 0xff, 0xff, 0xf3, 0x0, 0x0, 0xaf,
    0xff, 0xff, 0xff, 0xff, 0xff, 0x30, 0x0, 0x8f,
    0xff, 0xe8, 0x31, 0xa, 0xff, 0xf3, 0x0, 0xe,
    0xff, 0xf2, 0x0, 0x0, 0xcf, 0xff, 0x30, 0x0,
    0xff, 0xff, 0x0, 0x0, 0x2f, 0xff, 0xf3, 0x0,
    0xf, 0xff, 0xf7, 0x11, 0x5e, 0xff, 0xff, 0x60,
    0x0, 0xcf, 0xff, 0xff, 0xff, 0xff, 0xff, 0xff,
    0xf1, 0x3, 0xff, 0xff, 0xff, 0xfd, 0x3e, 0xff,
    0xff, 0x10, 0x2, 0xae, 0xff, 0xc6, 0x0, 0x3c,
    0xff, 0xb0,

    /* U+00E4 "ä" */
    0x0, 0xa, 0xff, 0xa0, 0xd, 0xff, 0x70, 0x0,
    0x0, 0x0, 0xaf, 0xfa, 0x0, 0xdf, 0xf7, 0x0,
    0x0, 0x0, 0xa, 0xff, 0xa0, 0xd, 0xff, 0x70,
    0x0, 0x0, 0x0, 0x24, 0x42, 0x0, 0x34, 0x42,
    0x0, 0x0, 0x0, 0x0, 0x0, 0x0, 0x0, 0x0,
    0x0, 0x0, 0x0, 0x0, 0x17, 0xbe, 0xff, 0xeb,
    0x60, 0x0, 0x0, 0x0, 0x4e, 0xff, 0xff, 0xff,
    0xff, 0xd1, 0x0, 0x0, 0x1e, 0xff, 0xff, 0xde,
    0xff, 0xff, 0xb0, 0x0, 0x5, 0xff, 0xfb, 0x0,
    0x3, 0xff, 0xff, 0x10, 0x0, 0x27, 0x77, 0x30,
    0x0, 0xb, 0xff, 0xf3, 0x0, 0x0, 0x0, 0x0,
    0x24, 0x55, 0xcf, 0xff, 0x30, 0x0, 0x0, 0x5b,
    0xff, 0xff, 0xff, 0xff, 0xf3, 0x0, 0x0, 0xaf,
    0xff, 0xff, 0xff, 0xff, 0xff, 0x30, 0x0, 0x8f,
    0xff, 0xe8, 0x31, 0xa, 0xff, 0xf3, 0x0, 0xe,
    0xff, 0xf2, 0x0, 0x0, 0xcf, 0xff, 0x30, 0x0,
    0xff, 0xff, 0x0, 0x0, 0x2f, 0xff, 0xf3, 0x0,
    0xf, 0xff, 0xf7, 0x11, 0x5e, 0xff, 0xff, 0x60,
    0x0, 0xcf, 0xff, 0xff, 0xff, 0xff, 0xff, 0xff,
    0xf1, 0x3, 0xff, 0xff, 0xff, 0xfd, 0x3e, 0xff,
    0xff, 0x10, 0x2, 0xae, 0xff, 0xc6, 0x0, 0x3c,
    0xff, 0xb0,

    /* U+00E5 "å" */
    0x0, 0x0, 0x0, 0x9e, 0xe8, 0x0, 0x0, 0x0,
    0x0, 0x0, 0x0, 0x9f, 0xab, 0xf7, 0x0, 0x0,
    0x0, 0x0, 0x0, 0xe, 0xc0, 0xe, 0xb0, 0x0,
    0x0, 0x0, 0x0, 0x0, 0xce, 0x12, 0xfa, 0x0,
    0x0, 0x0, 0x0, 0x0, 0x4, 0xff, 0xff, 0x30,
    0x0, 0x0, 0x0, 0x0, 0x0, 0x2, 0x77, 0x20,
    0x0, 0x0, 0x0, 0x0, 0x0, 0x0, 0x0, 0x0,
    0x0, 0x0, 0x0, 0x0, 0x0, 0x17, 0xbe, 0xff,
    0xeb, 0x60, 0x0, 0x0, 0x0, 0x4e, 0xff, 0xff,
    0xff, 0xff, 0xd1, 0x0, 0x0, 0x1e, 0xff, 0xff,
    0xde, 0xff, 0xff, 0xb0, 0x0, 0x5, 0xff, 0xfb,
    0x0, 0x3, 0xff, 0xff, 0x10, 0x0, 0x27, 0x77,
    0x30, 0x0, 0xb, 0xff, 0xf3, 0x0, 0x0, 0x0,
    0x0, 0x24, 0x55, 0xcf, 0xff, 0x30, 0x0, 0x0,
    0x5b, 0xff, 0xff, 0xff, 0xff, 0xf3, 0x0, 0x0,
    0xaf, 0xff, 0xff, 0xff, 0xff, 0xff, 0x30, 0x0,
    0x8f, 0xff, 0xe8, 0x31, 0xa, 0xff, 0xf3, 0x0,
    0xe, 0xff, 0xf2, 0x0, 0x0, 0xcf, 0xff, 0x30,
    0x0, 0xff, 0xff, 0x0, 0x0, 0x2f, 0xff, 0xf3,
    0x0, 0xf, 0xff, 0xf7, 0x11, 0x5e, 0xff, 0xff,
    0x60, 0x0, 0xcf, 0xff, 0xff, 0xff, 0xff, 0xff,
    0xff, 0xf1, 0x3, 0xff, 0xff, 0xff, 0xfd, 0x3e,
    0xff, 0xff, 0x10, 0x2, 0xae, 0xff, 0xc6, 0x0,
    0x3c, 0xff, 0xb0,

    /* U+00E6 "æ" */
    0x0, 0x1, 0x7b, 0xef, 0xfe, 0xb6, 0x0, 0x4a,
    0xef, 0xfd, 0xa4, 0x0, 0x0, 0x4, 0xff, 0xff,
    0xff, 0xff, 0xfd, 0xbf, 0xff, 0xff, 0xff, 0xf9,
    0x0, 0x1, 0xff, 0xff, 0xfe, 0xdf, 0xff, 0xff,
    0xff, 0xfe, 0xef, 0xff, 0xf8, 0x0, 0x5f, 0xff,
    0xb1, 0x0, 0xb, 0xff, 0xff, 0xa1, 0x0, 0x4f,
    0xff, 0xf1, 0x2, 0x66, 0x62, 0x0, 0x0, 0x5f,
    0xff, 0xe0, 0x0, 0x0, 0x8f, 0xff, 0x50, 0x0,
    0x0, 0x2, 0x46, 0x69, 0xff, 0xfd, 0x77, 0x77,
    0x7a, 0xff, 0xf8, 0x0, 0x5, 0xbf, 0xff, 0xff,
    0xff, 0xff, 0xff, 0xff, 0xff, 0xff, 0xff, 0x90,
    0xa, 0xff, 0xff, 0xff, 0xff, 0xff, 0xff, 0xff,
    0xff, 0xff, 0xff, 0xfa, 0x8, 0xff, 0xff, 0x84,
    0x10, 0x4f, 0xff, 0xa0, 0x0, 0x0, 0x0, 0x0,
    0x0, 0xef, 0xff, 0x20, 0x0, 0x6, 0xff, 0xfc,
    0x0, 0x0, 0x2, 0xaa, 0xa6, 0xf, 0xff, 0xe0,
    0x0, 0x0, 0xcf, 0xff, 0xf2, 0x0, 0x0, 0x6f,
    0xff, 0x80, 0xff, 0xff, 0x60, 0x1, 0xaf, 0xff,
    0xff, 0xc2, 0x0, 0x3e, 0xff, 0xf4, 0xb, 0xff,
    0xff, 0xfe, 0xff, 0xff, 0xff, 0xff, 0xfe, 0xef,
    0xff, 0xfc, 0x0, 0x2e, 0xff, 0xff, 0xff, 0xff,
    0x92, 0xdf, 0xff, 0xff, 0xff, 0xfc, 0x10, 0x0,
    0x17, 0xce, 0xfe, 0xc8, 0x20, 0x0, 0x6b, 0xef,
    0xfe, 0xb5, 0x0, 0x0,

    /* U+00E7 "ç" */
    0x0, 0x3, 0x9d, 0xef, 0xeb, 0x60, 0x0, 0x0,
    0x9f, 0xff, 0xff, 0xff, 0xfe, 0x30, 0x8, 0xff,
    0xff, 0xff, 0xff, 0xff, 0xe1, 0x2f, 0xff, 0xf7,
    0x10, 0x3d, 0xff, 0xf8, 0x8f, 0xff, 0x80, 0x0,
    0x3, 0xff, 0xfc, 0xcf, 0xff, 0x30, 0x0, 0x0,
    0xdd, 0xdb, 0xdf, 0xff, 0x10, 0x0, 0x0, 0x0,
    0x0, 0xef, 0xff, 0x0, 0x0, 0x0, 0x0, 0x0,
    0xdf, 0xff, 0x0, 0x0, 0x0, 0x0, 0x0, 0xcf,
    0xff, 0x20, 0x0, 0x0, 0x9c, 0xca, 0x8f, 0xff,
    0x80, 0x0, 0x0, 0xff, 0xfc, 0x3f, 0xff, 0xf6,
    0x0, 0x1a, 0xff, 0xf8, 0xa, 0xff, 0xff, 0xfe,
    0xff, 0xff, 0xf1, 0x0, 0xbf, 0xff, 0xff, 0xff,
    0xfe, 0x30, 0x0, 0x5, 0xbf, 0xff, 0xfd, 0x81,
    0x0, 0x0, 0x0, 0x3, 0xff, 0x40, 0x0, 0x0,
    0x0, 0x0, 0x6, 0xff, 0xfe, 0x30, 0x0, 0x0,
    0x0, 0x0, 0x4, 0xff, 0x90, 0x0, 0x0, 0x0,
    0xab, 0xbd, 0xff, 0x60, 0x0, 0x0, 0x0, 0xce,
    0xff, 0xc6, 0x0, 0x0,

    /* U+00E8 "è" */
    0x0, 0x7, 0xff, 0xf7, 0x0, 0x0, 0x0, 0x0,
    0x0, 0x8, 0xff, 0xf2, 0x0, 0x0, 0x0, 0x0,
    0x0, 0x9, 0xff, 0xb0, 0x0, 0x0, 0x0, 0x0,
    0x0, 0x8, 0xaa, 0x20, 0x0, 0x0, 0x0, 0x0,
    0x0, 0x0, 0x0, 0x0, 0x0, 0x0, 0x0, 0x38,
    0xde, 0xfe, 0xc7, 0x10, 0x0, 0x0, 0x9f, 0xff,
    0xff, 0xff, 0xfe, 0x40, 0x0, 0x8f, 0xff, 0xff,
    0xef, 0xff, 0xff, 0x20, 0x2f, 0xff, 0xe4, 0x0,
    0x9, 0xff, 0xfa, 0x8, 0xff, 0xf5, 0x0, 0x0,
    0xe, 0xff, 0xf0, 0xcf, 0xff, 0x87, 0x77, 0x77,
    0xdf, 0xff, 0x2d, 0xff, 0xff, 0xff, 0xff, 0xff,
    0xff, 0xf3, 0xef, 0xff, 0xff, 0xff, 0xff, 0xff,
    0xff, 0x4d, 0xff, 0xf0, 0x0, 0x0, 0x0, 0x0,
    0x0, 0xcf, 0xff, 0x30, 0x0, 0x0, 0x6a, 0xaa,
    0x28, 0xff, 0xf8, 0x0, 0x0, 0xc, 0xff, 0xf2,
    0x2f, 0xff, 0xf6, 0x0, 0x8, 0xff, 0xfe, 0x0,
    0x8f, 0xff, 0xff, 0xef, 0xff, 0xff, 0x50, 0x0,
    0x9f, 0xff, 0xff, 0xff, 0xff, 0x70, 0x0, 0x0,
    0x39, 0xde, 0xff, 0xc8, 0x20, 0x0,

    /* U+00E9 "é" */
    0x0, 0x0, 0x0, 0xa, 0xff, 0xf5, 0x0, 0x0,
    0x0, 0x0, 0x4, 0xff, 0xf6, 0x0, 0x0, 0x0,
    0x0, 0x0, 0xdf, 0xf7, 0x0, 0x0, 0x0, 0x0,
    0x0, 0x4a, 0xa7, 0x0, 0x0, 0x0, 0x0, 0x0,
    0x0, 0x0, 0x0, 0x0, 0x0, 0x0, 0x0, 0x38,
    0xde, 0xfe, 0xc7, 0x10, 0x0, 0x0, 0x9f, 0xff,
    0xff, 0xff, 0xfe, 0x40, 0x0, 0x8f, 0xff, 0xff,
    0xef, 0xff, 0xff, 0x20, 0x2f, 0xff, 0xe4, 0x0,
    0x9, 0xff, 0xfa, 0x8, 0xff, 0xf5, 0x0, 0x0,
    0xe, 0xff, 0xf0, 0xcf, 0xff, 0x87, 0x77, 0x77,
    0xdf, 0xff, 0x2d, 0xff, 0xff, 0xff, 0xff, 0xff,
    0xff, 0xf3, 0xef, 0xff, 0xff, 0xff, 0xff, 0xff,
    0xff, 0x4d, 0xff, 0xf0, 0x0, 0x0, 0x0, 0x0,
    0x0, 0xcf, 0xff, 0x30, 0x0, 0x0, 0x6a, 0xaa,
    0x28, 0xff, 0xf8, 0x0, 0x0, 0xc, 0xff, 0xf2,
    0x2f, 0xff, 0xf6, 0x0, 0x8, 0xff, 0xfe, 0x0,
    0x8f, 0xff, 0xff, 0xef, 0xff, 0xff, 0x50, 0x0,
    0x9f, 0xff, 0xff, 0xff, 0xff, 0x70, 0x0, 0x0,
    0x39, 0xde, 0xff, 0xc8, 0x20, 0x0,

    /* U+00EA "ê" */
    0x0, 0x0, 0xc, 0xff, 0xf9, 0x0, 0x0, 0x0,
    0x0, 0xa, 0xff, 0xff, 0xf6, 0x0, 0x0, 0x0,
    0x8, 0xff, 0xb1, 0xef, 0xf4, 0x0, 0x0, 0x2,
    0xaa, 0x90, 0x2, 0xaa, 0x90, 0x0, 0x0, 0x0,
    0x0, 0x0, 0x0, 0x0, 0x0, 0x0, 0x0, 0x38,
    0xde, 0xfe, 0xc7, 0x10, 0x0, 0x0, 0x9f, 0xff,
    0xff, 0xff, 0xfe, 0x40, 0x0, 0x8f, 0xff, 0xff,
    0xef, 0xff, 0xff, 0x20, 0x2f, 0xff, 0xe4, 0x0,
    0x9, 0xff, 0xfa, 0x8, 0xff, 0xf5, 0x0, 0x0,
    0xe, 0xff, 0xf0, 0xcf, 0xff, 0x87, 0x77, 0x77,
    0xdf, 0xff, 0x2d, 0xff, 0xff, 0xff, 0xff, 0xff,
    0xff, 0xf3, 0xef, 0xff, 0xff, 0xff, 0xff, 0xff,
    0xff, 0x4d, 0xff, 0xf0, 0x0, 0x0, 0x0, 0x0,
    0x0, 0xcf, 0xff, 0x30, 0x0, 0x0, 0x6a, 0xaa,
    0x28, 0xff, 0xf8, 0x0, 0x0, 0xc, 0xff, 0xf2,
    0x2f, 0xff, 0xf6, 0x0, 0x8, 0xff, 0xfe, 0x0,
    0x8f, 0xff, 0xff, 0xef, 0xff, 0xff, 0x50, 0x0,
    0x9f, 0xff, 0xff, 0xff, 0xff, 0x70, 0x0, 0x0,
    0x39, 0xde, 0xff, 0xc8, 0x20, 0x0,

    /* U+00EB "ë" */
    0x0, 0x3f, 0xff, 0x10, 0x6f, 0xff, 0x0, 0x0,
    0x3, 0xff, 0xf1, 0x6, 0xff, 0xf0, 0x0, 0x0,
    0x3f, 0xff, 0x10, 0x6f, 0xff, 0x0, 0x0, 0x0,
    0x44, 0x40, 0x1, 0x44, 0x30, 0x0, 0x0, 0x0,
    0x0, 0x0, 0x0, 0x0, 0x0, 0x0, 0x0, 0x38,
    0xde, 0xfe, 0xc7, 0x10, 0x0, 0x0, 0x9f, 0xff,
    0xff, 0xff, 0xfe, 0x40, 0x0, 0x8f, 0xff, 0xff,
    0xef, 0xff, 0xff, 0x20, 0x2f, 0xff, 0xe4, 0x0,
    0x9, 0xff, 0xfa, 0x8, 0xff, 0xf5, 0x0, 0x0,
    0xe, 0xff, 0xf0, 0xcf, 0xff, 0x87, 0x77, 0x77,
    0xdf, 0xff, 0x2d, 0xff, 0xff, 0xff, 0xff, 0xff,
    0xff, 0xf3, 0xef, 0xff, 0xff, 0xff, 0xff, 0xff,
    0xff, 0x4d, 0xff, 0xf0, 0x0, 0x0, 0x0, 0x0,
    0x0, 0xcf, 0xff, 0x30, 0x0, 0x0, 0x6a, 0xaa,
    0x28, 0xff, 0xf8, 0x0, 0x0, 0xc, 0xff, 0xf2,
    0x2f, 0xff, 0xf6, 0x0, 0x8, 0xff, 0xfe, 0x0,
    0x8f, 0xff, 0xff, 0xef, 0xff, 0xff, 0x50, 0x0,
    0x9f, 0xff, 0xff, 0xff, 0xff, 0x70, 0x0, 0x0,
    0x39, 0xde, 0xff, 0xc8, 0x20, 0x0,

    /* U+00EC "ì" */
    0x3f, 0xff, 0xc0, 0x0, 0x3f, 0xff, 0x60, 0x0,
    0x4f, 0xff, 0x10, 0x0, 0x5a, 0xa5, 0x0, 0x0,
    0x0, 0x0, 0x3, 0xff, 0xfb, 0x0, 0x3f, 0xff,
    0xb0, 0x3, 0xff, 0xfb, 0x0, 0x3f, 0xff, 0xb0,
    0x3, 0xff, 0xfb, 0x0, 0x3f, 0xff, 0xb0, 0x3,
    0xff, 0xfb, 0x0, 0x3f, 0xff, 0xb0, 0x3, 0xff,
    0xfb, 0x0, 0x3f, 0xff, 0xb0, 0x3, 0xff, 0xfb,
    0x0, 0x3f, 0xff, 0xb0, 0x3, 0xff, 0xfb, 0x0,
    0x3f, 0xff, 0xb0, 0x3, 0xff, 0xfb,

    /* U+00ED "í" */
    0x0, 0x5f, 0xff, 0xa0, 0x0, 0xef, 0xfb, 0x0,
    0x9, 0xff, 0xc0, 0x0, 0x1a, 0xaa, 0x10, 0x0,
    0x0, 0x0, 0x0, 0x0, 0x3f, 0xff, 0xb0, 0x0,
    0x3f, 0xff, 0xb0, 0x0, 0x3f, 0xff, 0xb0, 0x0,
    0x3f, 0xff, 0xb0, 0x0, 0x3f, 0xff, 0xb0, 0x0,
    0x3f, 0xff, 0xb0, 0x0, 0x3f, 0xff, 0xb0, 0x0,
    0x3f, 0xff, 0xb0, 0x0, 0x3f, 0xff, 0xb0, 0x0,
    0x3f, 0xff, 0xb0, 0x0, 0x3f, 0xff, 0xb0, 0x0,
    0x3f, 0xff, 0xb0, 0x0, 0x3f, 0xff, 0xb0, 0x0,
    0x3f, 0xff, 0xb0, 0x0, 0x3f, 0xff, 0xb0, 0x0,

    /* U+00EE "î" */
    0x0, 0x7, 0xff, 0xfd, 0x10, 0x0, 0x5, 0xff,
    0xff, 0xfb, 0x0, 0x3, 0xff, 0xe2, 0xaf, 0xf9,
    0x0, 0x9a, 0xa3, 0x0, 0x9a, 0xa3, 0x0, 0x0,
    0x0, 0x0, 0x0, 0x0, 0x0, 0x3f, 0xff, 0xb0,
    0x0, 0x0, 0x3, 0xff, 0xfb, 0x0, 0x0, 0x0,
    0x3f, 0xff, 0xb0, 0x0, 0x0, 0x3, 0xff, 0xfb,
    0x0, 0x0, 0x0, 0x3f, 0xff, 0xb0, 0x0, 0x0,
    0x3, 0xff, 0xfb, 0x0, 0x0, 0x0, 0x3f, 0xff,
    0xb0, 0x0, 0x0, 0x3, 0xff, 0xfb, 0x0, 0x0,
    0x0, 0x3f, 0xff, 0xb0, 0x0, 0x0, 0x3, 0xff,
    0xfb, 0x0, 0x0, 0x0, 0x3f, 0xff, 0xb0, 0x0,
    0x0, 0x3, 0xff, 0xfb, 0x0, 0x0, 0x0, 0x3f,
    0xff, 0xb0, 0x0, 0x0, 0x3, 0xff, 0xfb, 0x0,
    0x0, 0x0, 0x3f, 0xff, 0xb0, 0x0,

    /* U+00EF "ï" */
    0xef, 0xf7, 0x1, 0xff, 0xf4, 0xef, 0xf7, 0x1,
    0xff, 0xf4, 0xef, 0xf7, 0x1, 0xff, 0xf4, 0x34,
    0x41, 0x0, 0x44, 0x41, 0x0, 0x0, 0x0, 0x0,
    0x0, 0x0, 0x3f, 0xff, 0xb0, 0x0, 0x0, 0x3f,
    0xff, 0xb0, 0x0, 0x0, 0x3f, 0xff, 0xb0, 0x0,
    0x0, 0x3f, 0xff, 0xb0, 0x0, 0x0, 0x3f, 0xff,
    0xb0, 0x0, 0x0, 0x3f, 0xff, 0xb0, 0x0, 0x0,
    0x3f, 0xff, 0xb0, 0x0, 0x0, 0x3f, 0xff, 0xb0,
    0x0, 0x0, 0x3f, 0xff, 0xb0, 0x0, 0x0, 0x3f,
    0xff, 0xb0, 0x0, 0x0, 0x3f, 0xff, 0xb0, 0x0,
    0x0, 0x3f, 0xff, 0xb0, 0x0, 0x0, 0x3f, 0xff,
    0xb0, 0x0, 0x0, 0x3f, 0xff, 0xb0, 0x0, 0x0,
    0x3f, 0xff, 0xb0, 0x0,

    /* U+00F0 "ð" */
    0x0, 0x0, 0xaf, 0xff, 0xb1, 0x0, 0x1, 0x0,
    0x0, 0x4, 0x6d, 0xff, 0xfe, 0xde, 0xff, 0x10,
    0x0, 0x3f, 0xff, 0xff, 0xff, 0xff, 0xdb, 0x0,
    0x0, 0x18, 0x76, 0x47, 0xff, 0xfe, 0x20, 0x0,
    0x0, 0x0, 0x0, 0x0, 0x9f, 0xff, 0xc0, 0x0,
    0x0, 0x3, 0xad, 0xfe, 0xbf, 0xff, 0xf7, 0x0,
    0x0, 0x8f, 0xff, 0xff, 0xff, 0xff, 0xfe, 0x0,
    0x6, 0xff, 0xff, 0xff, 0xff, 0xff, 0xff, 0x50,
    0xf, 0xff, 0xf9, 0x10, 0x4, 0xef, 0xff, 0xb0,
    0x5f, 0xff, 0xb0, 0x0, 0x0, 0x3f, 0xff, 0xe0,
    0x9f, 0xff, 0x60, 0x0, 0x0, 0xe, 0xff, 0xf1,
    0xaf, 0xff, 0x30, 0x0, 0x0, 0xc, 0xff, 0xf3,
    0xbf, 0xff, 0x30, 0x0, 0x0, 0xb, 0xff, 0xf3,
    0xaf, 0xff, 0x40, 0x0, 0x0, 0xc, 0xff, 0xf2,
    0x8f, 0xff, 0x60, 0x0, 0x0, 0xe, 0xff, 0xf1,
    0x4f, 0xff, 0xc0, 0x0, 0x0, 0x4f, 0xff, 0xc0,
    0xe, 0xff, 0xfa, 0x20, 0x15, 0xef, 0xff, 0x70,
    0x5, 0xff, 0xff, 0xff, 0xff, 0xff, 0xfc, 0x0,
    0x0, 0x6f, 0xff, 0xff, 0xff, 0xff, 0xb1, 0x0,
    0x0, 0x1, 0x7c, 0xef, 0xed, 0xa4, 0x0, 0x0,

    /* U+00F1 "ñ" */
    0x0, 0x4, 0xdf, 0xd8, 0x20, 0xbf, 0x60, 0x0,
    0x1, 0xff, 0xff, 0xff, 0xff, 0xf2, 0x0, 0x0,
    0x6f, 0xe6, 0x8e, 0xff, 0xf9, 0x0, 0x0, 0x3,
    0x63, 0x0, 0x3, 0x53, 0x0, 0x0, 0x0, 0x0,
    0x0, 0x0, 0x0, 0x0, 0x0, 0x3, 0xff, 0xf1,
    0x5, 0xcf, 0xfd, 0x91, 0x0, 0x3f, 0xff, 0x3b,
    0xff, 0xff, 0xff, 0xe1, 0x3, 0xff, 0xfe, 0xff,
    0xff, 0xff, 0xff, 0xa0, 0x3f, 0xff, 0xff, 0x73,
    0x5c, 0xff, 0xff, 0x3, 0xff, 0xff, 0x40, 0x0,
    0x1f, 0xff, 0xf1, 0x3f, 0xff, 0xd0, 0x0, 0x0,
    0xcf, 0xff, 0x23, 0xff, 0xfb, 0x0, 0x0, 0xc,
    0xff, 0xf2, 0x3f, 0xff, 0xb0, 0x0, 0x0, 0xcf,
    0xff, 0x23, 0xff, 0xfb, 0x0, 0x0, 0xc, 0xff,
    0xf2, 0x3f, 0xff, 0xb0, 0x0, 0x0, 0xcf, 0xff,
    0x23, 0xff, 0xfb, 0x0, 0x0, 0xc, 0xff, 0xf2,
    0x3f, 0xff, 0xb0, 0x0, 0x0, 0xcf, 0xff, 0x23,
    0xff, 0xfb, 0x0, 0x0, 0xc, 0xff, 0xf2, 0x3f,
    0xff, 0xb0, 0x0, 0x0, 0xcf, 0xff, 0x23, 0xff,
    0xfb, 0x0, 0x0, 0xc, 0xff, 0xf2,

    /* U+00F2 "ò" */
    0x0, 0x4, 0xff, 0xfa, 0x0, 0x0, 0x0, 0x0,
    0x0, 0x0, 0x5f, 0xff, 0x40, 0x0, 0x0, 0x0,
    0x0, 0x0, 0x6, 0xff, 0xe0, 0x0, 0x0, 0x0,
    0x0, 0x0, 0x0, 0x6a, 0xa4, 0x0, 0x0, 0x0,
    0x0, 0x0, 0x0, 0x0, 0x0, 0x0, 0x0, 0x0,
    0x0, 0x2, 0x8c, 0xef, 0xed, 0x93, 0x0, 0x0,
    0x0, 0x8f, 0xff, 0xff, 0xff, 0xff, 0xa0, 0x0,
    0x8, 0xff, 0xff, 0xff, 0xff, 0xff, 0xfa, 0x0,
    0x2f, 0xff, 0xf8, 0x10, 0x17, 0xff, 0xff, 0x40,
    0x8f, 0xff, 0x90, 0x0, 0x0, 0x7f, 0xff, 0xa0,
    0xcf, 0xff, 0x30, 0x0, 0x0, 0x1f, 0xff, 0xe0,
    0xdf, 0xff, 0x10, 0x0, 0x0, 0xe, 0xff, 0xf0,
    0xef, 0xff, 0x0, 0x0, 0x0, 0xe, 0xff, 0xf1,
    0xdf, 0xff, 0x10, 0x0, 0x0, 0xe, 0xff, 0xf0,
    0xcf, 0xff, 0x30, 0x0, 0x0, 0x1f, 0xff, 0xe0,
    0x7f, 0xff, 0x90, 0x0, 0x0, 0x7f, 0xff, 0xa0,
    0x2f, 0xff, 0xf8, 0x20, 0x17, 0xff, 0xff, 0x40,
    0x8, 0xff, 0xff, 0xff, 0xff, 0xff, 0xfa, 0x0,
    0x0, 0x8f, 0xff, 0xff, 0xff, 0xff, 0xa0, 0x0,
    0x0, 0x2, 0x8c, 0xef, 0xed, 0x93, 0x0, 0x0,

    /* U+00F3 "ó" */
    0x0, 0x0, 0x0, 0x7, 0xff, 0xf8, 0x0, 0x0,
    0x0, 0x0, 0x0, 0x1f, 0xff, 0x90, 0x0, 0x0,
    0x0, 0x0, 0x0, 0xbf, 0xfa, 0x0, 0x0, 0x0,
    0x0, 0x0, 0x2, 0xaa, 0x90, 0x0, 0x0, 0x0,
    0x0, 0x0, 0x0, 0x0, 0x0, 0x0, 0x0, 0x0,
    0x0, 0x2, 0x8c, 0xef, 0xed, 0x93, 0x0, 0x0,
    0x0, 0x8f, 0xff, 0xff, 0xff, 0xff, 0xa0, 0x0,
    0x8, 0xff, 0xff, 0xff, 0xff, 0xff, 0xfa, 0x0,
    0x2f, 0xff, 0xf8, 0x10, 0x17, 0xff, 0xff, 0x40,
    0x8f, 0xff, 0x90, 0x0, 0x0, 0x7f, 0xff, 0xa0,
    0xcf, 0xff, 0x30, 0x0, 0x0, 0x1f, 0xff, 0xe0,
    0xdf, 0xff, 0x10, 0x0, 0x0, 0xe, 0xff, 0xf0,
    0xef, 0xff, 0x0, 0x0, 0x0, 0xe, 0xff, 0xf1,
    0xdf, 0xff, 0x10, 0x0, 0x0, 0xe, 0xff, 0xf0,
    0xcf, 0xff, 0x30, 0x0, 0x0, 0x1f, 0xff, 0xe0,
    0x7f, 0xff, 0x90, 0x0, 0x0, 0x7f, 0xff, 0xa0,
    0x2f, 0xff, 0xf8, 0x20, 0x17, 0xff, 0xff, 0x40,
    0x8, 0xff, 0xff, 0xff, 0xff, 0xff, 0xfa, 0x0,
    0x0, 0x8f, 0xff, 0xff, 0xff, 0xff, 0xa0, 0x0,
    0x0, 0x2, 0x8c, 0xef, 0xed, 0x93, 0x0, 0x0,

    /* U+00F4 "ô" */
    0x0, 0x0, 0x9, 0xff, 0xfc, 0x0, 0x0, 0x0,
    0x0, 0x0, 0x7f, 0xff, 0xff, 0xa0, 0x0, 0x0,
    0x0, 0x4, 0xff, 0xd1, 0xbf, 0xf7, 0x0, 0x0,
    0x0, 0xa, 0xaa, 0x20, 0x1a, 0xaa, 0x20, 0x0,
    0x0, 0x0, 0x0, 0x0, 0x0, 0x0, 0x0, 0x0,
    0x0, 0x2, 0x8c, 0xef, 0xed, 0x93, 0x0, 0x0,
    0x0, 0x8f, 0xff, 0xff, 0xff, 0xff, 0xa0, 0x0,
    0x8, 0xff, 0xff, 0xff, 0xff, 0xff, 0xfa, 0x0,
    0x2f, 0xff, 0xf8, 0x10, 0x17, 0xff, 0xff, 0x40,
    0x8f, 0xff, 0x90, 0x0, 0x0, 0x7f, 0xff, 0xa0,
    0xcf, 0xff, 0x30, 0x0, 0x0, 0x1f, 0xff, 0xe0,
    0xdf, 0xff, 0x10, 0x0, 0x0, 0xe, 0xff, 0xf0,
    0xef, 0xff, 0x0, 0x0, 0x0, 0xe, 0xff, 0xf1,
    0xdf, 0xff, 0x10, 0x0, 0x0, 0xe, 0xff, 0xf0,
    0xcf, 0xff, 0x30, 0x0, 0x0, 0x1f, 0xff, 0xe0,
    0x7f, 0xff, 0x90, 0x0, 0x0, 0x7f, 0xff, 0xa0,
    0x2f, 0xff, 0xf8, 0x20, 0x17, 0xff, 0xff, 0x40,
    0x8, 0xff, 0xff, 0xff, 0xff, 0xff, 0xfa, 0x0,
    0x0, 0x8f, 0xff, 0xff, 0xff, 0xff, 0xa0, 0x0,
    0x0, 0x2, 0x8c, 0xef, 0xed, 0x93, 0x0, 0x0,

    /* U+00F5 "õ" */
    0x0, 0x3, 0xcf, 0xd8, 0x30, 0xaf, 0x80, 0x0,
    0x0, 0xe, 0xff, 0xff, 0xff, 0xff, 0x40, 0x0,
    0x0, 0x5f, 0xe6, 0x8d, 0xff, 0xfa, 0x0, 0x0,
    0x0, 0x26, 0x30, 0x0, 0x25, 0x30, 0x0, 0x0,
    0x0, 0x0, 0x0, 0x0, 0x0, 0x0, 0x0, 0x0,
    0x0, 0x2, 0x8c, 0xef, 0xed, 0x93, 0x0, 0x0,
    0x0, 0x8f, 0xff, 0xff, 0xff, 0xff, 0xa0, 0x0,
    0x8, 0xff, 0xff, 0xff, 0xff, 0xff, 0xfa, 0x0,
    0x2f, 0xff, 0xf8, 0x10, 0x17, 0xff, 0xff, 0x40,
    0x8f, 0xff, 0x90, 0x0, 0x0, 0x7f, 0xff, 0xa0,
    0xcf, 0xff, 0x30, 0x0, 0x0, 0x1f, 0xff, 0xe0,
    0xdf, 0xff, 0x10, 0x0, 0x0, 0xe, 0xff, 0xf0,
    0xef, 0xff, 0x0, 0x0, 0x0, 0xe, 0xff, 0xf1,
    0xdf, 0xff, 0x10, 0x0, 0x0, 0xe, 0xff, 0xf0,
    0xcf, 0xff, 0x30, 0x0, 0x0, 0x1f, 0xff, 0xe0,
    0x7f, 0xff, 0x90, 0x0, 0x0, 0x7f, 0xff, 0xa0,
    0x2f, 0xff, 0xf8, 0x20, 0x17, 0xff, 0xff, 0x40,
    0x8, 0xff, 0xff, 0xff, 0xff, 0xff, 0xfa, 0x0,
    0x0, 0x8f, 0xff, 0xff, 0xff, 0xff, 0xa0, 0x0,
    0x0, 0x2, 0x8c, 0xef, 0xed, 0x93, 0x0, 0x0,

    /* U+00F6 "ö" */
    0x0, 0xf, 0xff, 0x50, 0x3f, 0xff, 0x20, 0x0,
    0x0, 0xf, 0xff, 0x50, 0x3f, 0xff, 0x20, 0x0,
    0x0, 0xf, 0xff, 0x50, 0x3f, 0xff, 0x20, 0x0,
    0x0, 0x4, 0x44, 0x10, 0x4, 0x44, 0x0, 0x0,
    0x0, 0x0, 0x0, 0x0, 0x0, 0x0, 0x0, 0x0,
    0x0, 0x2, 0x8c, 0xef, 0xed, 0x93, 0x0, 0x0,
    0x0, 0x8f, 0xff, 0xff, 0xff, 0xff, 0xa0, 0x0,
    0x8, 0xff, 0xff, 0xff, 0xff, 0xff, 0xfa, 0x0,
    0x2f, 0xff, 0xf8, 0x10, 0x17, 0xff, 0xff, 0x40,
    0x8f, 0xff, 0x90, 0x0, 0x0, 0x7f, 0xff, 0xa0,
    0xcf, 0xff, 0x30, 0x0, 0x0, 0x1f, 0xff, 0xe0,
    0xdf, 0xff, 0x10, 0x0, 0x0, 0xe, 0xff, 0xf0,
    0xef, 0xff, 0x0, 0x0, 0x0, 0xe, 0xff, 0xf1,
    0xdf, 0xff, 0x10, 0x0, 0x0, 0xe, 0xff, 0xf0,
    0xcf, 0xff, 0x30, 0x0, 0x0, 0x1f, 0xff, 0xe0,
    0x7f, 0xff, 0x90, 0x0, 0x0, 0x7f, 0xff, 0xa0,
    0x2f, 0xff, 0xf8, 0x20, 0x17, 0xff, 0xff, 0x40,
    0x8, 0xff, 0xff, 0xff, 0xff, 0xff, 0xfa, 0x0,
    0x0, 0x8f, 0xff, 0xff, 0xff, 0xff, 0xa0, 0x0,
    0x0, 0x2, 0x8c, 0xef, 0xed, 0x93, 0x0, 0x0,

    /* U+00F7 "÷" */
    0x0, 0x0, 0xb, 0xff, 0x90, 0x0, 0x0, 0x0,
    0x0, 0xb, 0xff, 0x90, 0x0, 0x0, 0x0, 0x0,
    0xb, 0xff, 0x90, 0x0, 0x0, 0x0, 0x0, 0x1,
    0x22, 0x10, 0x0, 0x0, 0x0, 0x0, 0x0, 0x0,
    0x0, 0x0, 0x0, 0x0, 0x0, 0x0, 0x0, 0x0,
    0x0, 0x0, 0xbf, 0xff, 0xff, 0xff, 0xff, 0xff,
    0xfb, 0xcf, 0xff, 0xff, 0xff, 0xff, 0xff, 0xfc,
    0xcf, 0xff, 0xff, 0xff, 0xff, 0xff, 0xfc, 0x0,
    0x0, 0x0, 0x0, 0x0, 0x0, 0x0, 0x0, 0x0,
    0x0, 0x0, 0x0, 0x0, 0x0, 0x0, 0x0, 0x1,
    0x22, 0x10, 0x0, 0x0, 0x0, 0x0, 0xb, 0xff,
    0x90, 0x0, 0x0, 0x0, 0x0, 0xb, 0xff, 0x90,
    0x0, 0x0, 0x0, 0x0, 0xb, 0xff, 0x90, 0x0,
    0x0,

    /* U+00F8 "ø" */
    0x0, 0x0, 0x0, 0x0, 0x0, 0x0, 0x38, 0x70,
    0x0, 0x0, 0x0, 0x0, 0x0, 0x0, 0xdf, 0x60,
    0x0, 0x2, 0x8c, 0xef, 0xed, 0x99, 0xfc, 0x0,
    0x0, 0x8f, 0xff, 0xff, 0xff, 0xff, 0xf4, 0x0,
    0x8, 0xff, 0xff, 0xff, 0xff, 0xff, 0xfb, 0x0,
    0x2f, 0xff, 0xf8, 0x20, 0x1c, 0xff, 0xff, 0x40,
    0x8f, 0xff, 0xa0, 0x0, 0x4f, 0xff, 0xff, 0xa0,
    0xcf, 0xff, 0x40, 0x1, 0xef, 0x5f, 0xff, 0xe0,
    0xdf, 0xff, 0x10, 0xc, 0xf8, 0xe, 0xff, 0xf0,
    0xef, 0xff, 0x0, 0x7f, 0xb0, 0xe, 0xff, 0xf1,
    0xdf, 0xff, 0x13, 0xfe, 0x10, 0xe, 0xff, 0xf0,
    0xbf, 0xff, 0x4e, 0xf3, 0x0, 0x1f, 0xff, 0xe0,
    0x7f, 0xff, 0xef, 0x70, 0x0, 0x7f, 0xff, 0xa0,
    0x1f, 0xff, 0xfe, 0x20, 0x17, 0xff, 0xff, 0x40,
    0x8, 0xff, 0xff, 0xff, 0xff, 0xff, 0xfa, 0x0,
    0x2, 0xff, 0xff, 0xff, 0xff, 0xff, 0xa0, 0x0,
    0xc, 0xf9, 0x8c, 0xef, 0xed, 0x93, 0x0, 0x0,
    0x8f, 0xc0, 0x0, 0x0, 0x0, 0x0, 0x0, 0x0,

    /* U+00F9 "ù" */
    0x0, 0x6, 0xff, 0xf7, 0x0, 0x0, 0x0, 0x0,
    0x0, 0x7, 0xff, 0xf2, 0x0, 0x0, 0x0, 0x0,
    0x0, 0x9, 0xff, 0xc0, 0x0, 0x0, 0x0, 0x0,
    0x0, 0x8, 0xaa, 0x30, 0x0, 0x0, 0x0, 0x0,
    0x0, 0x0, 0x0, 0x0, 0x0, 0x5, 0xff, 0xf9,
    0x0, 0x0, 0xd, 0xff, 0xf0, 0x5f, 0xff, 0x90,
    0x0, 0x0, 0xdf, 0xff, 0x5, 0xff, 0xf9, 0x0,
    0x0, 0xd, 0xff, 0xf0, 0x5f, 0xff, 0x90, 0x0,
    0x0, 0xdf, 0xff, 0x5, 0xff, 0xf9, 0x0, 0x0,
    0xd, 0xff, 0xf0, 0x5f, 0xff, 0x90, 0x0, 0x0,
    0xdf, 0xff, 0x5, 0xff, 0xf9, 0x0, 0x0, 0xd,
    0xff, 0xf0, 0x5f, 0xff, 0x90, 0x0, 0x0, 0xdf,
    0xff, 0x5, 0xff, 0xf9, 0x0, 0x0, 0xd, 0xff,
    0xf0, 0x4f, 0xff, 0x90, 0x0, 0x0, 0xff, 0xff,
    0x4, 0xff, 0xfd, 0x0, 0x0, 0x7f, 0xff, 0xf0,
    0x2f, 0xff, 0xfa, 0x44, 0x9f, 0xff, 0xff, 0x0,
    0xdf, 0xff, 0xff, 0xff, 0xfe, 0xff, 0xf0, 0x3,
    0xff, 0xff, 0xff, 0xf9, 0x5f, 0xff, 0x0, 0x2,
    0xae, 0xfe, 0xb3, 0x3, 0xff, 0xf0,

    /* U+00FA "ú" */
    0x0, 0x0, 0x0, 0x9, 0xff, 0xf6, 0x0, 0x0,
    0x0, 0x0, 0x3, 0xff, 0xf7, 0x0, 0x0, 0x0,
    0x0, 0x0, 0xdf, 0xf8, 0x0, 0x0, 0x0, 0x0,
    0x0, 0x4a, 0xa8, 0x0, 0x0, 0x0, 0x0, 0x0,
    0x0, 0x0, 0x0, 0x0, 0x0, 0x5, 0xff, 0xf9,
    0x0, 0x0, 0xd, 0xff, 0xf0, 0x5f, 0xff, 0x90,
    0x0, 0x0, 0xdf, 0xff, 0x5, 0xff, 0xf9, 0x0,
    0x0, 0xd, 0xff, 0xf0, 0x5f, 0xff, 0x90, 0x0,
    0x0, 0xdf, 0xff, 0x5, 0xff, 0xf9, 0x0, 0x0,
    0xd, 0xff, 0xf0, 0x5f, 0xff, 0x90, 0x0, 0x0,
    0xdf, 0xff, 0x5, 0xff, 0xf9, 0x0, 0x0, 0xd,
    0xff, 0xf0, 0x5f, 0xff, 0x90, 0x0, 0x0, 0xdf,
    0xff, 0x5, 0xff, 0xf9, 0x0, 0x0, 0xd, 0xff,
    0xf0, 0x4f, 0xff, 0x90, 0x0, 0x0, 0xff, 0xff,
    0x4, 0xff, 0xfd, 0x0, 0x0, 0x7f, 0xff, 0xf0,
    0x2f, 0xff, 0xfa, 0x44, 0x9f, 0xff, 0xff, 0x0,
    0xdf, 0xff, 0xff, 0xff, 0xfe, 0xff, 0xf0, 0x3,
    0xff, 0xff, 0xff, 0xf9, 0x5f, 0xff, 0x0, 0x2,
    0xae, 0xfe, 0xb3, 0x3, 0xff, 0xf0,

    /* U+00FB "û" */
    0x0, 0x0, 0xb, 0xff, 0xf9, 0x0, 0x0, 0x0,
    0x0, 0x9, 0xff, 0xff, 0xf7, 0x0, 0x0, 0x0,
    0x7, 0xff, 0xb1, 0xdf, 0xf5, 0x0, 0x0, 0x2,
    0xaa, 0xa1, 0x2, 0xaa, 0xa1, 0x0, 0x0, 0x0,
    0x0, 0x0, 0x0, 0x0, 0x0, 0x5, 0xff, 0xf9,
    0x0, 0x0, 0xd, 0xff, 0xf0, 0x5f, 0xff, 0x90,
    0x0, 0x0, 0xdf, 0xff, 0x5, 0xff, 0xf9, 0x0,
    0x0, 0xd, 0xff, 0xf0, 0x5f, 0xff, 0x90, 0x0,
    0x0, 0xdf, 0xff, 0x5, 0xff, 0xf9, 0x0, 0x0,
    0xd, 0xff, 0xf0, 0x5f, 0xff, 0x90, 0x0, 0x0,
    0xdf, 0xff, 0x5, 0xff, 0xf9, 0x0, 0x0, 0xd,
    0xff, 0xf0, 0x5f, 0xff, 0x90, 0x0, 0x0, 0xdf,
    0xff, 0x5, 0xff, 0xf9, 0x0, 0x0, 0xd, 0xff,
    0xf0, 0x4f, 0xff, 0x90, 0x0, 0x0, 0xff, 0xff,
    0x4, 0xff, 0xfd, 0x0, 0x0, 0x7f, 0xff, 0xf0,
    0x2f, 0xff, 0xfa, 0x44, 0x9f, 0xff, 0xff, 0x0,
    0xdf, 0xff, 0xff, 0xff, 0xfe, 0xff, 0xf0, 0x3,
    0xff, 0xff, 0xff, 0xf9, 0x5f, 0xff, 0x0, 0x2,
    0xae, 0xfe, 0xb3, 0x3, 0xff, 0xf0,

    /* U+00FC "ü" */
    0x0, 0x2f, 0xff, 0x20, 0x5f, 0xff, 0x0, 0x0,
    0x2, 0xff, 0xf2, 0x5, 0xff, 0xf0, 0x0, 0x0,
    0x2f, 0xff, 0x20, 0x5f, 0xff, 0x0, 0x0, 0x0,
    0x44, 0x40, 0x1, 0x44, 0x40, 0x0, 0x0, 0x0,
    0x0, 0x0, 0x0, 0x0, 0x0, 0x5, 0xff, 0xf9,
    0x0, 0x0, 0xd, 0xff, 0xf0, 0x5f, 0xff, 0x90,
    0x0, 0x0, 0xdf, 0xff, 0x5, 0xff, 0xf9, 0x0,
    0x0, 0xd, 0xff, 0xf0, 0x5f, 0xff, 0x90, 0x0,
    0x0, 0xdf, 0xff, 0x5, 0xff, 0xf9, 0x0, 0x0,
    0xd, 0xff, 0xf0, 0x5f, 0xff, 0x90, 0x0, 0x0,
    0xdf, 0xff, 0x5, 0xff, 0xf9, 0x0, 0x0, 0xd,
    0xff, 0xf0, 0x5f, 0xff, 0x90, 0x0, 0x0, 0xdf,
    0xff, 0x5, 0xff, 0xf9, 0x0, 0x0, 0xd, 0xff,
    0xf0, 0x4f, 0xff, 0x90, 0x0, 0x0, 0xff, 0xff,
    0x4, 0xff, 0xfd, 0x0, 0x0, 0x7f, 0xff, 0xf0,
    0x2f, 0xff, 0xfa, 0x44, 0x9f, 0xff, 0xff, 0x0,
    0xdf, 0xff, 0xff, 0xff, 0xfe, 0xff, 0xf0, 0x3,
    0xff, 0xff, 0xff, 0xf9, 0x5f, 0xff, 0x0, 0x2,
    0xae, 0xfe, 0xb3, 0x3, 0xff, 0xf0,

    /* U+00FD "ý" */
    0x0, 0x0, 0x0, 0x1, 0xff, 0xfd, 0x10, 0x0,
    0x0, 0x0, 0x0, 0xa, 0xff, 0xe1, 0x0, 0x0,
    0x0, 0x0, 0x0, 0x5f, 0xfe, 0x20, 0x0, 0x0,
    0x0, 0x0, 0x0, 0x9a, 0xa3, 0x0, 0x0, 0x0,
    0x0, 0x0, 0x0, 0x0, 0x0, 0x0, 0x0, 0x0,
    0xbf, 0xff, 0x60, 0x0, 0x0, 0xd, 0xff, 0xf0,
    0x4f, 0xff, 0xc0, 0x0, 0x0, 0x2f, 0xff, 0xa0,
    0xe, 0xff, 0xf2, 0x0, 0x0, 0x7f, 0xff, 0x40,
    0x8, 0xff, 0xf8, 0x0, 0x0, 0xcf, 0xfe, 0x0,
    0x2, 0xff, 0xfe, 0x0, 0x1, 0xff, 0xf9, 0x0,
    0x0, 0xbf, 0xff, 0x40, 0x6, 0xff, 0xf3, 0x0,
    0x0, 0x5f, 0xff, 0xa0, 0xb, 0xff, 0xd0, 0x0,
    0x0, 0xe, 0xff, 0xf0, 0xf, 0xff, 0x80, 0x0,
    0x0, 0x9, 0xff, 0xf4, 0x4f, 0xff, 0x20, 0x0,
    0x0, 0x2, 0xff, 0xf8, 0x9f, 0xfc, 0x0, 0x0,
    0x0, 0x0, 0xcf, 0xfd, 0xdf, 0xf7, 0x0, 0x0,
    0x0, 0x0, 0x6f, 0xff, 0xff, 0xf1, 0x0, 0x0,
    0x0, 0x0, 0xf, 0xff, 0xff, 0xb0, 0x0, 0x0,
    0x0, 0x0, 0x9, 0xff, 0xff, 0x60, 0x0, 0x0,
    0x0, 0x0, 0x4, 0xff, 0xff, 0x0, 0x0, 0x0,
    0x0, 0x0, 0x8, 0xff, 0xf9, 0x0, 0x0, 0x0,
    0x0, 0x0, 0x8f, 0xff, 0xf2, 0x0, 0x0, 0x0,
    0xa, 0xff, 0xff, 0xff, 0x70, 0x0, 0x0, 0x0,
    0xb, 0xff, 0xff, 0xfa, 0x0, 0x0, 0x0, 0x0,
    0x8, 0xef, 0xfc, 0x50, 0x0, 0x0, 0x0, 0x0,

    /* U+00FE "þ" */
    0x3f, 0xff, 0xb0, 0x0, 0x0, 0x0, 0x0, 0x3,
    0xff, 0xfb, 0x0, 0x0, 0x0, 0x0, 0x0, 0x3f,
    0xff, 0xb0, 0x0, 0x0, 0x0, 0x0, 0x3, 0xff,
    0xfb, 0x0, 0x0, 0x0, 0x0, 0x0, 0x3f, 0xff,
    0xb0, 0x0, 0x0, 0x0, 0x0, 0x3, 0xff, 0xfb,
    0x5, 0xce, 0xfd, 0x81, 0x0, 0x3f, 0xff, 0xb9,
    0xff, 0xff, 0xff, 0xd2, 0x3, 0xff, 0xff, 0xff,
    0xff, 0xff, 0xff, 0xc0, 0x3f, 0xff, 0xff, 0x73,
    0x49, 0xff, 0xff, 0x43, 0xff, 0xff, 0x40, 0x0,
    0x9, 0xff, 0xf9, 0x3f, 0xff, 0xe0, 0x0, 0x0,
    0x3f, 0xff, 0xc3, 0xff, 0xfb, 0x0, 0x0, 0x1,
    0xff, 0xfd, 0x3f, 0xff, 0xa0, 0x0, 0x0, 0xf,
    0xff, 0xe3, 0xff, 0xfb, 0x0, 0x0, 0x0, 0xff,
    0xfe, 0x3f, 0xff, 0xe0, 0x0, 0x0, 0x3f, 0xff,
    0xc3, 0xff, 0xff, 0x50, 0x0, 0x9, 0xff, 0xf9,
    0x3f, 0xff, 0xff, 0x73, 0x39, 0xff, 0xff, 0x43,
    0xff, 0xff, 0xff, 0xff, 0xff, 0xff, 0xc0, 0x3f,
    0xff, 0xbb, 0xff, 0xff, 0xff, 0xd2, 0x3, 0xff,
    0xfb, 0x6, 0xce, 0xfd, 0x81, 0x0, 0x3f, 0xff,
    0xb0, 0x0, 0x0, 0x0, 0x0, 0x3, 0xff, 0xfb,
    0x0, 0x0, 0x0, 0x0, 0x0, 0x3f, 0xff, 0xb0,
    0x0, 0x0, 0x0, 0x0, 0x3, 0xff, 0xfb, 0x0,
    0x0, 0x0, 0x0, 0x0, 0x3f, 0xff, 0xb0, 0x0,
    0x0, 0x0, 0x0, 0x0,

    /* U+00FF "ÿ" */
    0x0, 0x9, 0xff, 0xb0, 0xd, 0xff, 0x80, 0x0,
    0x0, 0x9, 0xff, 0xb0, 0xd, 0xff, 0x80, 0x0,
    0x0, 0x9, 0xff, 0xb0, 0xd, 0xff, 0x80, 0x0,
    0x0, 0x2, 0x44, 0x20, 0x3, 0x44, 0x20, 0x0,
    0x0, 0x0, 0x0, 0x0, 0x0, 0x0, 0x0, 0x0,
    0xbf, 0xff, 0x60, 0x0, 0x0, 0xd, 0xff, 0xf0,
    0x4f, 0xff, 0xc0, 0x0, 0x0, 0x2f, 0xff, 0xa0,
    0xe, 0xff, 0xf2, 0x0, 0x0, 0x7f, 0xff, 0x40,
    0x8, 0xff, 0xf8, 0x0, 0x0, 0xcf, 0xfe, 0x0,
    0x2, 0xff, 0xfe, 0x0, 0x1, 0xff, 0xf9, 0x0,
    0x0, 0xbf, 0xff, 0x40, 0x6, 0xff, 0xf3, 0x0,
    0x0, 0x5f, 0xff, 0xa0, 0xb, 0xff, 0xd0, 0x0,
    0x0, 0xe, 0xff, 0xf0, 0xf, 0xff, 0x80, 0x0,
    0x0, 0x9, 0xff, 0xf4, 0x4f, 0xff, 0x20, 0x0,
    0x0, 0x2, 0xff, 0xf8, 0x9f, 0xfc, 0x0, 0x0,
    0x0, 0x0, 0xcf, 0xfd, 0xdf, 0xf7, 0x0, 0x0,
    0x0, 0x0, 0x6f, 0xff, 0xff, 0xf1, 0x0, 0x0,
    0x0, 0x0, 0xf, 0xff, 0xff, 0xb0, 0x0, 0x0,
    0x0, 0x0, 0x9, 0xff, 0xff, 0x60, 0x0, 0x0,
    0x0, 0x0, 0x4, 0xff, 0xff, 0x0, 0x0, 0x0,
    0x0, 0x0, 0x8, 0xff, 0xf9, 0x0, 0x0, 0x0,
    0x0, 0x0, 0x8f, 0xff, 0xf2, 0x0, 0x0, 0x0,
    0xa, 0xff, 0xff, 0xff, 0x70, 0x0, 0x0, 0x0,
    0xb, 0xff, 0xff, 0xfa, 0x0, 0x0, 0x0, 0x0,
    0x8, 0xef, 0xfc, 0x50, 0x0, 0x0, 0x0, 0x0,

    /* U+2022 "•" */
    0x0, 0x59, 0xa7, 0x0, 0x0, 0xaf, 0xff, 0xfd,
    0x10, 0x4f, 0xff, 0xff, 0xfa, 0x9, 0xff, 0xff,
    0xff, 0xf0, 0xaf, 0xff, 0xff, 0xff, 0x7, 0xff,
    0xff, 0xff, 0xc0, 0xd, 0xff, 0xff, 0xf4, 0x0,
    0x1a, 0xef, 0xc4, 0x0
};


/*---------------------
 *  GLYPH DESCRIPTION
 *--------------------*/

static const lv_font_fmt_txt_glyph_dsc_t glyph_dsc[] = {
    {.bitmap_index = 0, .adv_w = 0, .box_w = 0, .box_h = 0, .ofs_x = 0, .ofs_y = 0} /* id = 0 reserved */,
    {.bitmap_index = 0, .adv_w = 88, .box_w = 0, .box_h = 0, .ofs_x = 0, .ofs_y = 0},
    {.bitmap_index = 0, .adv_w = 135, .box_w = 5, .box_h = 19, .ofs_x = 2, .ofs_y = 0},
    {.bitmap_index = 48, .adv_w = 204, .box_w = 11, .box_h = 8, .ofs_x = 1, .ofs_y = 11},
    {.bitmap_index = 92, .adv_w = 269, .box_w = 17, .box_h = 19, .ofs_x = 0, .ofs_y = 0},
    {.bitmap_index = 254, .adv_w = 249, .box_w = 14, .box_h = 22, .ofs_x = 1, .ofs_y = -2},
    {.bitmap_index = 408, .adv_w = 436, .box_w = 24, .box_h = 19, .ofs_x = 2, .ofs_y = 0},
    {.bitmap_index = 636, .adv_w = 342, .box_w = 20, .box_h = 19, .ofs_x = 1, .ofs_y = 0},
    {.bitmap_index = 826, .adv_w = 113, .box_w = 5, .box_h = 8, .ofs_x = 1, .ofs_y = 11},
    {.bitmap_index = 846, .adv_w = 163, .box_w = 9, .box_h = 25, .ofs_x = 1, .ofs_y = -5},
    {.bitmap_index = 959, .adv_w = 163, .box_w = 8, .box_h = 25, .ofs_x = 1, .ofs_y = -5},
    {.bitmap_index = 1059, .adv_w = 182, .box_w = 11, .box_h = 11, .ofs_x = 0, .ofs_y = 8},
    {.bitmap_index = 1120, .adv_w = 287, .box_w = 14, .box_h = 15, .ofs_x = 2, .ofs_y = 0},
    {.bitmap_index = 1225, .adv_w = 138, .box_w = 5, .box_h = 9, .ofs_x = 2, .ofs_y = -5},
    {.bitmap_index = 1248, .adv_w = 149, .box_w = 8, .box_h = 4, .ofs_x = 1, .ofs_y = 6},
    {.bitmap_index = 1264, .adv_w = 138, .box_w = 5, .box_h = 4, .ofs_x = 2, .ofs_y = 0},
    {.bitmap_index = 1274, .adv_w = 134, .box_w = 9, .box_h = 22, .ofs_x = 0, .ofs_y = -2},
    {.bitmap_index = 1373, .adv_w = 267, .box_w = 15, .box_h = 19, .ofs_x = 1, .ofs_y = 0},
    {.bitmap_index = 1516, .adv_w = 267, .box_w = 14, .box_h = 19, .ofs_x = 2, .ofs_y = 0},
    {.bitmap_index = 1649, .adv_w = 267, .box_w = 15, .box_h = 19, .ofs_x = 1, .ofs_y = 0},
    {.bitmap_index = 1792, .adv_w = 267, .box_w = 15, .box_h = 19, .ofs_x = 1, .ofs_y = 0},
    {.bitmap_index = 1935, .adv_w = 267, .box_w = 16, .box_h = 19, .ofs_x = 0, .ofs_y = 0},
    {.bitmap_index = 2087, .adv_w = 267, .box_w = 15, .box_h = 19, .ofs_x = 1, .ofs_y = 0},
    {.bitmap_index = 2230, .adv_w = 267, .box_w = 15, .box_h = 19, .ofs_x = 1, .ofs_y = 0},
    {.bitmap_index = 2373, .adv_w = 267, .box_w = 15, .box_h = 19, .ofs_x = 1, .ofs_y = 0},
    {.bitmap_index = 2516, .adv_w = 267, .box_w = 15, .box_h = 19, .ofs_x = 1, .ofs_y = 0},
    {.bitmap_index = 2659, .adv_w = 267, .box_w = 15, .box_h = 19, .ofs_x = 1, .ofs_y = 0},
    {.bitmap_index = 2802, .adv_w = 150, .box_w = 5, .box_h = 15, .ofs_x = 2, .ofs_y = 0},
    {.bitmap_index = 2840, .adv_w = 150, .box_w = 5, .box_h = 20, .ofs_x = 2, .ofs_y = -5},
    {.bitmap_index = 2890, .adv_w = 287, .box_w = 15, .box_h = 15, .ofs_x = 1, .ofs_y = 0},
    {.bitmap_index = 3003, .adv_w = 287, .box_w = 14, .box_h = 9, .ofs_x = 2, .ofs_y = 3},
    {.bitmap_index = 3066, .adv_w = 287, .box_w = 15, .box_h = 15, .ofs_x = 2, .ofs_y = 0},
    {.bitmap_index = 3179, .adv_w = 275, .box_w = 15, .box_h = 19, .ofs_x = 1, .ofs_y = 0},
    {.bitmap_index = 3322, .adv_w = 448, .box_w = 26, .box_h = 23, .ofs_x = 1, .ofs_y = -4},
    {.bitmap_index = 3621, .adv_w = 324, .box_w = 21, .box_h = 19, .ofs_x = 0, .ofs_y = 0},
    {.bitmap_index = 3821, .adv_w = 323, .box_w = 17, .box_h = 19, .ofs_x = 2, .ofs_y = 0},
    {.bitmap_index = 3983, .adv_w = 328, .box_w = 19, .box_h = 19, .ofs_x = 1, .ofs_y = 0},
    {.bitmap_index = 4164, .adv_w = 331, .box_w = 18, .box_h = 19, .ofs_x = 2, .ofs_y = 0},
    {.bitmap_index = 4335, .adv_w = 306, .box_w = 16, .box_h = 19, .ofs_x = 2, .ofs_y = 0},
    {.bitmap_index = 4487, .adv_w = 279, .box_w = 15, .box_h = 19, .ofs_x = 2, .ofs_y = 0},
    {.bitmap_index = 4630, .adv_w = 359, .box_w = 20, .box_h = 19, .ofs_x = 1, .ofs_y = 0},
    {.bitmap_index = 4820, .adv_w = 338, .box_w = 17, .box_h = 19, .ofs_x = 2, .ofs_y = 0},
    {.bitmap_index = 4982, .adv_w = 135, .box_w = 5, .box_h = 19, .ofs_x = 2, .ofs_y = 0},
    {.bitmap_index = 5030, .adv_w = 270, .box_w = 15, .box_h = 19, .ofs_x = 0, .ofs_y = 0},
    {.bitmap_index = 5173, .adv_w = 325, .box_w = 18, .box_h = 19, .ofs_x = 2, .ofs_y = 0},
    {.bitmap_index = 5344, .adv_w = 265, .box_w = 14, .box_h = 19, .ofs_x = 2, .ofs_y = 0},
    {.bitmap_index = 5477, .adv_w = 391, .box_w = 21, .box_h = 19, .ofs_x = 2, .ofs_y = 0},
    {.bitmap_index = 5677, .adv_w = 338, .box_w = 17, .box_h = 19, .ofs_x = 2, .ofs_y = 0},
    {.bitmap_index = 5839, .adv_w = 355, .box_w = 20, .box_h = 19, .ofs_x = 1, .ofs_y = 0},
    {.bitmap_index = 6029, .adv_w = 305, .box_w = 17, .box_h = 19, .ofs_x = 2, .ofs_y = 0},
    {.bitmap_index = 6191, .adv_w = 355, .box_w = 20, .box_h = 23, .ofs_x = 1, .ofs_y = -4},
    {.bitmap_index = 6421, .adv_w = 327, .box_w = 18, .box_h = 19, .ofs_x = 2, .ofs_y = 0},
    {.bitmap_index = 6592, .adv_w = 304, .box_w = 17, .box_h = 19, .ofs_x = 1, .ofs_y = 0},
    {.bitmap_index = 6754, .adv_w = 287, .box_w = 18, .box_h = 19, .ofs_x = 0, .ofs_y = 0},
    {.bitmap_index = 6925, .adv_w = 335, .box_w = 17, .box_h = 19, .ofs_x = 2, .ofs_y = 0},
    {.bitmap_index = 7087, .adv_w = 311, .box_w = 20, .box_h = 19, .ofs_x = 0, .ofs_y = 0},
    {.bitmap_index = 7277, .adv_w = 432, .box_w = 27, .box_h = 19, .ofs_x = 0, .ofs_y = 0},
    {.bitmap_index = 7534, .adv_w = 316, .box_w = 20, .box_h = 19, .ofs_x = 0, .ofs_y = 0},
    {.bitmap_index = 7724, .adv_w = 313, .box_w = 20, .box_h = 19, .ofs_x = 0, .ofs_y = 0},
    {.bitmap_index = 7914, .adv_w = 293, .box_w = 18, .box_h = 19, .ofs_x = 0, .ofs_y = 0},
    {.bitmap_index = 8085, .adv_w = 157, .box_w = 8, .box_h = 25, .ofs_x = 2, .ofs_y = -5},
    {.bitmap_index = 8185, .adv_w = 134, .box_w = 9, .box_h = 22, .ofs_x = 0, .ofs_y = -2},
    {.bitmap_index = 8284, .adv_w = 157, .box_w = 7, .box_h = 25, .ofs_x = 0, .ofs_y = -5},
    {.bitmap_index = 8372, .adv_w = 287, .box_w = 14, .box_h = 11, .ofs_x = 2, .ofs_y = 8},
    {.bitmap_index = 8449, .adv_w = 232, .box_w = 15, .box_h = 3, .ofs_x = 0, .ofs_y = -4},
    {.bitmap_index = 8472, .adv_w = 102, .box_w = 7, .box_h = 4, .ofs_x = 0, .ofs_y = 16},
    {.bitmap_index = 8486, .adv_w = 260, .box_w = 17, .box_h = 15, .ofs_x = 0, .ofs_y = 0},
    {.bitmap_index = 8614, .adv_w = 272, .box_w = 15, .box_h = 20, .ofs_x = 1, .ofs_y = 0},
    {.bitmap_index = 8764, .adv_w = 257, .box_w = 14, .box_h = 15, .ofs_x = 1, .ofs_y = 0},
    {.bitmap_index = 8869, .adv_w = 272, .box_w = 15, .box_h = 20, .ofs_x = 1, .ofs_y = 0},
    {.bitmap_index = 9019, .adv_w = 262, .box_w = 15, .box_h = 15, .ofs_x = 1, .ofs_y = 0},
    {.bitmap_index = 9132, .adv_w = 146, .box_w = 10, .box_h = 20, .ofs_x = 0, .ofs_y = 0},
    {.bitmap_index = 9232, .adv_w = 272, .box_w = 17, .box_h = 23, .ofs_x = 0, .ofs_y = -5},
    {.bitmap_index = 9428, .adv_w = 270, .box_w = 15, .box_h = 20, .ofs_x = 1, .ofs_y = 0},
    {.bitmap_index = 9578, .adv_w = 120, .box_w = 5, .box_h = 20, .ofs_x = 1, .ofs_y = 0},
    {.bitmap_index = 9628, .adv_w = 118, .box_w = 7, .box_h = 25, .ofs_x = -1, .ofs_y = -5},
    {.bitmap_index = 9716, .adv_w = 255, .box_w = 15, .box_h = 20, .ofs_x = 1, .ofs_y = 0},
    {.bitmap_index = 9866, .adv_w = 120, .box_w = 5, .box_h = 20, .ofs_x = 1, .ofs_y = 0},
    {.bitmap_index = 9916, .adv_w = 399, .box_w = 23, .box_h = 15, .ofs_x = 1, .ofs_y = 0},
    {.bitmap_index = 10089, .adv_w = 270, .box_w = 15, .box_h = 15, .ofs_x = 1, .ofs_y = 0},
    {.bitmap_index = 10202, .adv_w = 275, .box_w = 16, .box_h = 15, .ofs_x = 1, .ofs_y = 0},
    {.bitmap_index = 10322, .adv_w = 272, .box_w = 15, .box_h = 20, .ofs_x = 1, .ofs_y = -5},
    {.bitmap_index = 10472, .adv_w = 272, .box_w = 15, .box_h = 20, .ofs_x = 1, .ofs_y = -5},
    {.bitmap_index = 10622, .adv_w = 170, .box_w = 10, .box_h = 15, .ofs_x = 1, .ofs_y = 0},
    {.bitmap_index = 10697, .adv_w = 249, .box_w = 14, .box_h = 15, .ofs_x = 1, .ofs_y = 0},
    {.bitmap_index = 10802, .adv_w = 153, .box_w = 9, .box_h = 19, .ofs_x = 0, .ofs_y = 0},
    {.bitmap_index = 10888, .adv_w = 269, .box_w = 15, .box_h = 15, .ofs_x = 1, .ofs_y = 0},
    {.bitmap_index = 11001, .adv_w = 245, .box_w = 16, .box_h = 15, .ofs_x = 0, .ofs_y = 0},
    {.bitmap_index = 11121, .adv_w = 358, .box_w = 23, .box_h = 15, .ofs_x = 0, .ofs_y = 0},
    {.bitmap_index = 11294, .adv_w = 256, .box_w = 16, .box_h = 15, .ofs_x = 0, .ofs_y = 0},
    {.bitmap_index = 11414, .adv_w = 245, .box_w = 16, .box_h = 20, .ofs_x = 0, .ofs_y = -5},
    {.bitmap_index = 11574, .adv_w = 233, .box_w = 14, .box_h = 15, .ofs_x = 0, .ofs_y = 0},
    {.bitmap_index = 11679, .adv_w = 176, .box_w = 9, .box_h = 25, .ofs_x = 1, .ofs_y = -5},
    {.bitmap_index = 11792, .adv_w = 113, .box_w = 3, .box_h = 26, .ofs_x = 2, .ofs_y = -6},
    {.bitmap_index = 11831, .adv_w = 176, .box_w = 9, .box_h = 25, .ofs_x = 1, .ofs_y = -5},
    {.bitmap_index = 11944, .adv_w = 287, .box_w = 16, .box_h = 7, .ofs_x = 1, .ofs_y = 5},
    {.bitmap_index = 12000, .adv_w = 88, .box_w = 0, .box_h = 0, .ofs_x = 0, .ofs_y = 0},
    {.bitmap_index = 12000, .adv_w = 135, .box_w = 5, .box_h = 20, .ofs_x = 2, .ofs_y = -5},
    {.bitmap_index = 12050, .adv_w = 267, .box_w = 15, .box_h = 22, .ofs_x = 1, .ofs_y = -2},
    {.bitmap_index = 12215, .adv_w = 268, .box_w = 16, .box_h = 19, .ofs_x = 0, .ofs_y = 0},
    {.bitmap_index = 12367, .adv_w = 267, .box_w = 15, .box_h = 16, .ofs_x = 1, .ofs_y = 2},
    {.bitmap_index = 12487, .adv_w = 267, .box_w = 17, .box_h = 19, .ofs_x = 0, .ofs_y = 0},
    {.bitmap_index = 12649, .adv_w = 113, .box_w = 3, .box_h = 26, .ofs_x = 2, .ofs_y = -6},
    {.bitmap_index = 12688, .adv_w = 268, .box_w = 15, .box_h = 24, .ofs_x = 1, .ofs_y = -5},
    {.bitmap_index = 12868, .adv_w = 146, .box_w = 10, .box_h = 4, .ofs_x = 0, .ofs_y = 17},
    {.bitmap_index = 12888, .adv_w = 346, .box_w = 21, .box_h = 20, .ofs_x = 0, .ofs_y = 0},
    {.bitmap_index = 13098, .adv_w = 178, .box_w = 11, .box_h = 10, .ofs_x = 0, .ofs_y = 9},
    {.bitmap_index = 13153, .adv_w = 258, .box_w = 14, .box_h = 12, .ofs_x = 1, .ofs_y = 3},
    {.bitmap_index = 13237, .adv_w = 287, .box_w = 15, .box_h = 9, .ofs_x = 1, .ofs_y = 5},
    {.bitmap_index = 13305, .adv_w = 149, .box_w = 8, .box_h = 4, .ofs_x = 1, .ofs_y = 6},
    {.bitmap_index = 13321, .adv_w = 346, .box_w = 21, .box_h = 20, .ofs_x = 0, .ofs_y = 0},
    {.bitmap_index = 13531, .adv_w = 138, .box_w = 9, .box_h = 3, .ofs_x = 0, .ofs_y = 17},
    {.bitmap_index = 13545, .adv_w = 179, .box_w = 9, .box_h = 9, .ofs_x = 1, .ofs_y = 11},
    {.bitmap_index = 13586, .adv_w = 287, .box_w = 14, .box_h = 19, .ofs_x = 2, .ofs_y = 0},
    {.bitmap_index = 13719, .adv_w = 166, .box_w = 8, .box_h = 10, .ofs_x = 1, .ofs_y = 12},
    {.bitmap_index = 13759, .adv_w = 166, .box_w = 8, .box_h = 10, .ofs_x = 1, .ofs_y = 12},
    {.bitmap_index = 13799, .adv_w = 102, .box_w = 7, .box_h = 4, .ofs_x = 0, .ofs_y = 16},
    {.bitmap_index = 13813, .adv_w = 271, .box_w = 15, .box_h = 20, .ofs_x = 1, .ofs_y = -5},
    {.bitmap_index = 13963, .adv_w = 276, .box_w = 16, .box_h = 24, .ofs_x = 1, .ofs_y = -5},
    {.bitmap_index = 14155, .adv_w = 149, .box_w = 5, .box_h = 4, .ofs_x = 2, .ofs_y = 8},
    {.bitmap_index = 14165, .adv_w = 106, .box_w = 7, .box_h = 6, .ofs_x = 0, .ofs_y = -5},
    {.bitmap_index = 14186, .adv_w = 166, .box_w = 8, .box_h = 10, .ofs_x = 1, .ofs_y = 12},
    {.bitmap_index = 14226, .adv_w = 176, .box_w = 11, .box_h = 10, .ofs_x = 0, .ofs_y = 9},
    {.bitmap_index = 14281, .adv_w = 258, .box_w = 14, .box_h = 12, .ofs_x = 1, .ofs_y = 3},
    {.bitmap_index = 14365, .adv_w = 397, .box_w = 22, .box_h = 21, .ofs_x = 1, .ofs_y = -1},
    {.bitmap_index = 14596, .adv_w = 397, .box_w = 22, .box_h = 21, .ofs_x = 1, .ofs_y = -1},
    {.bitmap_index = 14827, .adv_w = 397, .box_w = 22, .box_h = 21, .ofs_x = 1, .ofs_y = -1},
    {.bitmap_index = 15058, .adv_w = 275, .box_w = 15, .box_h = 20, .ofs_x = 1, .ofs_y = -5},
    {.bitmap_index = 15208, .adv_w = 324, .box_w = 21, .box_h = 24, .ofs_x = 0, .ofs_y = 0},
    {.bitmap_index = 15460, .adv_w = 324, .box_w = 21, .box_h = 24, .ofs_x = 0, .ofs_y = 0},
    {.bitmap_index = 15712, .adv_w = 324, .box_w = 21, .box_h = 24, .ofs_x = 0, .ofs_y = 0},
    {.bitmap_index = 15964, .adv_w = 324, .box_w = 21, .box_h = 25, .ofs_x = 0, .ofs_y = 0},
    {.bitmap_index = 16227, .adv_w = 324, .box_w = 21, .box_h = 25, .ofs_x = 0, .ofs_y = 0},
    {.bitmap_index = 16490, .adv_w = 324, .box_w = 21, .box_h = 26, .ofs_x = 0, .ofs_y = 0},
    {.bitmap_index = 16763, .adv_w = 450, .box_w = 28, .box_h = 19, .ofs_x = -1, .ofs_y = 0},
    {.bitmap_index = 17029, .adv_w = 328, .box_w = 19, .box_h = 24, .ofs_x = 1, .ofs_y = -5},
    {.bitmap_index = 17257, .adv_w = 306, .box_w = 16, .box_h = 24, .ofs_x = 2, .ofs_y = 0},
    {.bitmap_index = 17449, .adv_w = 306, .box_w = 16, .box_h = 24, .ofs_x = 2, .ofs_y = 0},
    {.bitmap_index = 17641, .adv_w = 306, .box_w = 16, .box_h = 24, .ofs_x = 2, .ofs_y = 0},
    {.bitmap_index = 17833, .adv_w = 306, .box_w = 16, .box_h = 25, .ofs_x = 2, .ofs_y = 0},
    {.bitmap_index = 18033, .adv_w = 135, .box_w = 8, .box_h = 24, .ofs_x = -1, .ofs_y = 0},
    {.bitmap_index = 18129, .adv_w = 135, .box_w = 7, .box_h = 24, .ofs_x = 2, .ofs_y = 0},
    {.bitmap_index = 18213, .adv_w = 135, .box_w = 11, .box_h = 24, .ofs_x = -1, .ofs_y = 0},
    {.bitmap_index = 18345, .adv_w = 135, .box_w = 10, .box_h = 25, .ofs_x = -1, .ofs_y = 0},
    {.bitmap_index = 18470, .adv_w = 331, .box_w = 20, .box_h = 19, .ofs_x = 0, .ofs_y = 0},
    {.bitmap_index = 18660, .adv_w = 338, .box_w = 17, .box_h = 25, .ofs_x = 2, .ofs_y = 0},
    {.bitmap_index = 18873, .adv_w = 355, .box_w = 20, .box_h = 25, .ofs_x = 1, .ofs_y = 0},
    {.bitmap_index = 19123, .adv_w = 355, .box_w = 20, .box_h = 25, .ofs_x = 1, .ofs_y = 0},
    {.bitmap_index = 19373, .adv_w = 355, .box_w = 20, .box_h = 25, .ofs_x = 1, .ofs_y = 0},
    {.bitmap_index = 19623, .adv_w = 355, .box_w = 20, .box_h = 25, .ofs_x = 1, .ofs_y = 0},
    {.bitmap_index = 19873, .adv_w = 355, .box_w = 20, .box_h = 25, .ofs_x = 1, .ofs_y = 0},
    {.bitmap_index = 20123, .adv_w = 287, .box_w = 14, .box_h = 14, .ofs_x = 2, .ofs_y = 0},
    {.bitmap_index = 20221, .adv_w = 355, .box_w = 20, .box_h = 21, .ofs_x = 1, .ofs_y = -1},
    {.bitmap_index = 20431, .adv_w = 335, .box_w = 17, .box_h = 25, .ofs_x = 2, .ofs_y = 0},
    {.bitmap_index = 20644, .adv_w = 335, .box_w = 17, .box_h = 25, .ofs_x = 2, .ofs_y = 0},
    {.bitmap_index = 20857, .adv_w = 335, .box_w = 17, .box_h = 25, .ofs_x = 2, .ofs_y = 0},
    {.bitmap_index = 21070, .adv_w = 335, .box_w = 17, .box_h = 25, .ofs_x = 2, .ofs_y = 0},
    {.bitmap_index = 21283, .adv_w = 313, .box_w = 20, .box_h = 24, .ofs_x = 0, .ofs_y = 0},
    {.bitmap_index = 21523, .adv_w = 312, .box_w = 17, .box_h = 19, .ofs_x = 2, .ofs_y = 0},
    {.bitmap_index = 21685, .adv_w = 284, .box_w = 15, .box_h = 20, .ofs_x = 2, .ofs_y = 0},
    {.bitmap_index = 21835, .adv_w = 260, .box_w = 17, .box_h = 20, .ofs_x = 0, .ofs_y = 0},
    {.bitmap_index = 22005, .adv_w = 260, .box_w = 17, .box_h = 20, .ofs_x = 0, .ofs_y = 0},
    {.bitmap_index = 22175, .adv_w = 260, .box_w = 17, .box_h = 20, .ofs_x = 0, .ofs_y = 0},
    {.bitmap_index = 22345, .adv_w = 260, .box_w = 17, .box_h = 20, .ofs_x = 0, .ofs_y = 0},
    {.bitmap_index = 22515, .adv_w = 260, .box_w = 17, .box_h = 20, .ofs_x = 0, .ofs_y = 0},
    {.bitmap_index = 22685, .adv_w = 260, .box_w = 17, .box_h = 22, .ofs_x = 0, .ofs_y = 0},
    {.bitmap_index = 22872, .adv_w = 412, .box_w = 25, .box_h = 15, .ofs_x = 0, .ofs_y = 0},
    {.bitmap_index = 23060, .adv_w = 257, .box_w = 14, .box_h = 20, .ofs_x = 1, .ofs_y = -5},
    {.bitmap_index = 23200, .adv_w = 262, .box_w = 15, .box_h = 20, .ofs_x = 1, .ofs_y = 0},
    {.bitmap_index = 23350, .adv_w = 262, .box_w = 15, .box_h = 20, .ofs_x = 1, .ofs_y = 0},
    {.bitmap_index = 23500, .adv_w = 262, .box_w = 15, .box_h = 20, .ofs_x = 1, .ofs_y = 0},
    {.bitmap_index = 23650, .adv_w = 262, .box_w = 15, .box_h = 20, .ofs_x = 1, .ofs_y = 0},
    {.bitmap_index = 23800, .adv_w = 120, .box_w = 7, .box_h = 20, .ofs_x = -1, .ofs_y = 0},
    {.bitmap_index = 23870, .adv_w = 120, .box_w = 8, .box_h = 20, .ofs_x = 1, .ofs_y = 0},
    {.bitmap_index = 23950, .adv_w = 120, .box_w = 11, .box_h = 20, .ofs_x = -2, .ofs_y = 0},
    {.bitmap_index = 24060, .adv_w = 120, .box_w = 10, .box_h = 20, .ofs_x = -1, .ofs_y = 0},
    {.bitmap_index = 24160, .adv_w = 280, .box_w = 16, .box_h = 20, .ofs_x = 1, .ofs_y = 0},
    {.bitmap_index = 24320, .adv_w = 270, .box_w = 15, .box_h = 20, .ofs_x = 1, .ofs_y = 0},
    {.bitmap_index = 24470, .adv_w = 275, .box_w = 16, .box_h = 20, .ofs_x = 1, .ofs_y = 0},
    {.bitmap_index = 24630, .adv_w = 275, .box_w = 16, .box_h = 20, .ofs_x = 1, .ofs_y = 0},
    {.bitmap_index = 24790, .adv_w = 275, .box_w = 16, .box_h = 20, .ofs_x = 1, .ofs_y = 0},
    {.bitmap_index = 24950, .adv_w = 275, .box_w = 16, .box_h = 20, .ofs_x = 1, .ofs_y = 0},
    {.bitmap_index = 25110, .adv_w = 275, .box_w = 16, .box_h = 20, .ofs_x = 1, .ofs_y = 0},
    {.bitmap_index = 25270, .adv_w = 287, .box_w = 14, .box_h = 15, .ofs_x = 2, .ofs_y = 0},
    {.bitmap_index = 25375, .adv_w = 275, .box_w = 16, .box_h = 18, .ofs_x = 1, .ofs_y = -1},
    {.bitmap_index = 25519, .adv_w = 269, .box_w = 15, .box_h = 20, .ofs_x = 1, .ofs_y = 0},
    {.bitmap_index = 25669, .adv_w = 269, .box_w = 15, .box_h = 20, .ofs_x = 1, .ofs_y = 0},
    {.bitmap_index = 25819, .adv_w = 269, .box_w = 15, .box_h = 20, .ofs_x = 1, .ofs_y = 0},
    {.bitmap_index = 25969, .adv_w = 269, .box_w = 15, .box_h = 20, .ofs_x = 1, .ofs_y = 0},
    {.bitmap_index = 26119, .adv_w = 245, .box_w = 16, .box_h = 25, .ofs_x = 0, .ofs_y = -5},
    {.bitmap_index = 26319, .adv_w = 272, .box_w = 15, .box_h = 25, .ofs_x = 1, .ofs_y = -5},
    {.bitmap_index = 26507, .adv_w = 245, .box_w = 16, .box_h = 25, .ofs_x = 0, .ofs_y = -5},
    {.bitmap_index = 26707, .adv_w = 198, .box_w = 9, .box_h = 8, .ofs_x = 2, .ofs_y = 6}
};

/*---------------------
 *  CHARACTER MAPPING
 *--------------------*/



/*Collect the unicode lists and glyph_id offsets*/
static const lv_font_fmt_txt_cmap_t cmaps[] =
{
    {
        .range_start = 32, .range_length = 95, .glyph_id_start = 1,
        .unicode_list = NULL, .glyph_id_ofs_list = NULL, .list_length = 0, .type = LV_FONT_FMT_TXT_CMAP_FORMAT0_TINY
    },
    {
        .range_start = 160, .range_length = 96, .glyph_id_start = 96,
        .unicode_list = NULL, .glyph_id_ofs_list = NULL, .list_length = 0, .type = LV_FONT_FMT_TXT_CMAP_FORMAT0_TINY
    },
    {
        .range_start = 8226, .range_length = 1, .glyph_id_start = 192,
        .unicode_list = NULL, .glyph_id_ofs_list = NULL, .list_length = 0, .type = LV_FONT_FMT_TXT_CMAP_FORMAT0_TINY
    }
};

/*-----------------
 *    KERNING
 *----------------*/


/*Map glyph_ids to kern left classes*/
static const uint8_t kern_left_class_mapping[] =
{
    0, 1, 0, 2, 0, 0, 0, 0,
    2, 0, 0, 0, 0, 0, 3, 0,
    4, 5, 6, 7, 8, 8, 8, 9,
    10, 11, 8, 0, 0, 0, 0, 0,
    0, 0, 12, 13, 14, 15, 4, 16,
    17, 0, 0, 0, 18, 19, 0, 0,
    15, 20, 15, 21, 22, 23, 24, 25,
    25, 26, 27, 28, 0, 29, 0, 0,
    0, 0, 0, 30, 0, 0, 31, 32,
    0, 0, 0, 0, 33, 0, 0, 0,
    30, 30, 0, 34, 35, 36, 0, 37,
    37, 38, 37, 39, 0, 0, 0, 0,
    0, 0, 0, 0, 0, 0, 0, 0,
    0, 0, 0, 0, 0, 3, 0, 0,
    0, 0, 0, 0, 40, 0, 0, 41,
    0, 0, 0, 42, 0, 0, 0, 43,
    12, 12, 12, 12, 12, 12, 4, 14,
    4, 4, 4, 4, 0, 0, 0, 0,
    15, 0, 15, 15, 15, 15, 15, 0,
    15, 24, 24, 24, 24, 27, 20, 0,
    0, 0, 0, 0, 0, 0, 31, 0,
    31, 31, 31, 31, 0, 0, 0, 0,
    30, 0, 30, 30, 30, 30, 30, 0,
    30, 0, 0, 0, 0, 37, 30, 37,
    41
};

/*Map glyph_ids to kern right classes*/
static const uint8_t kern_right_class_mapping[] =
{
    0, 1, 0, 2, 0, 0, 0, 0,
    2, 0, 3, 4, 0, 5, 6, 5,
    7, 8, 8, 8, 8, 9, 8, 8,
    10, 11, 12, 13, 13, 0, 0, 0,
    14, 0, 15, 0, 16, 0, 0, 0,
    16, 0, 0, 17, 0, 0, 0, 0,
    16, 0, 16, 0, 18, 19, 20, 21,
    21, 22, 23, 24, 0, 0, 10, 0,
    0, 0, 25, 0, 26, 26, 26, 27,
    28, 0, 0, 0, 0, 0, 29, 29,
    26, 29, 26, 29, 30, 31, 32, 33,
    33, 34, 35, 36, 0, 0, 37, 0,
    0, 0, 0, 0, 0, 0, 0, 0,
    0, 0, 4, 38, 0, 6, 0, 0,
    39, 0, 0, 0, 40, 29, 0, 41,
    0, 0, 4, 42, 0, 0, 0, 0,
    15, 15, 15, 15, 15, 15, 15, 16,
    0, 0, 0, 0, 0, 0, 0, 0,
    0, 0, 16, 16, 16, 16, 16, 0,
    16, 20, 20, 20, 20, 23, 0, 0,
    25, 25, 25, 25, 25, 25, 25, 26,
    26, 26, 26, 26, 0, 0, 0, 0,
    26, 29, 26, 26, 26, 26, 26, 0,
    26, 32, 32, 32, 32, 33, 0, 33,
    41
};

/*Kern values between classes*/
static const int8_t kern_class_values[] =
{
    0, 0, 0, 0, 0, 0, 0, 0,
    0, 0, 0, 0, 0, 0, 0, 0,
    0, 0, 0, 0, 0, 0, -22, 0,
    0, 0, 0, 0, 0, 0, 0, 0,
    0, 0, 0, 0, 0, 0, 0, 0,
    0, 0, 0, 0, 0, 0, -22, 0,
    0, 0, -4, 0, 0, 0, 0, 0,
    -46, 0, -45, 0, 0, 0, 0, 0,
    0, 0, 0, -5, 0, 0, 0, 0,
    0, 0, 0, 0, 0, 0, 0, 0,
    0, 0, 0, 0, 0, 0, 0, 0,
    0, 0, 0, 18, 18, 0, 13, 9,
    0, 0, 0, 0, 0, 0, 0, 0,
    -23, -22, -64, 0, 0, 0, 0, 0,
    0, 0, 0, 0, 0, -13, 0, 0,
    0, 0, 0, 0, 0, 0, 0, 0,
    0, 0, 0, 0, 0, 0, 0, 0,
    0, 0, 0, 0, 0, 0, -9, 0,
    0, 0, 0, 0, 0, 0, 0, 0,
    0, 0, 0, 0, 0, 0, 0, 0,
    0, 0, 0, 0, 0, 0, 0, 0,
    0, 0, 0, 0, 0, 18, 0, 0,
    0, 0, 0, 0, 0, 0, 0, 0,
    0, 0, 0, 0, 0, 0, 0, 0,
    0, 0, 0, 0, 0, 0, 0, 0,
    0, 0, 0, 0, 0, 0, 0, 13,
    0, 0, 0, -8, 0, 0, 0, 18,
    0, 0, 0, 0, 0, 0, 0, 0,
    0, 0, 0, 0, 0, 0, 0, 0,
    0, 0, 0, 0, 0, 0, 0, 0,
    0, 0, 0, 0, 0, 0, 0, 0,
    0, 0, 0, 0, 0, 0, 0, 0,
    0, 4, 0, 0, 0, 0, 0, 0,
    0, 0, 0, 0, 0, 0, 0, 0,
    0, 0, 0, 0, 0, 0, 0, 0,
    0, 0, 0, 0, 0, 0, 0, 0,
    0, 0, 0, 0, 0, 0, 0, 0,
    0, 0, 0, 18, 0, 0, 0, 0,
    0, 0, 0, 0, 0, 0, 0, 0,
    0, 0, 0, 0, 0, 0, 0, 0,
    0, 0, 0, 0, 0, 0, 0, 0,
    0, 0, 0, 0, 0, 0, 0, 0,
    0, 0, 0, 0, 0, 9, 0, 0,
    0, 0, 0, 0, 0, 0, 0, 0,
    0, 0, 0, 0, 0, 0, 0, 0,
    0, 0, 0, 0, 0, 0, 0, 0,
    0, 0, 0, 0, 0, 0, 0, 0,
    0, 0, 0, 0, -4, 0, -54, -18,
    0, 0, 0, -4, 0, 0, 0, 0,
    0, 0, 0, 0, 0, 0, 0, 0,
    0, 0, 0, 0, 0, 0, 0, 0,
    0, 0, 0, 0, 0, 0, -4, -2,
    0, 0, 0, 0, 0, 0, 0, 0,
    0, 13, 0, 0, 0, 0, 0, 0,
    0, 0, 0, 0, 0, 0, 0, 0,
    0, 0, 0, 0, 0, 0, 0, 0,
    0, 0, 0, 0, 0, 0, 0, 0,
    0, 0, 0, 0, 0, 0, 0, -46,
    0, -36, 0, 0, 13, 0, 0, 0,
    0, 0, 0, -13, 0, -7, 0, 0,
    -38, -7, -17, -12, -37, 0, 0, 0,
    0, 0, 0, 0, 0, -5, -10, -4,
    -12, 0, 0, 0, -49, 0, 0, 0,
    0, 0, 0, 0, 0, 0, 0, 0,
    0, 0, 0, 0, 0, 0, 0, 0,
    0, 0, 0, 0, -4, -4, -7, 0,
    0, 0, 0, 0, 0, 0, 0, 0,
    0, 0, 0, 0, 0, 0, 0, 0,
    0, 0, 0, 0, 0, 0, 0, 0,
    0, 0, 0, 0, 0, 0, 0, 0,
    -2, 0, 0, 0, -9, 0, -3, -5,
    -5, -2, 0, 0, 0, 0, 0, 0,
    0, 0, 0, 0, 0, 0, 0, 0,
    0, 0, 0, 0, 0, -5, 0, 0,
    -13, 0, 0, 0, 0, 0, 0, 0,
    -4, 0, -7, 0, 0, 0, -12, 0,
    -7, -8, -8, -4, 0, 0, 0, 0,
    0, 0, 0, 0, 0, 0, 0, 0,
    0, 0, 0, 0, 0, 0, -13, 0,
    0, 0, -27, -9, 0, 0, 0, 0,
    0, 0, -4, 0, -25, 0, -37, 0,
    0, 0, 0, -14, -14, -17, -14, -14,
    0, 0, 0, 0, 0, 0, 0, 0,
    0, 0, 0, 0, 0, 0, 0, 0,
    0, 0, 0, 0, 0, 0, 0, 0,
    0, 0, 0, 0, 0, 0, 0, 0,
    0, 0, 0, 0, -2, 0, 0, 0,
    0, 0, 0, 0, 0, 0, 0, 0,
    0, 0, 0, 0, 0, 0, 0, 0,
    0, 0, -21, -8, 0, -13, 0, -31,
    13, 0, 0, 0, 0, 0, 0, 0,
    -22, -25, -19, 0, -13, 0, -30, -9,
    -30, -4, -18, -18, 0, 0, 0, 0,
    0, -18, -26, 0, -26, 0, 0, -53,
    -9, 0, -36, 0, 0, -45, 0, -40,
    0, -31, 13, 0, 0, 0, 0, 0,
    0, -22, 0, -13, -9, 0, -42, -16,
    -39, -83, -57, -9, 0, 0, 0, 0,
    0, 0, 0, 0, -18, -9, -18, 0,
    0, -40, -118, 0, -67, -17, -22, 0,
    0, 0, -40, 0, 0, 0, 0, 0,
    0, 0, 0, 0, -22, 0, -31, 0,
    -8, 0, 0, -17, -12, -13, -5, -5,
    0, 0, 0, 0, 0, 0, 0, 0,
    0, 0, 0, 0, 0, 0, 0, 0,
    0, 0, 0, 0, 0, 0, 0, 0,
    0, 0, 0, 0, 0, 0, 0, -2,
    -13, 0, -8, -4, -4, -9, -9, 0,
    -5, -5, 0, 0, 0, 0, 0, -5,
    -4, 0, -4, 0, 0, -4, 0, 0,
    0, 0, 0, 0, 0, 0, 0, 0,
    0, 0, 0, 0, 0, 0, 0, 0,
    0, 0, 0, 0, 0, 0, 0, 0,
    -20, 0, 0, 0, 0, 0, 0, 0,
    0, 0, 0, 0, 0, 0, 0, 0,
    0, 0, 0, 0, 0, 0, 0, 0,
    -22, 0, -18, 0, 0, 0, 0, 0,
    -9, 0, -38, -12, -50, 0, 0, 0,
    0, -9, -9, -9, -36, -36, 0, 0,
    -31, -36, -18, -31, -13, -13, -13, -13,
    0, -22, 0, 0, 0, 0, 0, 0,
    0, 0, 0, 0, 0, 0, 0, 0,
    0, 0, 0, 0, -7, 0, 0, 0,
    0, 0, 0, 0, 0, 0, 0, 0,
    0, 0, 0, 0, 0, 0, 0, 0,
    0, 0, 0, 0, 0, 0, 0, 0,
    0, 0, 0, 0, -64, -23, 0, 0,
    0, 0, 0, 0, -4, 0, -17, -7,
    -41, 0, 0, 0, 0, -9, -9, 0,
    -23, -23, 0, 0, -8, -19, 0, -19,
    -9, -13, -9, -13, 0, 0, 0, 0,
    0, 0, 0, 0, 0, 0, 0, -22,
    0, 0, 0, 0, 0, 0, 0, 0,
    -12, -8, 0, 0, -9, 0, -9, 0,
    -13, -9, -7, -7, 0, 0, 0, -7,
    -20, -9, -18, -18, -18, -9, 0, -9,
    -13, 0, -22, 0, -22, 0, 0, 0,
    -90, -64, -18, 0, 0, 0, 0, 0,
    -23, 0, -37, -8, -58, -20, -9, 0,
    -9, -13, 0, 0, -46, -46, -29, -40,
    -28, -42, -19, -33, -23, -28, 0, -30,
    0, -13, -13, 0, -22, 0, 0, 0,
    0, 0, 0, -39, 0, 0, 0, 0,
    0, 0, 0, 0, 0, -4, 0, 0,
    -9, 0, 0, -9, 0, 0, 0, 0,
    0, 0, 0, 0, 0, 0, 0, 0,
    0, 0, 0, 0, 0, 0, 0, 0,
    0, 0, 0, 0, 0, 0, 0, 0,
    0, -9, 0, 0, 0, 0, 9, 0,
    0, 0, 0, 0, 0, 0, -18, 0,
    0, 0, 0, 0, 0, 0, 0, 0,
    0, 0, 0, 0, 0, 0, 0, 0,
    0, 0, 0, -5, 0, 0, 0, 0,
    0, 0, 0, 0, 0, 0, 0, 0,
    0, 0, 0, 0, 0, 0, 0, 0,
    0, 0, 0, 0, 0, 0, 0, 0,
    0, 0, 0, -13, 0, -9, 0, 0,
    0, 0, 0, 0, 0, -5, 0, 0,
    0, 0, 0, 0, 0, 0, 0, 0,
    0, 0, 0, 0, 0, 0, 0, 0,
    0, 0, 0, 0, 0, 0, 0, 0,
    0, 0, 0, 0, 0, -2, 0, 0,
    0, 0, 0, 0, 0, 0, 0, 4,
    13, 4, -18, -4, 0, 0, 0, 13,
    0, 0, -4, 9, 0, 0, 0, 0,
    0, 0, 0, 0, 0, 0, -2, -2,
    0, 0, 0, 0, 0, 0, 0, 0,
    0, 0, 13, 0, 0, 9, 0, 0,
    -13, 0, 0, 0, 0, -23, 0, 0,
    0, 0, 0, 0, 0, 0, 0, 0,
    0, 0, 0, 0, 0, 0, 0, 0,
    -11, -15, 0, 0, 0, -13, 0, 0,
    -8, -16, -8, -8, 0, -28, 0, 0,
    -25, 0, -9, 0, 0, 0, -50, 0,
    0, 0, 0, 0, 0, 0, 0, 0,
    0, 0, 0, 0, 0, 0, 0, 0,
    0, 0, -4, -4, 0, 0, 0, 0,
    0, 0, 0, 0, 0, 0, 0, 0,
    0, 0, 0, 0, 0, 0, 0, 0,
    0, 0, 0, 0, 0, 0, 0, 0,
    0, 0, 0, 0, 0, 0, 0, 0,
    0, 0, 0, 0, 0, 0, 0, 0,
    0, 0, 0, 0, 0, -11, -1, -1,
    0, 0, 0, 0, 0, 0, 0, 0,
    3, 0, 0, 0, 0, 0, 0, 0,
    0, 0, 0, 0, 0, 0, 0, 0,
    0, 0, 0, 0, 0, 0, 0, 0,
    0, 0, 0, 0, 0, 0, 0, 0,
    0, 0, 0, 0, 0, 0, 0, 0,
    0, 0, 0, 0, -50, 0, 0, 0,
    0, 0, 0, 0, -4, 0, 0, 0,
    0, 0, 0, 0, 0, 0, 0, 0,
    -2, 0, 0, 0, 0, 0, 0, 0,
    0, 0, 0, 0, 0, 0, 0, 0,
    0, 0, 0, 0, 0, 0, 0, -13,
    0, 0, 0, 0, 0, 0, 0, 0,
    0, 0, 0, 0, 0, 0, 0, 0,
    0, 0, -12, -13, 0, 0, 0, 0,
    0, 0, 0, 0, 0, 0, 0, 0,
    0, 0, 0, 0, 0, 0, 0, 0,
    0, 0, 0, 0, 0, 0, 0, 0,
    0, 0, 0, 0, 0, 0, 0, 0,
    0, 0, 0, 0, -9, -9, 0, 0,
    0, 0, 0, 0, 0, 0, 0, 0,
    0, 0, 0, 0, 0, 0, 0, 0,
    0, 0, 0, 0, 0, 0, 0, 0,
    0, 0, 0, 0, 0, 0, 0, 0,
    0, 0, 0, 0, 0, 0, 0, -38,
    0, 0, 0, -38, 0, 0, 0, 0,
    0, 0, 0, 0, 0, 0, 0, 0,
    0, 0, 0, 0, 0, 0, 0, 0,
    0, 0, 0, 0, 0, 0, 0, 0,
    0, 0, 0, 0, 0, -22, -22, 0,
    0, 0, 0, 0, 0, 0, 0, 0,
    0, 0, 0, 0, 0, 0, 0, 0,
    0, 0, 0, 0, 0, 0, 0, 0,
    0, 0, 0, 0, 0, 0, 0, 0,
    0, 0, 0, 0, -22, 0, 0, -9,
    -13, 0, 0, 0, 0, 0, 0, 0,
    0, 0, 0, 0, 0, 0, 0, 0,
    0, 0, 0, 0, 0, 0, 0, 0,
    0, 0, 0, 0, 0, 0, 0, 0,
    0, 0, 0, -9, 0, 0, -9, 0,
    -9, 0, -9, 0, 0, 0, -9, 0,
    0, 0, 0, 0, -4, 0, 0, 0,
    0, 0, 0, 0, 0, 0
};


/*Collect the kern class' data in one place*/
static const lv_font_fmt_txt_kern_classes_t kern_classes =
{
    .class_pair_values   = kern_class_values,
    .left_class_mapping  = kern_left_class_mapping,
    .right_class_mapping = kern_right_class_mapping,
    .left_class_cnt      = 43,
    .right_class_cnt     = 42,
};

/*--------------------
 *  ALL CUSTOM DATA
 *--------------------*/

#if LVGL_VERSION_MAJOR == 8
/*Store all the custom data of the font*/
static  lv_font_fmt_txt_glyph_cache_t cache;
#endif

#if LVGL_VERSION_MAJOR >= 8
static const lv_font_fmt_txt_dsc_t font_dsc = {
#else
static lv_font_fmt_txt_dsc_t font_dsc = {
#endif
    .glyph_bitmap = glyph_bitmap,
    .glyph_dsc = glyph_dsc,
    .cmaps = cmaps,
    .kern_dsc = &kern_classes,
    .kern_scale = 16,
    .cmap_num = 3,
    .bpp = 4,
    .kern_classes = 1,
    .bitmap_format = 0,
#if LVGL_VERSION_MAJOR == 8
    .cache = &cache
#endif
};



/*-----------------
 *  PUBLIC FONT
 *----------------*/

/*Initialize a public general font descriptor*/
#if LVGL_VERSION_MAJOR >= 8
const lv_font_t kit_sans_28 = {
#else
lv_font_t kit_sans_28 = {
#endif
    .get_glyph_dsc = lv_font_get_glyph_dsc_fmt_txt,    /*Function pointer to get glyph's data*/
    .get_glyph_bitmap = lv_font_get_bitmap_fmt_txt,    /*Function pointer to get glyph's bitmap*/
    .line_height = 32,          /*The maximum line height required by the font*/
    .base_line = 6,             /*Baseline measured from the bottom of the line*/
#if !(LVGL_VERSION_MAJOR == 6 && LVGL_VERSION_MINOR == 0)
    .subpx = LV_FONT_SUBPX_NONE,
#endif
#if LV_VERSION_CHECK(7, 4, 0) || LVGL_VERSION_MAJOR >= 8
    .underline_position = -4,
    .underline_thickness = 1,
#endif
    .dsc = &font_dsc,          /*The custom font data. Will be accessed by `get_glyph_bitmap/dsc` */
#if LV_VERSION_CHECK(8, 2, 0) || LVGL_VERSION_MAJOR >= 9
    .fallback = NULL,
#endif
    .user_data = NULL,
};



#endif /*#if KIT_SANS_28*/

